2026-09-14 13:24:56,299 [Worker-6: Loading available Gradle versions] INFO  o.e.b.c.i.u.g.PublishedGradleVersions - Gradle version information cache is not available. Remote download required.
2026-09-14 13:47:00,078 [Worker-8: Loading available Gradle versions] INFO  o.e.b.c.i.u.g.PublishedGradleVersions - Gradle version information cache is up-to-date. Trying to read.
2026-09-14 14:44:08,831 [Worker-56: reload maven project] ERROR o.e.m.c.i.p.r.ProjectRegistryManager - Failed to read Maven project: Some problems were encountered while processing the POMs:
[FATAL] Non-readable POM C:\Users\andre\eclipse-workspace\proyecto_web2\web_2\pom.xml: input contained no data @ 

org.apache.maven.project.ProjectBuildingException: Some problems were encountered while processing the POMs:
[FATAL] Non-readable POM C:\Users\andre\eclipse-workspace\proyecto_web2\web_2\pom.xml: input contained no data @ 

	at org.eclipse.m2e.core.internal.IMavenToolbox.readMavenProjects(IMavenToolbox.java:140)
	at org.eclipse.m2e.core.internal.project.registry.ProjectRegistryManager.lambda$22(ProjectRegistryManager.java:948)
	at org.eclipse.m2e.core.internal.embedder.MavenExecutionContext.executeBare(MavenExecutionContext.java:462)
	at org.eclipse.m2e.core.internal.embedder.MavenExecutionContext.execute(MavenExecutionContext.java:342)
	at org.eclipse.m2e.core.internal.embedder.MavenExecutionContext.execute(MavenExecutionContext.java:281)
	at org.eclipse.m2e.core.internal.project.registry.ProjectRegistryManager.readProjectsWithDependencies(ProjectRegistryManager.java:944)
	at org.eclipse.m2e.core.internal.project.registry.ProjectRegistryManager.create(ProjectRegistryManager.java:219)
	at org.eclipse.m2e.core.internal.project.registry.MavenProjectManager.create(MavenProjectManager.java:105)
	at org.eclipse.m2e.core.ui.internal.actions.SelectionUtil.getMavenProject(SelectionUtil.java:239)
	at org.eclipse.m2e.editor.pom.MavenPomEditor.readMavenProject(MavenPomEditor.java:709)
	at org.eclipse.m2e.editor.pom.MavenPomEditor$4.run(MavenPomEditor.java:1029)
	at org.eclipse.core.internal.jobs.Worker.run(Worker.java:63)
2026-09-14 14:45:38,324 [Worker-60: reload maven project] INFO  o.e.m.c.i.e.AbstractTransferListenerAdapter - Downloading https://repo.maven.apache.org/maven2/org/springframework/boot/spring-boot-starter-parent/3.2.5/spring-boot-starter-parent-3.2.5.pom
2026-09-14 14:45:38,349 [Worker-60: reload maven project] INFO  o.e.m.c.i.e.AbstractTransferListenerAdapter - Downloaded https://repo.maven.apache.org/maven2/org/springframework/boot/spring-boot-starter-parent/3.2.5/spring-boot-starter-parent-3.2.5.pom
2026-09-14 14:45:38,440 [Worker-60: reload maven project] INFO  o.e.m.c.i.e.AbstractTransferListenerAdapter - Downloading https://repo.maven.apache.org/maven2/org/springframework/boot/spring-boot-dependencies/3.2.5/spring-boot-dependencies-3.2.5.pom
2026-09-14 14:45:38,487 [Worker-60: reload maven project] INFO  o.e.m.c.i.e.AbstractTransferListenerAdapter - Downloaded https://repo.maven.apache.org/maven2/org/springframework/boot/spring-boot-dependencies/3.2.5/spring-boot-dependencies-3.2.5.pom
2026-09-14 14:45:38,651 [Worker-60: reload maven project] INFO  o.e.m.c.i.e.AbstractTransferListenerAdapter - Downloading https://repo.maven.apache.org/maven2/org/assertj/assertj-bom/3.24.2/assertj-bom-3.24.2.pom
2026-09-14 14:45:38,666 [Worker-60: reload maven project] INFO  o.e.m.c.i.e.AbstractTransferListenerAdapter - Downloaded https://repo.maven.apache.org/maven2/org/assertj/assertj-bom/3.24.2/assertj-bom-3.24.2.pom
2026-09-14 14:45:38,746 [Worker-60: reload maven project] INFO  o.e.m.c.i.e.AbstractTransferListenerAdapter - Downloading https://repo.maven.apache.org/maven2/io/zipkin/brave/brave-bom/5.16.0/brave-bom-5.16.0.pom
2026-09-14 14:45:38,762 [Worker-60: reload maven project] INFO  o.e.m.c.i.e.AbstractTransferListenerAdapter - Downloaded https://repo.maven.apache.org/maven2/io/zipkin/brave/brave-bom/5.16.0/brave-bom-5.16.0.pom
2026-09-14 14:45:38,840 [Worker-60: reload maven project] INFO  o.e.m.c.i.e.AbstractTransferListenerAdapter - Downloading https://repo.maven.apache.org/maven2/io/zipkin/reporter2/zipkin-reporter-bom/2.16.3/zipkin-reporter-bom-2.16.3.pom
2026-09-14 14:45:38,853 [Worker-60: reload maven project] INFO  o.e.m.c.i.e.AbstractTransferListenerAdapter - Downloaded https://repo.maven.apache.org/maven2/io/zipkin/reporter2/zipkin-reporter-bom/2.16.3/zipkin-reporter-bom-2.16.3.pom
2026-09-14 14:45:38,946 [Worker-60: reload maven project] INFO  o.e.m.c.i.e.AbstractTransferListenerAdapter - Downloading https://repo.maven.apache.org/maven2/com/datastax/oss/java-driver-bom/4.17.0/java-driver-bom-4.17.0.pom
2026-09-14 14:45:38,958 [Worker-60: reload maven project] INFO  o.e.m.c.i.e.AbstractTransferListenerAdapter - Downloaded https://repo.maven.apache.org/maven2/com/datastax/oss/java-driver-bom/4.17.0/java-driver-bom-4.17.0.pom
2026-09-14 14:45:39,049 [Worker-60: reload maven project] INFO  o.e.m.c.i.e.AbstractTransferListenerAdapter - Downloading https://repo.maven.apache.org/maven2/io/dropwizard/metrics/metrics-bom/4.2.25/metrics-bom-4.2.25.pom
2026-09-14 14:45:39,060 [Worker-60: reload maven project] INFO  o.e.m.c.i.e.AbstractTransferListenerAdapter - Downloaded https://repo.maven.apache.org/maven2/io/dropwizard/metrics/metrics-bom/4.2.25/metrics-bom-4.2.25.pom
2026-09-14 14:45:39,142 [Worker-60: reload maven project] INFO  o.e.m.c.i.e.AbstractTransferListenerAdapter - Downloading https://repo.maven.apache.org/maven2/io/dropwizard/metrics/metrics-parent/4.2.25/metrics-parent-4.2.25.pom
2026-09-14 14:45:39,158 [Worker-60: reload maven project] INFO  o.e.m.c.i.e.AbstractTransferListenerAdapter - Downloaded https://repo.maven.apache.org/maven2/io/dropwizard/metrics/metrics-parent/4.2.25/metrics-parent-4.2.25.pom
2026-09-14 14:45:39,245 [Worker-60: reload maven project] INFO  o.e.m.c.i.e.AbstractTransferListenerAdapter - Downloading https://repo.maven.apache.org/maven2/org/glassfish/jaxb/jaxb-bom/4.0.5/jaxb-bom-4.0.5.pom
2026-09-14 14:45:39,258 [Worker-60: reload maven project] INFO  o.e.m.c.i.e.AbstractTransferListenerAdapter - Downloaded https://repo.maven.apache.org/maven2/org/glassfish/jaxb/jaxb-bom/4.0.5/jaxb-bom-4.0.5.pom
2026-09-14 14:45:39,350 [Worker-60: reload maven project] INFO  o.e.m.c.i.e.AbstractTransferListenerAdapter - Downloading https://repo.maven.apache.org/maven2/org/apache/groovy/groovy-bom/4.0.21/groovy-bom-4.0.21.pom
2026-09-14 14:45:39,361 [Worker-60: reload maven project] INFO  o.e.m.c.i.e.AbstractTransferListenerAdapter - Downloaded https://repo.maven.apache.org/maven2/org/apache/groovy/groovy-bom/4.0.21/groovy-bom-4.0.21.pom
2026-09-14 14:45:39,433 [Worker-60: reload maven project] INFO  o.e.m.c.i.e.AbstractTransferListenerAdapter - Downloading https://repo.maven.apache.org/maven2/org/infinispan/infinispan-bom/14.0.27.Final/infinispan-bom-14.0.27.Final.pom
2026-09-14 14:45:39,440 [Worker-60: reload maven project] INFO  o.e.m.c.i.e.AbstractTransferListenerAdapter - Downloaded https://repo.maven.apache.org/maven2/org/infinispan/infinispan-bom/14.0.27.Final/infinispan-bom-14.0.27.Final.pom
2026-09-14 14:45:39,511 [Worker-60: reload maven project] INFO  o.e.m.c.i.e.AbstractTransferListenerAdapter - Downloading https://repo.maven.apache.org/maven2/org/infinispan/infinispan-build-configuration-parent/14.0.27.Final/infinispan-build-configuration-parent-14.0.27.Final.pom
2026-09-14 14:45:39,524 [Worker-60: reload maven project] INFO  o.e.m.c.i.e.AbstractTransferListenerAdapter - Downloaded https://repo.maven.apache.org/maven2/org/infinispan/infinispan-build-configuration-parent/14.0.27.Final/infinispan-build-configuration-parent-14.0.27.Final.pom
2026-09-14 14:45:39,612 [Worker-60: reload maven project] INFO  o.e.m.c.i.e.AbstractTransferListenerAdapter - Downloading https://repo.maven.apache.org/maven2/org/jboss/jboss-parent/39/jboss-parent-39.pom
2026-09-14 14:45:39,627 [Worker-60: reload maven project] INFO  o.e.m.c.i.e.AbstractTransferListenerAdapter - Downloaded https://repo.maven.apache.org/maven2/org/jboss/jboss-parent/39/jboss-parent-39.pom
2026-09-14 14:45:39,721 [Worker-60: reload maven project] INFO  o.e.m.c.i.e.AbstractTransferListenerAdapter - Downloading https://repo.maven.apache.org/maven2/com/fasterxml/jackson/jackson-bom/2.15.4/jackson-bom-2.15.4.pom
2026-09-14 14:45:39,734 [Worker-60: reload maven project] INFO  o.e.m.c.i.e.AbstractTransferListenerAdapter - Downloaded https://repo.maven.apache.org/maven2/com/fasterxml/jackson/jackson-bom/2.15.4/jackson-bom-2.15.4.pom
2026-09-14 14:45:39,810 [Worker-60: reload maven project] INFO  o.e.m.c.i.e.AbstractTransferListenerAdapter - Downloading https://repo.maven.apache.org/maven2/com/fasterxml/jackson/jackson-parent/2.15/jackson-parent-2.15.pom
2026-09-14 14:45:39,822 [Worker-60: reload maven project] INFO  o.e.m.c.i.e.AbstractTransferListenerAdapter - Downloaded https://repo.maven.apache.org/maven2/com/fasterxml/jackson/jackson-parent/2.15/jackson-parent-2.15.pom
2026-09-14 14:45:39,895 [Worker-60: reload maven project] INFO  o.e.m.c.i.e.AbstractTransferListenerAdapter - Downloading https://repo.maven.apache.org/maven2/com/fasterxml/oss-parent/50/oss-parent-50.pom
2026-09-14 14:45:39,908 [Worker-60: reload maven project] INFO  o.e.m.c.i.e.AbstractTransferListenerAdapter - Downloaded https://repo.maven.apache.org/maven2/com/fasterxml/oss-parent/50/oss-parent-50.pom
2026-09-14 14:45:39,993 [Worker-60: reload maven project] INFO  o.e.m.c.i.e.AbstractTransferListenerAdapter - Downloading https://repo.maven.apache.org/maven2/org/glassfish/jersey/jersey-bom/3.1.6/jersey-bom-3.1.6.pom
2026-09-14 14:45:40,007 [Worker-60: reload maven project] INFO  o.e.m.c.i.e.AbstractTransferListenerAdapter - Downloaded https://repo.maven.apache.org/maven2/org/glassfish/jersey/jersey-bom/3.1.6/jersey-bom-3.1.6.pom
2026-09-14 14:45:40,099 [Worker-60: reload maven project] INFO  o.e.m.c.i.e.AbstractTransferListenerAdapter - Downloading https://repo.maven.apache.org/maven2/org/eclipse/ee4j/project/1.0.8/project-1.0.8.pom
2026-09-14 14:45:40,113 [Worker-60: reload maven project] INFO  o.e.m.c.i.e.AbstractTransferListenerAdapter - Downloaded https://repo.maven.apache.org/maven2/org/eclipse/ee4j/project/1.0.8/project-1.0.8.pom
2026-09-14 14:45:40,198 [Worker-60: reload maven project] INFO  o.e.m.c.i.e.AbstractTransferListenerAdapter - Downloading https://repo.maven.apache.org/maven2/org/eclipse/jetty/ee10/jetty-ee10-bom/12.0.8/jetty-ee10-bom-12.0.8.pom
2026-09-14 14:45:40,210 [Worker-60: reload maven project] INFO  o.e.m.c.i.e.AbstractTransferListenerAdapter - Downloaded https://repo.maven.apache.org/maven2/org/eclipse/jetty/ee10/jetty-ee10-bom/12.0.8/jetty-ee10-bom-12.0.8.pom
2026-09-14 14:45:40,295 [Worker-60: reload maven project] INFO  o.e.m.c.i.e.AbstractTransferListenerAdapter - Downloading https://repo.maven.apache.org/maven2/org/eclipse/jetty/jetty-bom/12.0.8/jetty-bom-12.0.8.pom
2026-09-14 14:45:40,307 [Worker-60: reload maven project] INFO  o.e.m.c.i.e.AbstractTransferListenerAdapter - Downloaded https://repo.maven.apache.org/maven2/org/eclipse/jetty/jetty-bom/12.0.8/jetty-bom-12.0.8.pom
2026-09-14 14:45:40,390 [Worker-60: reload maven project] INFO  o.e.m.c.i.e.AbstractTransferListenerAdapter - Downloading https://repo.maven.apache.org/maven2/org/jetbrains/kotlin/kotlin-bom/1.9.23/kotlin-bom-1.9.23.pom
2026-09-14 14:45:40,403 [Worker-60: reload maven project] INFO  o.e.m.c.i.e.AbstractTransferListenerAdapter - Downloaded https://repo.maven.apache.org/maven2/org/jetbrains/kotlin/kotlin-bom/1.9.23/kotlin-bom-1.9.23.pom
2026-09-14 14:45:40,478 [Worker-60: reload maven project] INFO  o.e.m.c.i.e.AbstractTransferListenerAdapter - Downloading https://repo.maven.apache.org/maven2/org/jetbrains/kotlinx/kotlinx-coroutines-bom/1.7.3/kotlinx-coroutines-bom-1.7.3.pom
2026-09-14 14:45:40,491 [Worker-60: reload maven project] INFO  o.e.m.c.i.e.AbstractTransferListenerAdapter - Downloaded https://repo.maven.apache.org/maven2/org/jetbrains/kotlinx/kotlinx-coroutines-bom/1.7.3/kotlinx-coroutines-bom-1.7.3.pom
2026-09-14 14:45:40,565 [Worker-60: reload maven project] INFO  o.e.m.c.i.e.AbstractTransferListenerAdapter - Downloading https://repo.maven.apache.org/maven2/org/jetbrains/kotlinx/kotlinx-serialization-bom/1.6.3/kotlinx-serialization-bom-1.6.3.pom
2026-09-14 14:45:40,580 [Worker-60: reload maven project] INFO  o.e.m.c.i.e.AbstractTransferListenerAdapter - Downloaded https://repo.maven.apache.org/maven2/org/jetbrains/kotlinx/kotlinx-serialization-bom/1.6.3/kotlinx-serialization-bom-1.6.3.pom
2026-09-14 14:45:40,652 [Worker-60: reload maven project] INFO  o.e.m.c.i.e.AbstractTransferListenerAdapter - Downloading https://repo.maven.apache.org/maven2/org/apache/logging/log4j/log4j-bom/2.21.1/log4j-bom-2.21.1.pom
2026-09-14 14:45:40,664 [Worker-60: reload maven project] INFO  o.e.m.c.i.e.AbstractTransferListenerAdapter - Downloaded https://repo.maven.apache.org/maven2/org/apache/logging/log4j/log4j-bom/2.21.1/log4j-bom-2.21.1.pom
2026-09-14 14:45:40,744 [Worker-60: reload maven project] INFO  o.e.m.c.i.e.AbstractTransferListenerAdapter - Downloading https://repo.maven.apache.org/maven2/org/apache/logging/logging-parent/10.1.1/logging-parent-10.1.1.pom
2026-09-14 14:45:40,755 [Worker-60: reload maven project] INFO  o.e.m.c.i.e.AbstractTransferListenerAdapter - Downloaded https://repo.maven.apache.org/maven2/org/apache/logging/logging-parent/10.1.1/logging-parent-10.1.1.pom
2026-09-14 14:45:40,830 [Worker-60: reload maven project] INFO  o.e.m.c.i.e.AbstractTransferListenerAdapter - Downloading https://repo.maven.apache.org/maven2/org/apache/apache/30/apache-30.pom
2026-09-14 14:45:40,840 [Worker-60: reload maven project] INFO  o.e.m.c.i.e.AbstractTransferListenerAdapter - Downloaded https://repo.maven.apache.org/maven2/org/apache/apache/30/apache-30.pom
2026-09-14 14:45:40,927 [Worker-60: reload maven project] INFO  o.e.m.c.i.e.AbstractTransferListenerAdapter - Downloading https://repo.maven.apache.org/maven2/io/micrometer/micrometer-bom/1.12.5/micrometer-bom-1.12.5.pom
2026-09-14 14:45:40,940 [Worker-60: reload maven project] INFO  o.e.m.c.i.e.AbstractTransferListenerAdapter - Downloaded https://repo.maven.apache.org/maven2/io/micrometer/micrometer-bom/1.12.5/micrometer-bom-1.12.5.pom
2026-09-14 14:45:41,013 [Worker-60: reload maven project] INFO  o.e.m.c.i.e.AbstractTransferListenerAdapter - Downloading https://repo.maven.apache.org/maven2/io/micrometer/micrometer-tracing-bom/1.2.5/micrometer-tracing-bom-1.2.5.pom
2026-09-14 14:45:41,023 [Worker-60: reload maven project] INFO  o.e.m.c.i.e.AbstractTransferListenerAdapter - Downloaded https://repo.maven.apache.org/maven2/io/micrometer/micrometer-tracing-bom/1.2.5/micrometer-tracing-bom-1.2.5.pom
2026-09-14 14:45:41,096 [Worker-60: reload maven project] INFO  o.e.m.c.i.e.AbstractTransferListenerAdapter - Downloading https://repo.maven.apache.org/maven2/org/mockito/mockito-bom/5.7.0/mockito-bom-5.7.0.pom
2026-09-14 14:45:41,107 [Worker-60: reload maven project] INFO  o.e.m.c.i.e.AbstractTransferListenerAdapter - Downloaded https://repo.maven.apache.org/maven2/org/mockito/mockito-bom/5.7.0/mockito-bom-5.7.0.pom
2026-09-14 14:45:41,188 [Worker-60: reload maven project] INFO  o.e.m.c.i.e.AbstractTransferListenerAdapter - Downloading https://repo.maven.apache.org/maven2/io/netty/netty-bom/4.1.109.Final/netty-bom-4.1.109.Final.pom
2026-09-14 14:45:41,197 [Worker-60: reload maven project] INFO  o.e.m.c.i.e.AbstractTransferListenerAdapter - Downloaded https://repo.maven.apache.org/maven2/io/netty/netty-bom/4.1.109.Final/netty-bom-4.1.109.Final.pom
2026-09-14 14:45:41,277 [Worker-60: reload maven project] INFO  o.e.m.c.i.e.AbstractTransferListenerAdapter - Downloading https://repo.maven.apache.org/maven2/com/squareup/okhttp3/okhttp-bom/4.12.0/okhttp-bom-4.12.0.pom
2026-09-14 14:45:41,287 [Worker-60: reload maven project] INFO  o.e.m.c.i.e.AbstractTransferListenerAdapter - Downloaded https://repo.maven.apache.org/maven2/com/squareup/okhttp3/okhttp-bom/4.12.0/okhttp-bom-4.12.0.pom
2026-09-14 14:45:41,369 [Worker-60: reload maven project] INFO  o.e.m.c.i.e.AbstractTransferListenerAdapter - Downloading https://repo.maven.apache.org/maven2/io/opentelemetry/opentelemetry-bom/1.31.0/opentelemetry-bom-1.31.0.pom
2026-09-14 14:45:41,378 [Worker-60: reload maven project] INFO  o.e.m.c.i.e.AbstractTransferListenerAdapter - Downloaded https://repo.maven.apache.org/maven2/io/opentelemetry/opentelemetry-bom/1.31.0/opentelemetry-bom-1.31.0.pom
2026-09-14 14:45:41,469 [Worker-60: reload maven project] INFO  o.e.m.c.i.e.AbstractTransferListenerAdapter - Downloading https://repo.maven.apache.org/maven2/com/oracle/database/jdbc/ojdbc-bom/21.9.0.0/ojdbc-bom-21.9.0.0.pom
2026-09-14 14:45:41,481 [Worker-60: reload maven project] INFO  o.e.m.c.i.e.AbstractTransferListenerAdapter - Downloaded https://repo.maven.apache.org/maven2/com/oracle/database/jdbc/ojdbc-bom/21.9.0.0/ojdbc-bom-21.9.0.0.pom
2026-09-14 14:45:41,571 [Worker-60: reload maven project] INFO  o.e.m.c.i.e.AbstractTransferListenerAdapter - Downloading https://repo.maven.apache.org/maven2/com/querydsl/querydsl-bom/5.0.0/querydsl-bom-5.0.0.pom
2026-09-14 14:45:41,577 [Worker-60: reload maven project] INFO  o.e.m.c.i.e.AbstractTransferListenerAdapter - Downloaded https://repo.maven.apache.org/maven2/com/querydsl/querydsl-bom/5.0.0/querydsl-bom-5.0.0.pom
2026-09-14 14:45:41,658 [Worker-60: reload maven project] INFO  o.e.m.c.i.e.AbstractTransferListenerAdapter - Downloading https://repo.maven.apache.org/maven2/io/projectreactor/reactor-bom/2023.0.5/reactor-bom-2023.0.5.pom
2026-09-14 14:45:41,667 [Worker-60: reload maven project] INFO  o.e.m.c.i.e.AbstractTransferListenerAdapter - Downloaded https://repo.maven.apache.org/maven2/io/projectreactor/reactor-bom/2023.0.5/reactor-bom-2023.0.5.pom
2026-09-14 14:45:41,757 [Worker-60: reload maven project] INFO  o.e.m.c.i.e.AbstractTransferListenerAdapter - Downloading https://repo.maven.apache.org/maven2/io/rest-assured/rest-assured-bom/5.3.2/rest-assured-bom-5.3.2.pom
2026-09-14 14:45:41,769 [Worker-60: reload maven project] INFO  o.e.m.c.i.e.AbstractTransferListenerAdapter - Downloaded https://repo.maven.apache.org/maven2/io/rest-assured/rest-assured-bom/5.3.2/rest-assured-bom-5.3.2.pom
2026-09-14 14:45:41,840 [Worker-60: reload maven project] INFO  o.e.m.c.i.e.AbstractTransferListenerAdapter - Downloading https://repo.maven.apache.org/maven2/io/rsocket/rsocket-bom/1.1.3/rsocket-bom-1.1.3.pom
2026-09-14 14:45:41,852 [Worker-60: reload maven project] INFO  o.e.m.c.i.e.AbstractTransferListenerAdapter - Downloaded https://repo.maven.apache.org/maven2/io/rsocket/rsocket-bom/1.1.3/rsocket-bom-1.1.3.pom
2026-09-14 14:45:41,931 [Worker-60: reload maven project] INFO  o.e.m.c.i.e.AbstractTransferListenerAdapter - Downloading https://repo.maven.apache.org/maven2/org/seleniumhq/selenium/selenium-bom/4.14.1/selenium-bom-4.14.1.pom
2026-09-14 14:45:41,940 [Worker-60: reload maven project] INFO  o.e.m.c.i.e.AbstractTransferListenerAdapter - Downloaded https://repo.maven.apache.org/maven2/org/seleniumhq/selenium/selenium-bom/4.14.1/selenium-bom-4.14.1.pom
2026-09-14 14:45:42,012 [Worker-60: reload maven project] INFO  o.e.m.c.i.e.AbstractTransferListenerAdapter - Downloading https://repo.maven.apache.org/maven2/org/springframework/amqp/spring-amqp-bom/3.1.4/spring-amqp-bom-3.1.4.pom
2026-09-14 14:45:42,022 [Worker-60: reload maven project] INFO  o.e.m.c.i.e.AbstractTransferListenerAdapter - Downloaded https://repo.maven.apache.org/maven2/org/springframework/amqp/spring-amqp-bom/3.1.4/spring-amqp-bom-3.1.4.pom
2026-09-14 14:45:42,096 [Worker-60: reload maven project] INFO  o.e.m.c.i.e.AbstractTransferListenerAdapter - Downloading https://repo.maven.apache.org/maven2/org/springframework/batch/spring-batch-bom/5.1.1/spring-batch-bom-5.1.1.pom
2026-09-14 14:45:42,108 [Worker-60: reload maven project] INFO  o.e.m.c.i.e.AbstractTransferListenerAdapter - Downloaded https://repo.maven.apache.org/maven2/org/springframework/batch/spring-batch-bom/5.1.1/spring-batch-bom-5.1.1.pom
2026-09-14 14:45:42,182 [Worker-60: reload maven project] INFO  o.e.m.c.i.e.AbstractTransferListenerAdapter - Downloading https://repo.maven.apache.org/maven2/org/springframework/data/spring-data-bom/2023.1.5/spring-data-bom-2023.1.5.pom
2026-09-14 14:45:42,192 [Worker-60: reload maven project] INFO  o.e.m.c.i.e.AbstractTransferListenerAdapter - Downloaded https://repo.maven.apache.org/maven2/org/springframework/data/spring-data-bom/2023.1.5/spring-data-bom-2023.1.5.pom
2026-09-14 14:45:42,263 [Worker-60: reload maven project] INFO  o.e.m.c.i.e.AbstractTransferListenerAdapter - Downloading https://repo.maven.apache.org/maven2/org/springframework/spring-framework-bom/6.1.6/spring-framework-bom-6.1.6.pom
2026-09-14 14:45:42,273 [Worker-60: reload maven project] INFO  o.e.m.c.i.e.AbstractTransferListenerAdapter - Downloaded https://repo.maven.apache.org/maven2/org/springframework/spring-framework-bom/6.1.6/spring-framework-bom-6.1.6.pom
2026-09-14 14:45:42,344 [Worker-60: reload maven project] INFO  o.e.m.c.i.e.AbstractTransferListenerAdapter - Downloading https://repo.maven.apache.org/maven2/org/springframework/integration/spring-integration-bom/6.2.4/spring-integration-bom-6.2.4.pom
2026-09-14 14:45:42,357 [Worker-60: reload maven project] INFO  o.e.m.c.i.e.AbstractTransferListenerAdapter - Downloaded https://repo.maven.apache.org/maven2/org/springframework/integration/spring-integration-bom/6.2.4/spring-integration-bom-6.2.4.pom
2026-09-14 14:45:42,433 [Worker-60: reload maven project] INFO  o.e.m.c.i.e.AbstractTransferListenerAdapter - Downloading https://repo.maven.apache.org/maven2/org/springframework/pulsar/spring-pulsar-bom/1.0.5/spring-pulsar-bom-1.0.5.pom
2026-09-14 14:45:42,445 [Worker-60: reload maven project] INFO  o.e.m.c.i.e.AbstractTransferListenerAdapter - Downloaded https://repo.maven.apache.org/maven2/org/springframework/pulsar/spring-pulsar-bom/1.0.5/spring-pulsar-bom-1.0.5.pom
2026-09-14 14:45:42,521 [Worker-60: reload maven project] INFO  o.e.m.c.i.e.AbstractTransferListenerAdapter - Downloading https://repo.maven.apache.org/maven2/org/springframework/restdocs/spring-restdocs-bom/3.0.1/spring-restdocs-bom-3.0.1.pom
2026-09-14 14:45:42,535 [Worker-60: reload maven project] INFO  o.e.m.c.i.e.AbstractTransferListenerAdapter - Downloaded https://repo.maven.apache.org/maven2/org/springframework/restdocs/spring-restdocs-bom/3.0.1/spring-restdocs-bom-3.0.1.pom
2026-09-14 14:45:42,628 [Worker-60: reload maven project] INFO  o.e.m.c.i.e.AbstractTransferListenerAdapter - Downloading https://repo.maven.apache.org/maven2/org/springframework/security/spring-security-bom/6.2.4/spring-security-bom-6.2.4.pom
2026-09-14 14:45:42,640 [Worker-60: reload maven project] INFO  o.e.m.c.i.e.AbstractTransferListenerAdapter - Downloaded https://repo.maven.apache.org/maven2/org/springframework/security/spring-security-bom/6.2.4/spring-security-bom-6.2.4.pom
2026-09-14 14:45:42,714 [Worker-60: reload maven project] INFO  o.e.m.c.i.e.AbstractTransferListenerAdapter - Downloading https://repo.maven.apache.org/maven2/org/springframework/session/spring-session-bom/3.2.2/spring-session-bom-3.2.2.pom
2026-09-14 14:45:42,726 [Worker-60: reload maven project] INFO  o.e.m.c.i.e.AbstractTransferListenerAdapter - Downloaded https://repo.maven.apache.org/maven2/org/springframework/session/spring-session-bom/3.2.2/spring-session-bom-3.2.2.pom
2026-09-14 14:45:42,801 [Worker-60: reload maven project] INFO  o.e.m.c.i.e.AbstractTransferListenerAdapter - Downloading https://repo.maven.apache.org/maven2/org/springframework/ws/spring-ws-bom/4.0.10/spring-ws-bom-4.0.10.pom
2026-09-14 14:45:42,813 [Worker-60: reload maven project] INFO  o.e.m.c.i.e.AbstractTransferListenerAdapter - Downloaded https://repo.maven.apache.org/maven2/org/springframework/ws/spring-ws-bom/4.0.10/spring-ws-bom-4.0.10.pom
2026-09-14 14:45:42,892 [Worker-60: reload maven project] INFO  o.e.m.c.i.e.AbstractTransferListenerAdapter - Downloading https://repo.maven.apache.org/maven2/org/testcontainers/testcontainers-bom/1.19.7/testcontainers-bom-1.19.7.pom
2026-09-14 14:45:42,906 [Worker-60: reload maven project] INFO  o.e.m.c.i.e.AbstractTransferListenerAdapter - Downloaded https://repo.maven.apache.org/maven2/org/testcontainers/testcontainers-bom/1.19.7/testcontainers-bom-1.19.7.pom
2026-09-14 14:45:43,111 [Worker-60: reload maven project] ERROR o.e.m2e.editor.pom.MavenPomEditor - failed to load maven project for org.eclipse.ui.part.FileEditorInput(/web_2/pom.xml)
org.eclipse.core.runtime.CoreException: Could not read maven project
	at org.eclipse.m2e.core.internal.project.registry.ProjectRegistryManager.readProjectWithDependencies(ProjectRegistryManager.java:922)
	at org.eclipse.m2e.core.internal.project.registry.MavenProjectCache$CacheLine.lambda$1(MavenProjectCache.java:192)
	at java.base/java.util.concurrent.ConcurrentHashMap.computeIfAbsent(ConcurrentHashMap.java:1708)
	at org.eclipse.m2e.core.internal.project.registry.MavenProjectCache$CacheLine.getProject(MavenProjectCache.java:191)
	at org.eclipse.m2e.core.internal.project.registry.MavenProjectCache.getMavenProject(MavenProjectCache.java:105)
	at org.eclipse.m2e.core.internal.project.registry.ProjectRegistryManager.lambda$24(ProjectRegistryManager.java:1106)
	at java.base/java.util.Map.computeIfAbsent(Map.java:1066)
	at org.eclipse.m2e.core.internal.project.registry.ProjectRegistryManager.getMavenProject(ProjectRegistryManager.java:1105)
	at org.eclipse.m2e.core.internal.project.registry.MavenProjectFacade.getMavenProject(MavenProjectFacade.java:290)
	at org.eclipse.m2e.core.ui.internal.actions.SelectionUtil.getMavenProject(SelectionUtil.java:241)
	at org.eclipse.m2e.editor.pom.MavenPomEditor.readMavenProject(MavenPomEditor.java:709)
	at org.eclipse.m2e.editor.pom.MavenPomEditor$4.run(MavenPomEditor.java:1029)
	at org.eclipse.core.internal.jobs.Worker.run(Worker.java:63)
2026-09-14 14:48:36,307 [Worker-61: reload maven project] ERROR o.e.m2e.editor.pom.MavenPomEditor - failed to load maven project for org.eclipse.ui.part.FileEditorInput(/web_2/src/pom.xml)
org.eclipse.core.runtime.CoreException: Could not read maven project
	at org.eclipse.m2e.core.internal.project.registry.ProjectRegistryManager.readProjectWithDependencies(ProjectRegistryManager.java:922)
	at org.eclipse.m2e.core.internal.project.registry.MavenProjectCache$CacheLine.lambda$1(MavenProjectCache.java:192)
	at java.base/java.util.concurrent.ConcurrentHashMap.computeIfAbsent(ConcurrentHashMap.java:1708)
	at org.eclipse.m2e.core.internal.project.registry.MavenProjectCache$CacheLine.getProject(MavenProjectCache.java:191)
	at org.eclipse.m2e.core.internal.project.registry.MavenProjectCache.getMavenProject(MavenProjectCache.java:105)
	at org.eclipse.m2e.core.internal.project.registry.ProjectRegistryManager.lambda$24(ProjectRegistryManager.java:1106)
	at java.base/java.util.Map.computeIfAbsent(Map.java:1066)
	at org.eclipse.m2e.core.internal.project.registry.ProjectRegistryManager.getMavenProject(ProjectRegistryManager.java:1105)
	at org.eclipse.m2e.core.internal.project.registry.MavenProjectFacade.getMavenProject(MavenProjectFacade.java:290)
	at org.eclipse.m2e.core.ui.internal.actions.SelectionUtil.getMavenProject(SelectionUtil.java:241)
	at org.eclipse.m2e.editor.pom.MavenPomEditor.readMavenProject(MavenPomEditor.java:709)
	at org.eclipse.m2e.editor.pom.MavenPomEditor$4.run(MavenPomEditor.java:1029)
	at org.eclipse.core.internal.jobs.Worker.run(Worker.java:63)
2026-09-14 14:49:57,274 [Worker-67: Enabling Maven Dependency Management] INFO  o.e.m.c.i.e.AbstractTransferListenerAdapter - Downloading https://repo.maven.apache.org/maven2/org/apache/maven/plugins/maven-resources-plugin/3.4.0/maven-resources-plugin-3.4.0.jar
2026-09-14 14:49:57,312 [Worker-67: Enabling Maven Dependency Management] INFO  o.e.m.c.i.e.AbstractTransferListenerAdapter - Downloaded https://repo.maven.apache.org/maven2/org/apache/maven/plugins/maven-resources-plugin/3.4.0/maven-resources-plugin-3.4.0.jar
2026-09-14 14:49:57,396 [Worker-67: Enabling Maven Dependency Management] INFO  o.e.m.c.i.e.AbstractTransferListenerAdapter - Downloading https://repo.maven.apache.org/maven2/org/apache/maven/plugins/maven-compiler-plugin/3.13.0/maven-compiler-plugin-3.13.0.jar
2026-09-14 14:49:57,439 [Worker-67: Enabling Maven Dependency Management] INFO  o.e.m.c.i.e.AbstractTransferListenerAdapter - Downloaded https://repo.maven.apache.org/maven2/org/apache/maven/plugins/maven-compiler-plugin/3.13.0/maven-compiler-plugin-3.13.0.jar
2026-09-14 14:49:57,521 [Worker-67: Enabling Maven Dependency Management] INFO  o.e.m.c.i.e.AbstractTransferListenerAdapter - Downloading https://repo.maven.apache.org/maven2/org/apache/maven/plugins/maven-surefire-plugin/3.5.4/maven-surefire-plugin-3.5.4.jar
2026-09-14 14:49:57,533 [Worker-67: Enabling Maven Dependency Management] INFO  o.e.m.c.i.e.AbstractTransferListenerAdapter - Downloaded https://repo.maven.apache.org/maven2/org/apache/maven/plugins/maven-surefire-plugin/3.5.4/maven-surefire-plugin-3.5.4.jar
2026-09-14 14:49:57,613 [Worker-67: Enabling Maven Dependency Management] INFO  o.e.m.c.i.e.AbstractTransferListenerAdapter - Downloading https://repo.maven.apache.org/maven2/org/apache/maven/plugins/maven-jar-plugin/3.5.0/maven-jar-plugin-3.5.0.jar
2026-09-14 14:49:57,623 [Worker-67: Enabling Maven Dependency Management] INFO  o.e.m.c.i.e.AbstractTransferListenerAdapter - Downloaded https://repo.maven.apache.org/maven2/org/apache/maven/plugins/maven-jar-plugin/3.5.0/maven-jar-plugin-3.5.0.jar
2026-09-14 14:49:57,718 [Worker-67: Enabling Maven Dependency Management] INFO  o.e.m.c.i.e.AbstractTransferListenerAdapter - Downloading https://repo.maven.apache.org/maven2/org/apache/maven/plugins/maven-compiler-plugin/3.13.0/maven-compiler-plugin-3.13.0.pom
2026-09-14 14:49:57,730 [Worker-67: Enabling Maven Dependency Management] INFO  o.e.m.c.i.e.AbstractTransferListenerAdapter - Downloaded https://repo.maven.apache.org/maven2/org/apache/maven/plugins/maven-compiler-plugin/3.13.0/maven-compiler-plugin-3.13.0.pom
2026-09-14 14:49:57,824 [Worker-67: Enabling Maven Dependency Management] INFO  o.e.m.c.i.e.AbstractTransferListenerAdapter - Downloading https://repo.maven.apache.org/maven2/org/apache/maven/plugins/maven-plugins/41/maven-plugins-41.pom
2026-09-14 14:49:57,837 [Worker-67: Enabling Maven Dependency Management] INFO  o.e.m.c.i.e.AbstractTransferListenerAdapter - Downloaded https://repo.maven.apache.org/maven2/org/apache/maven/plugins/maven-plugins/41/maven-plugins-41.pom
2026-09-14 14:49:58,052 [Worker-67: Enabling Maven Dependency Management] INFO  o.e.m.c.i.e.AbstractTransferListenerAdapter - Downloading https://repo.maven.apache.org/maven2/org/codehaus/plexus/plexus-java/1.2.0/plexus-java-1.2.0.pom
2026-09-14 14:49:58,065 [Worker-67: Enabling Maven Dependency Management] INFO  o.e.m.c.i.e.AbstractTransferListenerAdapter - Downloaded https://repo.maven.apache.org/maven2/org/codehaus/plexus/plexus-java/1.2.0/plexus-java-1.2.0.pom
2026-09-14 14:49:58,148 [Worker-67: Enabling Maven Dependency Management] INFO  o.e.m.c.i.e.AbstractTransferListenerAdapter - Downloading https://repo.maven.apache.org/maven2/org/codehaus/plexus/plexus-languages/1.2.0/plexus-languages-1.2.0.pom
2026-09-14 14:49:58,156 [Worker-67: Enabling Maven Dependency Management] INFO  o.e.m.c.i.e.AbstractTransferListenerAdapter - Downloaded https://repo.maven.apache.org/maven2/org/codehaus/plexus/plexus-languages/1.2.0/plexus-languages-1.2.0.pom
2026-09-14 14:49:58,240 [Worker-67: Enabling Maven Dependency Management] INFO  o.e.m.c.i.e.AbstractTransferListenerAdapter - Downloading https://repo.maven.apache.org/maven2/org/codehaus/plexus/plexus/15/plexus-15.pom
2026-09-14 14:49:58,254 [Worker-67: Enabling Maven Dependency Management] INFO  o.e.m.c.i.e.AbstractTransferListenerAdapter - Downloaded https://repo.maven.apache.org/maven2/org/codehaus/plexus/plexus/15/plexus-15.pom
2026-09-14 14:49:58,340 [Worker-67: Enabling Maven Dependency Management] INFO  o.e.m.c.i.e.AbstractTransferListenerAdapter - Downloading https://repo.maven.apache.org/maven2/org/junit/junit-bom/5.10.0/junit-bom-5.10.0.pom
2026-09-14 14:49:58,349 [Worker-67: Enabling Maven Dependency Management] INFO  o.e.m.c.i.e.AbstractTransferListenerAdapter - Downloaded https://repo.maven.apache.org/maven2/org/junit/junit-bom/5.10.0/junit-bom-5.10.0.pom
2026-09-14 14:49:58,432 [Worker-67: Enabling Maven Dependency Management] INFO  o.e.m.c.i.e.AbstractTransferListenerAdapter - Downloading https://repo.maven.apache.org/maven2/org/ow2/asm/asm/9.6/asm-9.6.pom
2026-09-14 14:49:58,447 [Worker-67: Enabling Maven Dependency Management] INFO  o.e.m.c.i.e.AbstractTransferListenerAdapter - Downloaded https://repo.maven.apache.org/maven2/org/ow2/asm/asm/9.6/asm-9.6.pom
2026-09-14 14:49:58,536 [Worker-67: Enabling Maven Dependency Management] INFO  o.e.m.c.i.e.AbstractTransferListenerAdapter - Downloading https://repo.maven.apache.org/maven2/com/thoughtworks/qdox/qdox/2.0.3/qdox-2.0.3.pom
2026-09-14 14:49:58,547 [Worker-67: Enabling Maven Dependency Management] INFO  o.e.m.c.i.e.AbstractTransferListenerAdapter - Downloaded https://repo.maven.apache.org/maven2/com/thoughtworks/qdox/qdox/2.0.3/qdox-2.0.3.pom
2026-09-14 14:49:58,641 [Worker-67: Enabling Maven Dependency Management] INFO  o.e.m.c.i.e.AbstractTransferListenerAdapter - Downloading https://repo.maven.apache.org/maven2/org/codehaus/plexus/plexus-compiler-api/2.15.0/plexus-compiler-api-2.15.0.pom
2026-09-14 14:49:58,655 [Worker-67: Enabling Maven Dependency Management] INFO  o.e.m.c.i.e.AbstractTransferListenerAdapter - Downloaded https://repo.maven.apache.org/maven2/org/codehaus/plexus/plexus-compiler-api/2.15.0/plexus-compiler-api-2.15.0.pom
2026-09-14 14:49:58,739 [Worker-67: Enabling Maven Dependency Management] INFO  o.e.m.c.i.e.AbstractTransferListenerAdapter - Downloading https://repo.maven.apache.org/maven2/org/codehaus/plexus/plexus-compiler/2.15.0/plexus-compiler-2.15.0.pom
2026-09-14 14:49:58,750 [Worker-67: Enabling Maven Dependency Management] INFO  o.e.m.c.i.e.AbstractTransferListenerAdapter - Downloaded https://repo.maven.apache.org/maven2/org/codehaus/plexus/plexus-compiler/2.15.0/plexus-compiler-2.15.0.pom
2026-09-14 14:49:58,830 [Worker-67: Enabling Maven Dependency Management] INFO  o.e.m.c.i.e.AbstractTransferListenerAdapter - Downloading https://repo.maven.apache.org/maven2/org/codehaus/plexus/plexus/17/plexus-17.pom
2026-09-14 14:49:58,844 [Worker-67: Enabling Maven Dependency Management] INFO  o.e.m.c.i.e.AbstractTransferListenerAdapter - Downloaded https://repo.maven.apache.org/maven2/org/codehaus/plexus/plexus/17/plexus-17.pom
2026-09-14 14:49:58,939 [Worker-67: Enabling Maven Dependency Management] INFO  o.e.m.c.i.e.AbstractTransferListenerAdapter - Downloading https://repo.maven.apache.org/maven2/org/codehaus/plexus/plexus-utils/4.0.0/plexus-utils-4.0.0.pom
2026-09-14 14:49:58,952 [Worker-67: Enabling Maven Dependency Management] INFO  o.e.m.c.i.e.AbstractTransferListenerAdapter - Downloaded https://repo.maven.apache.org/maven2/org/codehaus/plexus/plexus-utils/4.0.0/plexus-utils-4.0.0.pom
2026-09-14 14:49:59,041 [Worker-67: Enabling Maven Dependency Management] INFO  o.e.m.c.i.e.AbstractTransferListenerAdapter - Downloading https://repo.maven.apache.org/maven2/org/codehaus/plexus/plexus-compiler-manager/2.15.0/plexus-compiler-manager-2.15.0.pom
2026-09-14 14:49:59,053 [Worker-67: Enabling Maven Dependency Management] INFO  o.e.m.c.i.e.AbstractTransferListenerAdapter - Downloaded https://repo.maven.apache.org/maven2/org/codehaus/plexus/plexus-compiler-manager/2.15.0/plexus-compiler-manager-2.15.0.pom
2026-09-14 14:49:59,132 [Worker-67: Enabling Maven Dependency Management] INFO  o.e.m.c.i.e.AbstractTransferListenerAdapter - Downloading https://repo.maven.apache.org/maven2/org/codehaus/plexus/plexus-xml/3.0.0/plexus-xml-3.0.0.pom
2026-09-14 14:49:59,144 [Worker-67: Enabling Maven Dependency Management] INFO  o.e.m.c.i.e.AbstractTransferListenerAdapter - Downloaded https://repo.maven.apache.org/maven2/org/codehaus/plexus/plexus-xml/3.0.0/plexus-xml-3.0.0.pom
2026-09-14 14:49:59,221 [Worker-67: Enabling Maven Dependency Management] INFO  o.e.m.c.i.e.AbstractTransferListenerAdapter - Downloading https://repo.maven.apache.org/maven2/org/codehaus/plexus/plexus-compiler-javac/2.15.0/plexus-compiler-javac-2.15.0.pom
2026-09-14 14:49:59,232 [Worker-67: Enabling Maven Dependency Management] INFO  o.e.m.c.i.e.AbstractTransferListenerAdapter - Downloaded https://repo.maven.apache.org/maven2/org/codehaus/plexus/plexus-compiler-javac/2.15.0/plexus-compiler-javac-2.15.0.pom
2026-09-14 14:49:59,313 [Worker-67: Enabling Maven Dependency Management] INFO  o.e.m.c.i.e.AbstractTransferListenerAdapter - Downloading https://repo.maven.apache.org/maven2/org/codehaus/plexus/plexus-compilers/2.15.0/plexus-compilers-2.15.0.pom
2026-09-14 14:49:59,327 [Worker-67: Enabling Maven Dependency Management] INFO  o.e.m.c.i.e.AbstractTransferListenerAdapter - Downloaded https://repo.maven.apache.org/maven2/org/codehaus/plexus/plexus-compilers/2.15.0/plexus-compilers-2.15.0.pom
2026-09-14 14:49:59,433 [Worker-67: Enabling Maven Dependency Management] INFO  o.e.m.c.i.e.AbstractTransferListenerAdapter - Downloading https://repo.maven.apache.org/maven2/org/codehaus/plexus/plexus-java/1.2.0/plexus-java-1.2.0.jar
2026-09-14 14:49:59,447 [Worker-67: Enabling Maven Dependency Management] INFO  o.e.m.c.i.e.AbstractTransferListenerAdapter - Downloaded https://repo.maven.apache.org/maven2/org/codehaus/plexus/plexus-java/1.2.0/plexus-java-1.2.0.jar
2026-09-14 14:49:59,512 [BasicRepositoryConnector-repo.maven.apache.org-0-1] INFO  o.e.m.c.i.e.AbstractTransferListenerAdapter - Downloading https://repo.maven.apache.org/maven2/com/thoughtworks/qdox/qdox/2.0.3/qdox-2.0.3.jar
2026-09-14 14:49:59,599 [BasicRepositoryConnector-repo.maven.apache.org-0-1] INFO  o.e.m.c.i.e.AbstractTransferListenerAdapter - Downloaded https://repo.maven.apache.org/maven2/com/thoughtworks/qdox/qdox/2.0.3/qdox-2.0.3.jar
2026-09-14 14:49:59,603 [BasicRepositoryConnector-repo.maven.apache.org-0-2] INFO  o.e.m.c.i.e.AbstractTransferListenerAdapter - Downloading https://repo.maven.apache.org/maven2/org/codehaus/plexus/plexus-compiler-api/2.15.0/plexus-compiler-api-2.15.0.jar
2026-09-14 14:49:59,623 [BasicRepositoryConnector-repo.maven.apache.org-0-3] INFO  o.e.m.c.i.e.AbstractTransferListenerAdapter - Downloading https://repo.maven.apache.org/maven2/org/codehaus/plexus/plexus-compiler-manager/2.15.0/plexus-compiler-manager-2.15.0.jar
2026-09-14 14:49:59,627 [BasicRepositoryConnector-repo.maven.apache.org-0-4] INFO  o.e.m.c.i.e.AbstractTransferListenerAdapter - Downloading https://repo.maven.apache.org/maven2/org/codehaus/plexus/plexus-xml/3.0.0/plexus-xml-3.0.0.jar
2026-09-14 14:49:59,629 [BasicRepositoryConnector-repo.maven.apache.org-0-0] INFO  o.e.m.c.i.e.AbstractTransferListenerAdapter - Downloading https://repo.maven.apache.org/maven2/org/ow2/asm/asm/9.6/asm-9.6.jar
2026-09-14 14:49:59,633 [BasicRepositoryConnector-repo.maven.apache.org-0-3] INFO  o.e.m.c.i.e.AbstractTransferListenerAdapter - Downloaded https://repo.maven.apache.org/maven2/org/codehaus/plexus/plexus-compiler-manager/2.15.0/plexus-compiler-manager-2.15.0.jar
2026-09-14 14:49:59,638 [BasicRepositoryConnector-repo.maven.apache.org-0-2] INFO  o.e.m.c.i.e.AbstractTransferListenerAdapter - Downloaded https://repo.maven.apache.org/maven2/org/codehaus/plexus/plexus-compiler-api/2.15.0/plexus-compiler-api-2.15.0.jar
2026-09-14 14:49:59,662 [BasicRepositoryConnector-repo.maven.apache.org-0-1] INFO  o.e.m.c.i.e.AbstractTransferListenerAdapter - Downloading https://repo.maven.apache.org/maven2/org/codehaus/plexus/plexus-compiler-javac/2.15.0/plexus-compiler-javac-2.15.0.jar
2026-09-14 14:49:59,668 [BasicRepositoryConnector-repo.maven.apache.org-0-1] INFO  o.e.m.c.i.e.AbstractTransferListenerAdapter - Downloaded https://repo.maven.apache.org/maven2/org/codehaus/plexus/plexus-compiler-javac/2.15.0/plexus-compiler-javac-2.15.0.jar
2026-09-14 14:49:59,699 [BasicRepositoryConnector-repo.maven.apache.org-0-3] INFO  o.e.m.c.i.e.AbstractTransferListenerAdapter - Downloading https://repo.maven.apache.org/maven2/org/codehaus/plexus/plexus-utils/4.0.0/plexus-utils-4.0.0.jar
2026-09-14 14:49:59,726 [BasicRepositoryConnector-repo.maven.apache.org-0-4] INFO  o.e.m.c.i.e.AbstractTransferListenerAdapter - Downloaded https://repo.maven.apache.org/maven2/org/codehaus/plexus/plexus-xml/3.0.0/plexus-xml-3.0.0.jar
2026-09-14 14:49:59,737 [BasicRepositoryConnector-repo.maven.apache.org-0-0] INFO  o.e.m.c.i.e.AbstractTransferListenerAdapter - Downloaded https://repo.maven.apache.org/maven2/org/ow2/asm/asm/9.6/asm-9.6.jar
2026-09-14 14:49:59,790 [BasicRepositoryConnector-repo.maven.apache.org-0-3] INFO  o.e.m.c.i.e.AbstractTransferListenerAdapter - Downloaded https://repo.maven.apache.org/maven2/org/codehaus/plexus/plexus-utils/4.0.0/plexus-utils-4.0.0.jar
2026-09-14 14:50:00,007 [Worker-67: Enabling Maven Dependency Management] INFO  o.e.m.c.i.l.LifecycleMappingFactory - Using org.eclipse.m2e.jdt.JarLifecycleMapping lifecycle mapping for MavenProject: web_2:web_2:0.0.1-SNAPSHOT @ C:\Users\andre\eclipse-workspace\proyecto_web2\web_2\pom.xml.
2026-09-14 14:50:00,083 [Worker-67: Enabling Maven Dependency Management] INFO  o.e.m.c.i.e.AbstractTransferListenerAdapter - Downloading https://repo.maven.apache.org/maven2/org/apache/maven/plugins/maven-resources-plugin/3.4.0/maven-resources-plugin-3.4.0.pom
2026-09-14 14:50:00,094 [Worker-67: Enabling Maven Dependency Management] INFO  o.e.m.c.i.e.AbstractTransferListenerAdapter - Downloaded https://repo.maven.apache.org/maven2/org/apache/maven/plugins/maven-resources-plugin/3.4.0/maven-resources-plugin-3.4.0.pom
2026-09-14 14:50:00,168 [Worker-67: Enabling Maven Dependency Management] INFO  o.e.m.c.i.e.AbstractTransferListenerAdapter - Downloading https://repo.maven.apache.org/maven2/org/apache/maven/plugins/maven-plugins/45/maven-plugins-45.pom
2026-09-14 14:50:00,180 [Worker-67: Enabling Maven Dependency Management] INFO  o.e.m.c.i.e.AbstractTransferListenerAdapter - Downloaded https://repo.maven.apache.org/maven2/org/apache/maven/plugins/maven-plugins/45/maven-plugins-45.pom
2026-09-14 14:50:00,297 [Worker-67: Enabling Maven Dependency Management] INFO  o.e.m.c.i.e.AbstractTransferListenerAdapter - Downloading https://repo.maven.apache.org/maven2/org/apache/maven/plugins/maven-surefire-plugin/3.5.4/maven-surefire-plugin-3.5.4.pom
2026-09-14 14:50:00,303 [Worker-67: Enabling Maven Dependency Management] INFO  o.e.m.c.i.e.AbstractTransferListenerAdapter - Downloaded https://repo.maven.apache.org/maven2/org/apache/maven/plugins/maven-surefire-plugin/3.5.4/maven-surefire-plugin-3.5.4.pom
2026-09-14 14:50:00,377 [Worker-67: Enabling Maven Dependency Management] INFO  o.e.m.c.i.e.AbstractTransferListenerAdapter - Downloading https://repo.maven.apache.org/maven2/org/apache/maven/surefire/surefire/3.5.4/surefire-3.5.4.pom
2026-09-14 14:50:00,387 [Worker-67: Enabling Maven Dependency Management] INFO  o.e.m.c.i.e.AbstractTransferListenerAdapter - Downloaded https://repo.maven.apache.org/maven2/org/apache/maven/surefire/surefire/3.5.4/surefire-3.5.4.pom
2026-09-14 14:50:00,495 [Worker-67: Enabling Maven Dependency Management] INFO  o.e.m.c.i.e.AbstractTransferListenerAdapter - Downloading https://repo.maven.apache.org/maven2/org/apache/maven/plugins/maven-jar-plugin/3.5.0/maven-jar-plugin-3.5.0.pom
2026-09-14 14:50:00,504 [Worker-67: Enabling Maven Dependency Management] INFO  o.e.m.c.i.e.AbstractTransferListenerAdapter - Downloaded https://repo.maven.apache.org/maven2/org/apache/maven/plugins/maven-jar-plugin/3.5.0/maven-jar-plugin-3.5.0.pom
2026-09-14 14:50:00,636 [Worker-67: Enabling Maven Dependency Management] INFO  o.e.m.c.i.e.AbstractTransferListenerAdapter - Downloading https://repo.maven.apache.org/maven2/org/apache/maven/maven-archiver/3.6.5/maven-archiver-3.6.5.pom
2026-09-14 14:50:00,647 [Worker-67: Enabling Maven Dependency Management] INFO  o.e.m.c.i.e.AbstractTransferListenerAdapter - Downloaded https://repo.maven.apache.org/maven2/org/apache/maven/maven-archiver/3.6.5/maven-archiver-3.6.5.pom
2026-09-14 14:50:00,765 [Worker-67: Enabling Maven Dependency Management] INFO  o.e.m.c.i.e.AbstractTransferListenerAdapter - Downloading https://repo.maven.apache.org/maven2/commons-io/commons-io/2.16.1/commons-io-2.16.1.pom
2026-09-14 14:50:00,776 [Worker-67: Enabling Maven Dependency Management] INFO  o.e.m.c.i.e.AbstractTransferListenerAdapter - Downloaded https://repo.maven.apache.org/maven2/commons-io/commons-io/2.16.1/commons-io-2.16.1.pom
2026-09-14 14:50:00,927 [Worker-67: Enabling Maven Dependency Management] INFO  o.e.m.c.i.e.AbstractTransferListenerAdapter - Downloading https://repo.maven.apache.org/maven2/commons-io/commons-io/2.21.0/commons-io-2.21.0.pom
2026-09-14 14:50:00,936 [Worker-67: Enabling Maven Dependency Management] INFO  o.e.m.c.i.e.AbstractTransferListenerAdapter - Downloaded https://repo.maven.apache.org/maven2/commons-io/commons-io/2.21.0/commons-io-2.21.0.pom
2026-09-14 14:50:01,032 [Worker-67: Enabling Maven Dependency Management] INFO  o.e.m.c.i.e.AbstractTransferListenerAdapter - Downloading https://repo.maven.apache.org/maven2/org/apache/commons/commons-parent/91/commons-parent-91.pom
2026-09-14 14:50:01,041 [Worker-67: Enabling Maven Dependency Management] INFO  o.e.m.c.i.e.AbstractTransferListenerAdapter - Downloaded https://repo.maven.apache.org/maven2/org/apache/commons/commons-parent/91/commons-parent-91.pom
2026-09-14 14:50:01,146 [Worker-67: Enabling Maven Dependency Management] INFO  o.e.m.c.i.e.AbstractTransferListenerAdapter - Downloading https://repo.maven.apache.org/maven2/org/apache/maven/maven-archiver/3.6.5/maven-archiver-3.6.5.jar
2026-09-14 14:50:01,154 [Worker-67: Enabling Maven Dependency Management] INFO  o.e.m.c.i.e.AbstractTransferListenerAdapter - Downloaded https://repo.maven.apache.org/maven2/org/apache/maven/maven-archiver/3.6.5/maven-archiver-3.6.5.jar
2026-09-14 14:50:01,217 [BasicRepositoryConnector-repo.maven.apache.org-1-2] INFO  o.e.m.c.i.e.AbstractTransferListenerAdapter - Downloading https://repo.maven.apache.org/maven2/commons-io/commons-io/2.21.0/commons-io-2.21.0.jar
2026-09-14 14:50:01,219 [BasicRepositoryConnector-repo.maven.apache.org-1-1] INFO  o.e.m.c.i.e.AbstractTransferListenerAdapter - Downloading https://repo.maven.apache.org/maven2/com/github/luben/zstd-jni/1.5.7-6/zstd-jni-1.5.7-6.jar
2026-09-14 14:50:01,243 [BasicRepositoryConnector-repo.maven.apache.org-1-0] INFO  o.e.m.c.i.e.AbstractTransferListenerAdapter - Downloading https://repo.maven.apache.org/maven2/org/codehaus/plexus/plexus-archiver/4.10.4/plexus-archiver-4.10.4.jar
2026-09-14 14:50:01,293 [BasicRepositoryConnector-repo.maven.apache.org-1-0] INFO  o.e.m.c.i.e.AbstractTransferListenerAdapter - Downloaded https://repo.maven.apache.org/maven2/org/codehaus/plexus/plexus-archiver/4.10.4/plexus-archiver-4.10.4.jar
2026-09-14 14:50:01,431 [BasicRepositoryConnector-repo.maven.apache.org-1-2] INFO  o.e.m.c.i.e.AbstractTransferListenerAdapter - Downloaded https://repo.maven.apache.org/maven2/commons-io/commons-io/2.21.0/commons-io-2.21.0.jar
2026-09-14 14:50:03,698 [BasicRepositoryConnector-repo.maven.apache.org-1-1] INFO  o.e.m.c.i.e.AbstractTransferListenerAdapter - Downloaded https://repo.maven.apache.org/maven2/com/github/luben/zstd-jni/1.5.7-6/zstd-jni-1.5.7-6.jar
2026-09-14 14:50:04,202 [Worker-67: Enabling Maven Dependency Management] INFO  o.e.m.c.i.e.AbstractTransferListenerAdapter - Downloading https://repo.maven.apache.org/maven2/org/apache/maven/shared/maven-filtering/3.4.0/maven-filtering-3.4.0.pom
2026-09-14 14:50:04,211 [Worker-67: Enabling Maven Dependency Management] INFO  o.e.m.c.i.e.AbstractTransferListenerAdapter - Downloaded https://repo.maven.apache.org/maven2/org/apache/maven/shared/maven-filtering/3.4.0/maven-filtering-3.4.0.pom
2026-09-14 14:50:04,285 [Worker-67: Enabling Maven Dependency Management] INFO  o.e.m.c.i.e.AbstractTransferListenerAdapter - Downloading https://repo.maven.apache.org/maven2/org/apache/maven/shared/maven-shared-components/43/maven-shared-components-43.pom
2026-09-14 14:50:04,296 [Worker-67: Enabling Maven Dependency Management] INFO  o.e.m.c.i.e.AbstractTransferListenerAdapter - Downloaded https://repo.maven.apache.org/maven2/org/apache/maven/shared/maven-shared-components/43/maven-shared-components-43.pom
2026-09-14 14:50:04,392 [Worker-67: Enabling Maven Dependency Management] INFO  o.e.m.c.i.e.AbstractTransferListenerAdapter - Downloading https://repo.maven.apache.org/maven2/org/codehaus/plexus/plexus-interpolation/1.27/plexus-interpolation-1.27.pom
2026-09-14 14:50:04,401 [Worker-67: Enabling Maven Dependency Management] INFO  o.e.m.c.i.e.AbstractTransferListenerAdapter - Downloaded https://repo.maven.apache.org/maven2/org/codehaus/plexus/plexus-interpolation/1.27/plexus-interpolation-1.27.pom
2026-09-14 14:50:04,470 [Worker-67: Enabling Maven Dependency Management] INFO  o.e.m.c.i.e.AbstractTransferListenerAdapter - Downloading https://repo.maven.apache.org/maven2/org/codehaus/plexus/plexus/16/plexus-16.pom
2026-09-14 14:50:04,482 [Worker-67: Enabling Maven Dependency Management] INFO  o.e.m.c.i.e.AbstractTransferListenerAdapter - Downloaded https://repo.maven.apache.org/maven2/org/codehaus/plexus/plexus/16/plexus-16.pom
2026-09-14 14:50:04,555 [Worker-67: Enabling Maven Dependency Management] INFO  o.e.m.c.i.e.AbstractTransferListenerAdapter - Downloading https://repo.maven.apache.org/maven2/org/junit/junit-bom/5.10.1/junit-bom-5.10.1.pom
2026-09-14 14:50:04,568 [Worker-67: Enabling Maven Dependency Management] INFO  o.e.m.c.i.e.AbstractTransferListenerAdapter - Downloaded https://repo.maven.apache.org/maven2/org/junit/junit-bom/5.10.1/junit-bom-5.10.1.pom
2026-09-14 14:50:04,642 [Worker-67: Enabling Maven Dependency Management] INFO  o.e.m.c.i.e.AbstractTransferListenerAdapter - Downloading https://repo.maven.apache.org/maven2/org/apache/commons/commons-lang3/3.16.0/commons-lang3-3.16.0.pom
2026-09-14 14:50:04,656 [Worker-67: Enabling Maven Dependency Management] INFO  o.e.m.c.i.e.AbstractTransferListenerAdapter - Downloaded https://repo.maven.apache.org/maven2/org/apache/commons/commons-lang3/3.16.0/commons-lang3-3.16.0.pom
2026-09-14 14:50:04,740 [Worker-67: Enabling Maven Dependency Management] INFO  o.e.m.c.i.e.AbstractTransferListenerAdapter - Downloading https://repo.maven.apache.org/maven2/org/apache/commons/commons-parent/72/commons-parent-72.pom
2026-09-14 14:50:04,748 [Worker-67: Enabling Maven Dependency Management] INFO  o.e.m.c.i.e.AbstractTransferListenerAdapter - Downloaded https://repo.maven.apache.org/maven2/org/apache/commons/commons-parent/72/commons-parent-72.pom
2026-09-14 14:50:04,818 [Worker-67: Enabling Maven Dependency Management] INFO  o.e.m.c.i.e.AbstractTransferListenerAdapter - Downloading https://repo.maven.apache.org/maven2/org/junit/junit-bom/5.11.0-M2/junit-bom-5.11.0-M2.pom
2026-09-14 14:50:04,824 [Worker-67: Enabling Maven Dependency Management] INFO  o.e.m.c.i.e.AbstractTransferListenerAdapter - Downloaded https://repo.maven.apache.org/maven2/org/junit/junit-bom/5.11.0-M2/junit-bom-5.11.0-M2.pom
2026-09-14 14:50:04,906 [Worker-67: Enabling Maven Dependency Management] INFO  o.e.m.c.i.e.AbstractTransferListenerAdapter - Downloading https://repo.maven.apache.org/maven2/org/apache/maven/shared/maven-filtering/3.4.0/maven-filtering-3.4.0.jar
2026-09-14 14:50:04,940 [Worker-67: Enabling Maven Dependency Management] INFO  o.e.m.c.i.e.AbstractTransferListenerAdapter - Downloaded https://repo.maven.apache.org/maven2/org/apache/maven/shared/maven-filtering/3.4.0/maven-filtering-3.4.0.jar
2026-09-14 14:50:04,998 [BasicRepositoryConnector-repo.maven.apache.org-2-1] INFO  o.e.m.c.i.e.AbstractTransferListenerAdapter - Downloading https://repo.maven.apache.org/maven2/commons-io/commons-io/2.16.1/commons-io-2.16.1.jar
2026-09-14 14:50:05,002 [BasicRepositoryConnector-repo.maven.apache.org-2-0] INFO  o.e.m.c.i.e.AbstractTransferListenerAdapter - Downloading https://repo.maven.apache.org/maven2/org/codehaus/plexus/plexus-interpolation/1.27/plexus-interpolation-1.27.jar
2026-09-14 14:50:05,066 [BasicRepositoryConnector-repo.maven.apache.org-2-0] INFO  o.e.m.c.i.e.AbstractTransferListenerAdapter - Downloaded https://repo.maven.apache.org/maven2/org/codehaus/plexus/plexus-interpolation/1.27/plexus-interpolation-1.27.jar
2026-09-14 14:50:05,168 [BasicRepositoryConnector-repo.maven.apache.org-2-1] INFO  o.e.m.c.i.e.AbstractTransferListenerAdapter - Downloaded https://repo.maven.apache.org/maven2/commons-io/commons-io/2.16.1/commons-io-2.16.1.jar
2026-09-14 14:50:05,207 [Worker-61: Building] WARN  o.a.m.s.f.DefaultMavenResourcesFiltering - Using platform encoding (UTF-8 actually) to copy filtered resources, i.e. build is platform dependent!
2026-09-14 14:50:05,211 [Worker-61: Building] INFO  o.a.m.s.f.DefaultMavenResourcesFiltering - Copying 2 resources from src to target\classes
2026-09-14 14:50:05,219 [Worker-61: Building] WARN  o.a.m.s.f.DefaultMavenResourcesFiltering - Using platform encoding (UTF-8 actually) to copy filtered resources, i.e. build is platform dependent!
2026-09-14 14:50:05,219 [Worker-61: Building] INFO  o.a.m.s.f.DefaultMavenResourcesFiltering - skip non existing resourceDirectory C:\Users\andre\eclipse-workspace\proyecto_web2\web_2\src\test\resources
2026-09-14 14:50:05,426 [Worker-67: Enabling Maven Dependency Management] INFO  o.e.m.j.i.AbstractJavaProjectConfigurator - Adding source folder /web_2/src
2026-09-14 14:50:05,427 [Worker-67: Enabling Maven Dependency Management] INFO  o.e.m.j.i.AbstractJavaProjectConfigurator - Resources folder /web_2/src overlaps with sources folder /web_2/src
2026-09-14 14:50:05,428 [Worker-67: Enabling Maven Dependency Management] INFO  o.e.m.j.i.AbstractJavaProjectConfigurator - Not adding source folder /web_2/src/test/java because it overlaps with /web_2/src
2026-09-14 14:50:05,429 [Worker-67: Enabling Maven Dependency Management] INFO  o.e.m.j.i.AbstractJavaProjectConfigurator - Resources folder /web_2/src/test/resources overlaps with sources folder /web_2/src
2026-09-14 14:50:05,514 [Worker-67: Enabling Maven Dependency Management] WARN  o.apache.maven.project.MavenProject - Plugin is modifying compileSourceRoots through clear(), which will not work in Maven 4.0.0. Use MavenProject.addCompileSourceRoot()/removeCompileSourceRoot() methods instead. If using a plugin, please upgrade to the latest version or report the issue to the plugin maintainer. To disable these warnings, set -Dmaven.project.sourceRoots.warningsDisabled=true on the command line, in the .mvn/maven.config file, or in project POM properties.
2026-09-14 14:50:05,514 [Worker-67: Enabling Maven Dependency Management] WARN  o.apache.maven.project.MavenProject - Plugin is modifying compileSourceRoots through add(), which will not work in Maven 4.0.0. Use MavenProject.addCompileSourceRoot()/removeCompileSourceRoot() methods instead. If using a plugin, please upgrade to the latest version or report the issue to the plugin maintainer. To disable these warnings, set -Dmaven.project.sourceRoots.warningsDisabled=true on the command line, in the .mvn/maven.config file, or in project POM properties.
2026-09-14 14:50:05,515 [Worker-67: Enabling Maven Dependency Management] WARN  o.apache.maven.project.MavenProject - Plugin is modifying testCompileSourceRoots through clear(), which will not work in Maven 4.0.0. Use MavenProject.addTestCompileSourceRoot()/removeTestCompileSourceRoot() methods instead. If using a plugin, please upgrade to the latest version or report the issue to the plugin maintainer. To disable these warnings, set -Dmaven.project.sourceRoots.warningsDisabled=true on the command line, in the .mvn/maven.config file, or in project POM properties.
2026-09-14 14:50:05,515 [Worker-67: Enabling Maven Dependency Management] WARN  o.apache.maven.project.MavenProject - Plugin is modifying testCompileSourceRoots through add(), which will not work in Maven 4.0.0. Use MavenProject.addTestCompileSourceRoot()/removeTestCompileSourceRoot() methods instead. If using a plugin, please upgrade to the latest version or report the issue to the plugin maintainer. To disable these warnings, set -Dmaven.project.sourceRoots.warningsDisabled=true on the command line, in the .mvn/maven.config file, or in project POM properties.
2026-09-14 14:50:05,541 [Worker-67: Enabling Maven Dependency Management] INFO  o.e.m.c.i.p.ProjectConfigurationManager - Update started
2026-09-14 14:50:05,660 [Worker-67: Enabling Maven Dependency Management] INFO  o.e.m.c.i.l.LifecycleMappingFactory - Using org.eclipse.m2e.jdt.JarLifecycleMapping lifecycle mapping for MavenProject: web_2:web_2:0.0.1-SNAPSHOT @ C:\Users\andre\eclipse-workspace\proyecto_web2\web_2\pom.xml.
2026-09-14 14:50:05,876 [Worker-67: Enabling Maven Dependency Management] INFO  o.e.m.j.i.AbstractJavaProjectConfigurator - Adding source folder /web_2/src
2026-09-14 14:50:05,877 [Worker-67: Enabling Maven Dependency Management] INFO  o.e.m.j.i.AbstractJavaProjectConfigurator - Resources folder /web_2/src overlaps with sources folder /web_2/src
2026-09-14 14:50:05,878 [Worker-67: Enabling Maven Dependency Management] INFO  o.e.m.j.i.AbstractJavaProjectConfigurator - Not adding source folder /web_2/src/test/java because it overlaps with /web_2/src
2026-09-14 14:50:05,878 [Worker-67: Enabling Maven Dependency Management] INFO  o.e.m.j.i.AbstractJavaProjectConfigurator - Resources folder /web_2/src/test/resources overlaps with sources folder /web_2/src
2026-09-14 14:50:05,929 [Worker-67: Enabling Maven Dependency Management] WARN  o.apache.maven.project.MavenProject - Plugin is modifying compileSourceRoots through clear(), which will not work in Maven 4.0.0. Use MavenProject.addCompileSourceRoot()/removeCompileSourceRoot() methods instead. If using a plugin, please upgrade to the latest version or report the issue to the plugin maintainer. To disable these warnings, set -Dmaven.project.sourceRoots.warningsDisabled=true on the command line, in the .mvn/maven.config file, or in project POM properties.
2026-09-14 14:50:05,930 [Worker-67: Enabling Maven Dependency Management] WARN  o.apache.maven.project.MavenProject - Plugin is modifying compileSourceRoots through add(), which will not work in Maven 4.0.0. Use MavenProject.addCompileSourceRoot()/removeCompileSourceRoot() methods instead. If using a plugin, please upgrade to the latest version or report the issue to the plugin maintainer. To disable these warnings, set -Dmaven.project.sourceRoots.warningsDisabled=true on the command line, in the .mvn/maven.config file, or in project POM properties.
2026-09-14 14:50:05,931 [Worker-67: Enabling Maven Dependency Management] WARN  o.apache.maven.project.MavenProject - Plugin is modifying testCompileSourceRoots through clear(), which will not work in Maven 4.0.0. Use MavenProject.addTestCompileSourceRoot()/removeTestCompileSourceRoot() methods instead. If using a plugin, please upgrade to the latest version or report the issue to the plugin maintainer. To disable these warnings, set -Dmaven.project.sourceRoots.warningsDisabled=true on the command line, in the .mvn/maven.config file, or in project POM properties.
2026-09-14 14:50:05,931 [Worker-67: Enabling Maven Dependency Management] WARN  o.apache.maven.project.MavenProject - Plugin is modifying testCompileSourceRoots through add(), which will not work in Maven 4.0.0. Use MavenProject.addTestCompileSourceRoot()/removeTestCompileSourceRoot() methods instead. If using a plugin, please upgrade to the latest version or report the issue to the plugin maintainer. To disable these warnings, set -Dmaven.project.sourceRoots.warningsDisabled=true on the command line, in the .mvn/maven.config file, or in project POM properties.
2026-09-14 14:50:05,972 [Worker-67: Enabling Maven Dependency Management] INFO  o.e.m.c.i.p.ProjectConfigurationManager - Update completed for 1 poms: local refresh takes 0,00 sec, refresh facades takes 0,00 sec, update config takes 0,00 sec 
2026-09-14 14:50:06,479 [Worker-67: Building] WARN  o.a.m.s.f.DefaultMavenResourcesFiltering - Using platform encoding (UTF-8 actually) to copy filtered resources, i.e. build is platform dependent!
2026-09-14 14:50:06,481 [Worker-67: Building] INFO  o.a.m.s.f.DefaultMavenResourcesFiltering - Copying 2 resources from src to target\classes
2026-09-14 14:50:06,496 [Worker-67: Building] WARN  o.a.m.s.f.DefaultMavenResourcesFiltering - Using platform encoding (UTF-8 actually) to copy filtered resources, i.e. build is platform dependent!
2026-09-14 14:50:06,497 [Worker-67: Building] INFO  o.a.m.s.f.DefaultMavenResourcesFiltering - skip non existing resourceDirectory C:\Users\andre\eclipse-workspace\proyecto_web2\web_2\src\test\resources
2026-09-14 14:50:07,374 [Worker-67: Building] WARN  o.apache.maven.project.MavenProject - Plugin is modifying compileSourceRoots through clear(), which will not work in Maven 4.0.0. Use MavenProject.addCompileSourceRoot()/removeCompileSourceRoot() methods instead. If using a plugin, please upgrade to the latest version or report the issue to the plugin maintainer. To disable these warnings, set -Dmaven.project.sourceRoots.warningsDisabled=true on the command line, in the .mvn/maven.config file, or in project POM properties.
2026-09-14 14:50:07,374 [Worker-67: Building] WARN  o.apache.maven.project.MavenProject - Plugin is modifying compileSourceRoots through add(), which will not work in Maven 4.0.0. Use MavenProject.addCompileSourceRoot()/removeCompileSourceRoot() methods instead. If using a plugin, please upgrade to the latest version or report the issue to the plugin maintainer. To disable these warnings, set -Dmaven.project.sourceRoots.warningsDisabled=true on the command line, in the .mvn/maven.config file, or in project POM properties.
2026-09-14 14:50:07,374 [Worker-67: Building] WARN  o.apache.maven.project.MavenProject - Plugin is modifying testCompileSourceRoots through clear(), which will not work in Maven 4.0.0. Use MavenProject.addTestCompileSourceRoot()/removeTestCompileSourceRoot() methods instead. If using a plugin, please upgrade to the latest version or report the issue to the plugin maintainer. To disable these warnings, set -Dmaven.project.sourceRoots.warningsDisabled=true on the command line, in the .mvn/maven.config file, or in project POM properties.
2026-09-14 14:50:07,382 [Worker-67: Building] WARN  o.apache.maven.project.MavenProject - Plugin is modifying testCompileSourceRoots through add(), which will not work in Maven 4.0.0. Use MavenProject.addTestCompileSourceRoot()/removeTestCompileSourceRoot() methods instead. If using a plugin, please upgrade to the latest version or report the issue to the plugin maintainer. To disable these warnings, set -Dmaven.project.sourceRoots.warningsDisabled=true on the command line, in the .mvn/maven.config file, or in project POM properties.
2026-09-14 14:52:51,460 [Worker-67: Updating Maven Project] INFO  o.e.m.c.i.p.ProjectConfigurationManager - Update started
2026-09-14 14:52:51,481 [Worker-67: Updating Maven Project] INFO  o.e.m.c.i.p.ProjectConfigurationManager - Update completed for 1 poms: local refresh takes 0,00 sec, refresh facades takes 0,00 sec, update config takes 0,00 sec 
2026-09-14 14:54:32,277 [Worker-66: Updating Maven Project] INFO  o.e.m.c.i.p.ProjectConfigurationManager - Update started
2026-09-14 14:54:32,307 [Worker-66: Updating Maven Project] INFO  o.e.m.c.i.p.ProjectConfigurationManager - Update completed for 1 poms: local refresh takes 0,00 sec, refresh facades takes 0,00 sec, update config takes 0,00 sec 
2026-09-14 14:57:15,035 [Worker-66: Updating Maven Project] INFO  o.e.m.c.i.p.ProjectConfigurationManager - Update started
2026-09-14 14:57:15,052 [Worker-66: Updating Maven Project] INFO  o.e.m.c.i.p.ProjectConfigurationManager - Update completed for 1 poms: local refresh takes 0,00 sec, refresh facades takes 0,00 sec, update config takes 0,00 sec 
2026-09-14 14:57:51,764 [Worker-67: Updating Maven Project] INFO  o.e.m.c.i.p.ProjectConfigurationManager - Update started
2026-09-14 14:57:51,784 [Worker-67: Updating Maven Project] INFO  o.e.m.c.i.p.ProjectConfigurationManager - Update completed for 1 poms: local refresh takes 0,00 sec, refresh facades takes 0,00 sec, update config takes 0,00 sec 
2026-09-14 14:58:35,349 [Worker-61: Updating Maven Project] INFO  o.e.m.c.i.p.ProjectConfigurationManager - Update started
2026-09-14 14:58:35,367 [Worker-61: Updating Maven Project] INFO  o.e.m.c.i.p.ProjectConfigurationManager - Update completed for 1 poms: local refresh takes 0,00 sec, refresh facades takes 0,00 sec, update config takes 0,00 sec 
2026-09-14 14:58:46,282 [Worker-66: Updating Maven Project] INFO  o.e.m.c.i.p.ProjectConfigurationManager - Update started
2026-09-14 14:58:46,308 [Worker-66: Updating Maven Project] INFO  o.e.m.c.i.p.ProjectConfigurationManager - Update completed for 1 poms: local refresh takes 0,00 sec, refresh facades takes 0,00 sec, update config takes 0,00 sec 
2026-09-14 15:00:36,245 [Worker-66: Updating Maven Project] INFO  o.e.m.c.i.p.ProjectConfigurationManager - Update started
2026-09-14 15:00:36,274 [Worker-66: Updating Maven Project] INFO  o.e.m.c.i.p.ProjectConfigurationManager - Update completed for 1 poms: local refresh takes 0,00 sec, refresh facades takes 0,00 sec, update config takes 0,00 sec 
2026-09-14 15:03:24,827 [Worker-61: reload maven project] ERROR o.e.m2e.editor.pom.MavenPomEditor - failed to load maven project for org.eclipse.ui.part.FileEditorInput(/web_2/src/pom.xml)
org.eclipse.core.runtime.CoreException: Could not read maven project
	at org.eclipse.m2e.core.internal.project.registry.ProjectRegistryManager.readProjectWithDependencies(ProjectRegistryManager.java:922)
	at org.eclipse.m2e.core.internal.project.registry.MavenProjectCache$CacheLine.lambda$1(MavenProjectCache.java:192)
	at java.base/java.util.concurrent.ConcurrentHashMap.computeIfAbsent(ConcurrentHashMap.java:1708)
	at org.eclipse.m2e.core.internal.project.registry.MavenProjectCache$CacheLine.getProject(MavenProjectCache.java:191)
	at org.eclipse.m2e.core.internal.project.registry.MavenProjectCache.getMavenProject(MavenProjectCache.java:105)
	at org.eclipse.m2e.core.internal.project.registry.ProjectRegistryManager.lambda$24(ProjectRegistryManager.java:1106)
	at java.base/java.util.Map.computeIfAbsent(Map.java:1066)
	at org.eclipse.m2e.core.internal.project.registry.ProjectRegistryManager.getMavenProject(ProjectRegistryManager.java:1105)
	at org.eclipse.m2e.core.internal.project.registry.MavenProjectFacade.getMavenProject(MavenProjectFacade.java:290)
	at org.eclipse.m2e.core.ui.internal.actions.SelectionUtil.getMavenProject(SelectionUtil.java:241)
	at org.eclipse.m2e.editor.pom.MavenPomEditor.readMavenProject(MavenPomEditor.java:709)
	at org.eclipse.m2e.editor.pom.MavenPomEditor$4.run(MavenPomEditor.java:1029)
	at org.eclipse.core.internal.jobs.Worker.run(Worker.java:63)
2026-09-14 15:03:57,247 [Worker-61: reload maven project] ERROR o.e.m.c.i.p.r.ProjectRegistryManager - Failed to read Maven project: Some problems were encountered while processing the POMs:
[FATAL] Non-readable POM C:\Users\andre\eclipse-workspace\proyecto_web2\web_2\pom.xml: input contained no data @ 

org.apache.maven.project.ProjectBuildingException: Some problems were encountered while processing the POMs:
[FATAL] Non-readable POM C:\Users\andre\eclipse-workspace\proyecto_web2\web_2\pom.xml: input contained no data @ 

	at org.eclipse.m2e.core.internal.IMavenToolbox.readMavenProjects(IMavenToolbox.java:140)
	at org.eclipse.m2e.core.internal.project.registry.ProjectRegistryManager.lambda$22(ProjectRegistryManager.java:948)
	at org.eclipse.m2e.core.internal.embedder.MavenExecutionContext.executeBare(MavenExecutionContext.java:462)
	at org.eclipse.m2e.core.internal.embedder.MavenExecutionContext.execute(MavenExecutionContext.java:342)
	at org.eclipse.m2e.core.internal.embedder.MavenExecutionContext.execute(MavenExecutionContext.java:281)
	at org.eclipse.m2e.core.internal.project.registry.ProjectRegistryManager.readProjectsWithDependencies(ProjectRegistryManager.java:944)
	at org.eclipse.m2e.core.internal.project.registry.ProjectRegistryManager.create(ProjectRegistryManager.java:219)
	at org.eclipse.m2e.core.internal.project.registry.MavenProjectManager.create(MavenProjectManager.java:105)
	at org.eclipse.m2e.core.ui.internal.actions.SelectionUtil.getMavenProject(SelectionUtil.java:239)
	at org.eclipse.m2e.editor.pom.MavenPomEditor.readMavenProject(MavenPomEditor.java:709)
	at org.eclipse.m2e.editor.pom.MavenPomEditor$4.run(MavenPomEditor.java:1029)
	at org.eclipse.core.internal.jobs.Worker.run(Worker.java:63)
2026-09-14 15:03:57,317 [Worker-66: Building] ERROR o.e.m.c.i.p.r.ProjectRegistryManager - Could not read pom.xml
org.eclipse.core.runtime.CoreException: Could not read pom.xml
	at org.eclipse.m2e.core.internal.IMavenToolbox.readModel(IMavenToolbox.java:245)
	at org.eclipse.m2e.core.internal.project.registry.ProjectRegistryManager.refreshPhase2(ProjectRegistryManager.java:596)
	at org.eclipse.m2e.core.internal.project.registry.ProjectRegistryManager.refresh(ProjectRegistryManager.java:496)
	at org.eclipse.m2e.core.internal.project.registry.ProjectRegistryManager.refresh(ProjectRegistryManager.java:370)
	at org.eclipse.m2e.core.internal.project.registry.ProjectRegistryManager.refresh(ProjectRegistryManager.java:322)
	at org.eclipse.m2e.core.internal.builder.MavenBuilder$BuildMethod.getProjectFacade(MavenBuilder.java:146)
	at org.eclipse.m2e.core.internal.builder.MavenBuilder$BuildMethod.lambda$0(MavenBuilder.java:84)
	at org.eclipse.m2e.core.internal.embedder.MavenExecutionContext.executeBare(MavenExecutionContext.java:462)
	at org.eclipse.m2e.core.internal.embedder.MavenExecutionContext.execute(MavenExecutionContext.java:342)
	at org.eclipse.m2e.core.internal.embedder.MavenExecutionContext.execute(MavenExecutionContext.java:281)
	at org.eclipse.m2e.core.internal.builder.MavenBuilder$BuildMethod.execute(MavenBuilder.java:83)
	at org.eclipse.m2e.core.internal.builder.MavenBuilder.build(MavenBuilder.java:192)
	at org.eclipse.core.internal.events.BuildManager$2.run(BuildManager.java:1146)
	at org.eclipse.core.runtime.SafeRunner.run(SafeRunner.java:47)
	at org.eclipse.core.internal.events.BuildManager.basicBuild(BuildManager.java:303)
	at org.eclipse.core.internal.events.BuildManager.basicBuild(BuildManager.java:363)
	at org.eclipse.core.internal.events.BuildManager$1.run(BuildManager.java:486)
	at org.eclipse.core.runtime.SafeRunner.run(SafeRunner.java:47)
	at org.eclipse.core.internal.events.BuildManager.basicBuild(BuildManager.java:489)
	at org.eclipse.core.internal.events.BuildManager.basicBuildLoop(BuildManager.java:601)
	at org.eclipse.core.internal.events.BuildManager.basicBuildLoop(BuildManager.java:549)
	at org.eclipse.core.internal.events.BuildManager.build(BuildManager.java:631)
	at org.eclipse.core.internal.events.AutoBuildJob.doBuild(AutoBuildJob.java:208)
	at org.eclipse.core.internal.events.AutoBuildJob.run(AutoBuildJob.java:309)
	at org.eclipse.core.internal.jobs.Worker.run(Worker.java:63)
Caused by: java.io.EOFException: input contained no data
	at org.codehaus.plexus.util.xml.pull.MXParser.fillBuf(MXParser.java:3107)
	at org.codehaus.plexus.util.xml.pull.MXParser.more(MXParser.java:3180)
	at org.codehaus.plexus.util.xml.pull.MXParser.parseProlog(MXParser.java:1433)
	at org.codehaus.plexus.util.xml.pull.MXParser.nextImpl(MXParser.java:1421)
	at org.codehaus.plexus.util.xml.pull.MXParser.next(MXParser.java:1131)
	at org.apache.maven.model.io.xpp3.MavenXpp3Reader.read(MavenXpp3Reader.java:645)
	at org.apache.maven.model.io.xpp3.MavenXpp3Reader.read(MavenXpp3Reader.java:672)
	at org.apache.maven.model.io.DefaultModelReader.read(DefaultModelReader.java:93)
	at org.apache.maven.model.io.DefaultModelReader.read(DefaultModelReader.java:74)
	at org.eclipse.m2e.core.internal.IMavenToolbox.readModel(IMavenToolbox.java:243)
	... 24 common frames omitted
2026-09-14 15:04:59,060 [Worker-67: reload maven project] ERROR o.e.m2e.editor.pom.MavenPomEditor - failed to load maven project for org.eclipse.ui.part.FileEditorInput(/web_2/pom.xml)
org.eclipse.core.runtime.CoreException: Could not read maven project
	at org.eclipse.m2e.core.internal.project.registry.ProjectRegistryManager.readProjectWithDependencies(ProjectRegistryManager.java:922)
	at org.eclipse.m2e.core.internal.project.registry.MavenProjectCache$CacheLine.lambda$1(MavenProjectCache.java:192)
	at java.base/java.util.concurrent.ConcurrentHashMap.computeIfAbsent(ConcurrentHashMap.java:1708)
	at org.eclipse.m2e.core.internal.project.registry.MavenProjectCache$CacheLine.getProject(MavenProjectCache.java:191)
	at org.eclipse.m2e.core.internal.project.registry.MavenProjectCache.getMavenProject(MavenProjectCache.java:105)
	at org.eclipse.m2e.core.internal.project.registry.ProjectRegistryManager.lambda$24(ProjectRegistryManager.java:1106)
	at java.base/java.util.Map.computeIfAbsent(Map.java:1066)
	at org.eclipse.m2e.core.internal.project.registry.ProjectRegistryManager.getMavenProject(ProjectRegistryManager.java:1105)
	at org.eclipse.m2e.core.internal.project.registry.MavenProjectFacade.getMavenProject(MavenProjectFacade.java:290)
	at org.eclipse.m2e.core.ui.internal.actions.SelectionUtil.getMavenProject(SelectionUtil.java:241)
	at org.eclipse.m2e.editor.pom.MavenPomEditor.readMavenProject(MavenPomEditor.java:709)
	at org.eclipse.m2e.editor.pom.MavenPomEditor$4.run(MavenPomEditor.java:1029)
	at org.eclipse.core.internal.jobs.Worker.run(Worker.java:63)
2026-09-14 15:05:11,594 [Worker-72: Updating Maven Project] INFO  o.e.m.c.i.p.ProjectConfigurationManager - Update started
2026-09-14 15:05:11,623 [Worker-72: Updating Maven Project] INFO  o.e.m.c.i.p.ProjectConfigurationManager - Update completed for 1 poms: local refresh takes 0,00 sec, refresh facades takes 0,00 sec, update config takes 0,00 sec 
2026-09-14 15:08:11,817 [Worker-76: Updating Maven Project] INFO  o.e.m.c.i.p.ProjectConfigurationManager - Update started
2026-09-14 15:08:11,843 [Worker-76: Updating Maven Project] INFO  o.e.m.c.i.p.ProjectConfigurationManager - Update completed for 1 poms: local refresh takes 0,00 sec, refresh facades takes 0,00 sec, update config takes 0,00 sec 
2026-09-14 15:08:20,220 [Worker-67: Updating Maven Project] INFO  o.e.m.c.i.p.ProjectConfigurationManager - Update started
2026-09-14 15:08:20,241 [Worker-67: Updating Maven Project] INFO  o.e.m.c.i.p.ProjectConfigurationManager - Update completed for 1 poms: local refresh takes 0,00 sec, refresh facades takes 0,00 sec, update config takes 0,00 sec 
2026-09-14 15:08:56,143 [Worker-80: Importing Maven projects] INFO  o.e.m.c.i.e.AbstractTransferListenerAdapter - Downloading https://repo.maven.apache.org/maven2/org/springframework/boot/spring-boot-maven-plugin/3.2.5/spring-boot-maven-plugin-3.2.5.pom
2026-09-14 15:08:56,156 [Worker-80: Importing Maven projects] INFO  o.e.m.c.i.e.AbstractTransferListenerAdapter - Downloaded https://repo.maven.apache.org/maven2/org/springframework/boot/spring-boot-maven-plugin/3.2.5/spring-boot-maven-plugin-3.2.5.pom
2026-09-14 15:08:56,232 [Worker-80: Importing Maven projects] INFO  o.e.m.c.i.e.AbstractTransferListenerAdapter - Downloading https://repo.maven.apache.org/maven2/org/springframework/boot/spring-boot-maven-plugin/3.2.5/spring-boot-maven-plugin-3.2.5.jar
2026-09-14 15:08:56,332 [Worker-80: Importing Maven projects] INFO  o.e.m.c.i.e.AbstractTransferListenerAdapter - Downloaded https://repo.maven.apache.org/maven2/org/springframework/boot/spring-boot-maven-plugin/3.2.5/spring-boot-maven-plugin-3.2.5.jar
2026-09-14 15:08:56,408 [Worker-80: Importing Maven projects] INFO  o.e.m.c.i.e.AbstractTransferListenerAdapter - Downloading https://repo.maven.apache.org/maven2/org/apache/maven/plugins/maven-clean-plugin/3.3.2/maven-clean-plugin-3.3.2.jar
2026-09-14 15:08:56,420 [Worker-80: Importing Maven projects] INFO  o.e.m.c.i.e.AbstractTransferListenerAdapter - Downloaded https://repo.maven.apache.org/maven2/org/apache/maven/plugins/maven-clean-plugin/3.3.2/maven-clean-plugin-3.3.2.jar
2026-09-14 15:08:56,496 [Worker-80: Importing Maven projects] INFO  o.e.m.c.i.e.AbstractTransferListenerAdapter - Downloading https://repo.maven.apache.org/maven2/org/apache/maven/plugins/maven-resources-plugin/3.3.1/maven-resources-plugin-3.3.1.jar
2026-09-14 15:08:56,507 [Worker-80: Importing Maven projects] INFO  o.e.m.c.i.e.AbstractTransferListenerAdapter - Downloaded https://repo.maven.apache.org/maven2/org/apache/maven/plugins/maven-resources-plugin/3.3.1/maven-resources-plugin-3.3.1.jar
2026-09-14 15:08:56,582 [Worker-80: Importing Maven projects] INFO  o.e.m.c.i.e.AbstractTransferListenerAdapter - Downloading https://repo.maven.apache.org/maven2/org/apache/maven/plugins/maven-compiler-plugin/3.11.0/maven-compiler-plugin-3.11.0.jar
2026-09-14 15:08:56,935 [Worker-80: Importing Maven projects] INFO  o.e.m.c.i.e.AbstractTransferListenerAdapter - Downloaded https://repo.maven.apache.org/maven2/org/apache/maven/plugins/maven-compiler-plugin/3.11.0/maven-compiler-plugin-3.11.0.jar
2026-09-14 15:08:57,022 [Worker-80: Importing Maven projects] INFO  o.e.m.c.i.e.AbstractTransferListenerAdapter - Downloading https://repo.maven.apache.org/maven2/org/apache/maven/plugins/maven-surefire-plugin/3.1.2/maven-surefire-plugin-3.1.2.jar
2026-09-14 15:08:57,035 [Worker-80: Importing Maven projects] INFO  o.e.m.c.i.e.AbstractTransferListenerAdapter - Downloaded https://repo.maven.apache.org/maven2/org/apache/maven/plugins/maven-surefire-plugin/3.1.2/maven-surefire-plugin-3.1.2.jar
2026-09-14 15:08:57,113 [Worker-80: Importing Maven projects] INFO  o.e.m.c.i.e.AbstractTransferListenerAdapter - Downloading https://repo.maven.apache.org/maven2/org/apache/maven/plugins/maven-jar-plugin/3.3.0/maven-jar-plugin-3.3.0.jar
2026-09-14 15:08:57,126 [Worker-80: Importing Maven projects] INFO  o.e.m.c.i.e.AbstractTransferListenerAdapter - Downloaded https://repo.maven.apache.org/maven2/org/apache/maven/plugins/maven-jar-plugin/3.3.0/maven-jar-plugin-3.3.0.jar
2026-09-14 15:08:57,204 [Worker-80: Importing Maven projects] INFO  o.e.m.c.i.e.AbstractTransferListenerAdapter - Downloading https://repo.maven.apache.org/maven2/org/apache/maven/plugins/maven-install-plugin/3.1.1/maven-install-plugin-3.1.1.jar
2026-09-14 15:08:57,215 [Worker-80: Importing Maven projects] INFO  o.e.m.c.i.e.AbstractTransferListenerAdapter - Downloaded https://repo.maven.apache.org/maven2/org/apache/maven/plugins/maven-install-plugin/3.1.1/maven-install-plugin-3.1.1.jar
2026-09-14 15:08:57,288 [Worker-80: Importing Maven projects] INFO  o.e.m.c.i.e.AbstractTransferListenerAdapter - Downloading https://repo.maven.apache.org/maven2/org/apache/maven/plugins/maven-deploy-plugin/3.1.1/maven-deploy-plugin-3.1.1.jar
2026-09-14 15:08:57,298 [Worker-80: Importing Maven projects] INFO  o.e.m.c.i.e.AbstractTransferListenerAdapter - Downloaded https://repo.maven.apache.org/maven2/org/apache/maven/plugins/maven-deploy-plugin/3.1.1/maven-deploy-plugin-3.1.1.jar
2026-09-14 15:08:57,388 [Worker-80: Importing Maven projects] INFO  o.e.m.c.i.e.AbstractTransferListenerAdapter - Downloading https://repo.maven.apache.org/maven2/org/apache/maven/plugins/maven-compiler-plugin/3.11.0/maven-compiler-plugin-3.11.0.pom
2026-09-14 15:08:57,399 [Worker-80: Importing Maven projects] INFO  o.e.m.c.i.e.AbstractTransferListenerAdapter - Downloaded https://repo.maven.apache.org/maven2/org/apache/maven/plugins/maven-compiler-plugin/3.11.0/maven-compiler-plugin-3.11.0.pom
2026-09-14 15:08:57,472 [Worker-80: Importing Maven projects] INFO  o.e.m.c.i.e.AbstractTransferListenerAdapter - Downloading https://repo.maven.apache.org/maven2/org/apache/maven/plugins/maven-plugins/39/maven-plugins-39.pom
2026-09-14 15:08:57,485 [Worker-80: Importing Maven projects] INFO  o.e.m.c.i.e.AbstractTransferListenerAdapter - Downloaded https://repo.maven.apache.org/maven2/org/apache/maven/plugins/maven-plugins/39/maven-plugins-39.pom
2026-09-14 15:08:57,579 [Worker-80: Importing Maven projects] INFO  o.e.m.c.i.e.AbstractTransferListenerAdapter - Downloading https://repo.maven.apache.org/maven2/org/apache/maven/shared/maven-shared-utils/3.3.4/maven-shared-utils-3.3.4.pom
2026-09-14 15:08:57,591 [Worker-80: Importing Maven projects] INFO  o.e.m.c.i.e.AbstractTransferListenerAdapter - Downloaded https://repo.maven.apache.org/maven2/org/apache/maven/shared/maven-shared-utils/3.3.4/maven-shared-utils-3.3.4.pom
2026-09-14 15:08:57,673 [Worker-80: Importing Maven projects] INFO  o.e.m.c.i.e.AbstractTransferListenerAdapter - Downloading https://repo.maven.apache.org/maven2/org/apache/maven/shared/maven-shared-components/34/maven-shared-components-34.pom
2026-09-14 15:08:57,680 [Worker-80: Importing Maven projects] INFO  o.e.m.c.i.e.AbstractTransferListenerAdapter - Downloaded https://repo.maven.apache.org/maven2/org/apache/maven/shared/maven-shared-components/34/maven-shared-components-34.pom
2026-09-14 15:08:57,753 [Worker-80: Importing Maven projects] INFO  o.e.m.c.i.e.AbstractTransferListenerAdapter - Downloading https://repo.maven.apache.org/maven2/org/apache/maven/maven-parent/34/maven-parent-34.pom
2026-09-14 15:08:57,764 [Worker-80: Importing Maven projects] INFO  o.e.m.c.i.e.AbstractTransferListenerAdapter - Downloaded https://repo.maven.apache.org/maven2/org/apache/maven/maven-parent/34/maven-parent-34.pom
2026-09-14 15:08:57,840 [Worker-80: Importing Maven projects] INFO  o.e.m.c.i.e.AbstractTransferListenerAdapter - Downloading https://repo.maven.apache.org/maven2/commons-io/commons-io/2.6/commons-io-2.6.pom
2026-09-14 15:08:57,852 [Worker-80: Importing Maven projects] INFO  o.e.m.c.i.e.AbstractTransferListenerAdapter - Downloaded https://repo.maven.apache.org/maven2/commons-io/commons-io/2.6/commons-io-2.6.pom
2026-09-14 15:08:57,929 [Worker-80: Importing Maven projects] INFO  o.e.m.c.i.e.AbstractTransferListenerAdapter - Downloading https://repo.maven.apache.org/maven2/org/apache/commons/commons-parent/42/commons-parent-42.pom
2026-09-14 15:08:57,943 [Worker-80: Importing Maven projects] INFO  o.e.m.c.i.e.AbstractTransferListenerAdapter - Downloaded https://repo.maven.apache.org/maven2/org/apache/commons/commons-parent/42/commons-parent-42.pom
2026-09-14 15:08:58,024 [Worker-80: Importing Maven projects] INFO  o.e.m.c.i.e.AbstractTransferListenerAdapter - Downloading https://repo.maven.apache.org/maven2/org/apache/apache/18/apache-18.pom
2026-09-14 15:08:58,032 [Worker-80: Importing Maven projects] INFO  o.e.m.c.i.e.AbstractTransferListenerAdapter - Downloaded https://repo.maven.apache.org/maven2/org/apache/apache/18/apache-18.pom
2026-09-14 15:08:58,114 [Worker-80: Importing Maven projects] INFO  o.e.m.c.i.e.AbstractTransferListenerAdapter - Downloading https://repo.maven.apache.org/maven2/org/codehaus/plexus/plexus-component-annotations/1.5.5/plexus-component-annotations-1.5.5.pom
2026-09-14 15:08:58,123 [Worker-80: Importing Maven projects] INFO  o.e.m.c.i.e.AbstractTransferListenerAdapter - Downloaded https://repo.maven.apache.org/maven2/org/codehaus/plexus/plexus-component-annotations/1.5.5/plexus-component-annotations-1.5.5.pom
2026-09-14 15:08:58,201 [Worker-80: Importing Maven projects] INFO  o.e.m.c.i.e.AbstractTransferListenerAdapter - Downloading https://repo.maven.apache.org/maven2/org/codehaus/plexus/plexus-containers/1.5.5/plexus-containers-1.5.5.pom
2026-09-14 15:08:58,212 [Worker-80: Importing Maven projects] INFO  o.e.m.c.i.e.AbstractTransferListenerAdapter - Downloaded https://repo.maven.apache.org/maven2/org/codehaus/plexus/plexus-containers/1.5.5/plexus-containers-1.5.5.pom
2026-09-14 15:08:58,287 [Worker-80: Importing Maven projects] INFO  o.e.m.c.i.e.AbstractTransferListenerAdapter - Downloading https://repo.maven.apache.org/maven2/org/codehaus/plexus/plexus/2.0.7/plexus-2.0.7.pom
2026-09-14 15:08:58,300 [Worker-80: Importing Maven projects] INFO  o.e.m.c.i.e.AbstractTransferListenerAdapter - Downloaded https://repo.maven.apache.org/maven2/org/codehaus/plexus/plexus/2.0.7/plexus-2.0.7.pom
2026-09-14 15:08:58,375 [Worker-80: Importing Maven projects] INFO  o.e.m.c.i.e.AbstractTransferListenerAdapter - Downloading https://repo.maven.apache.org/maven2/org/codehaus/plexus/plexus-java/1.1.2/plexus-java-1.1.2.pom
2026-09-14 15:08:58,385 [Worker-80: Importing Maven projects] INFO  o.e.m.c.i.e.AbstractTransferListenerAdapter - Downloaded https://repo.maven.apache.org/maven2/org/codehaus/plexus/plexus-java/1.1.2/plexus-java-1.1.2.pom
2026-09-14 15:08:58,460 [Worker-80: Importing Maven projects] INFO  o.e.m.c.i.e.AbstractTransferListenerAdapter - Downloading https://repo.maven.apache.org/maven2/org/codehaus/plexus/plexus-languages/1.1.2/plexus-languages-1.1.2.pom
2026-09-14 15:08:58,472 [Worker-80: Importing Maven projects] INFO  o.e.m.c.i.e.AbstractTransferListenerAdapter - Downloaded https://repo.maven.apache.org/maven2/org/codehaus/plexus/plexus-languages/1.1.2/plexus-languages-1.1.2.pom
2026-09-14 15:08:58,542 [Worker-80: Importing Maven projects] INFO  o.e.m.c.i.e.AbstractTransferListenerAdapter - Downloading https://repo.maven.apache.org/maven2/org/codehaus/plexus/plexus/10/plexus-10.pom
2026-09-14 15:08:58,554 [Worker-80: Importing Maven projects] INFO  o.e.m.c.i.e.AbstractTransferListenerAdapter - Downloaded https://repo.maven.apache.org/maven2/org/codehaus/plexus/plexus/10/plexus-10.pom
2026-09-14 15:08:58,631 [Worker-80: Importing Maven projects] INFO  o.e.m.c.i.e.AbstractTransferListenerAdapter - Downloading https://repo.maven.apache.org/maven2/org/ow2/asm/asm/9.4/asm-9.4.pom
2026-09-14 15:08:58,639 [Worker-80: Importing Maven projects] INFO  o.e.m.c.i.e.AbstractTransferListenerAdapter - Downloaded https://repo.maven.apache.org/maven2/org/ow2/asm/asm/9.4/asm-9.4.pom
2026-09-14 15:08:58,725 [Worker-80: Importing Maven projects] INFO  o.e.m.c.i.e.AbstractTransferListenerAdapter - Downloading https://repo.maven.apache.org/maven2/org/codehaus/plexus/plexus-compiler-api/2.13.0/plexus-compiler-api-2.13.0.pom
2026-09-14 15:08:58,732 [Worker-80: Importing Maven projects] INFO  o.e.m.c.i.e.AbstractTransferListenerAdapter - Downloaded https://repo.maven.apache.org/maven2/org/codehaus/plexus/plexus-compiler-api/2.13.0/plexus-compiler-api-2.13.0.pom
2026-09-14 15:08:58,806 [Worker-80: Importing Maven projects] INFO  o.e.m.c.i.e.AbstractTransferListenerAdapter - Downloading https://repo.maven.apache.org/maven2/org/codehaus/plexus/plexus-compiler/2.13.0/plexus-compiler-2.13.0.pom
2026-09-14 15:08:58,811 [Worker-80: Importing Maven projects] INFO  o.e.m.c.i.e.AbstractTransferListenerAdapter - Downloaded https://repo.maven.apache.org/maven2/org/codehaus/plexus/plexus-compiler/2.13.0/plexus-compiler-2.13.0.pom
2026-09-14 15:08:58,883 [Worker-80: Importing Maven projects] INFO  o.e.m.c.i.e.AbstractTransferListenerAdapter - Downloading https://repo.maven.apache.org/maven2/org/codehaus/plexus/plexus-components/10.0/plexus-components-10.0.pom
2026-09-14 15:08:58,897 [Worker-80: Importing Maven projects] INFO  o.e.m.c.i.e.AbstractTransferListenerAdapter - Downloaded https://repo.maven.apache.org/maven2/org/codehaus/plexus/plexus-components/10.0/plexus-components-10.0.pom
2026-09-14 15:08:58,977 [Worker-80: Importing Maven projects] INFO  o.e.m.c.i.e.AbstractTransferListenerAdapter - Downloading https://repo.maven.apache.org/maven2/org/junit/junit-bom/5.9.1/junit-bom-5.9.1.pom
2026-09-14 15:08:58,985 [Worker-80: Importing Maven projects] INFO  o.e.m.c.i.e.AbstractTransferListenerAdapter - Downloaded https://repo.maven.apache.org/maven2/org/junit/junit-bom/5.9.1/junit-bom-5.9.1.pom
2026-09-14 15:08:59,057 [Worker-80: Importing Maven projects] INFO  o.e.m.c.i.e.AbstractTransferListenerAdapter - Downloading https://repo.maven.apache.org/maven2/org/codehaus/plexus/plexus-utils/3.5.0/plexus-utils-3.5.0.pom
2026-09-14 15:08:59,067 [Worker-80: Importing Maven projects] INFO  o.e.m.c.i.e.AbstractTransferListenerAdapter - Downloaded https://repo.maven.apache.org/maven2/org/codehaus/plexus/plexus-utils/3.5.0/plexus-utils-3.5.0.pom
2026-09-14 15:08:59,140 [Worker-80: Importing Maven projects] INFO  o.e.m.c.i.e.AbstractTransferListenerAdapter - Downloading https://repo.maven.apache.org/maven2/org/codehaus/plexus/plexus-compiler-manager/2.13.0/plexus-compiler-manager-2.13.0.pom
2026-09-14 15:08:59,149 [Worker-80: Importing Maven projects] INFO  o.e.m.c.i.e.AbstractTransferListenerAdapter - Downloaded https://repo.maven.apache.org/maven2/org/codehaus/plexus/plexus-compiler-manager/2.13.0/plexus-compiler-manager-2.13.0.pom
2026-09-14 15:08:59,239 [Worker-80: Importing Maven projects] INFO  o.e.m.c.i.e.AbstractTransferListenerAdapter - Downloading https://repo.maven.apache.org/maven2/org/codehaus/plexus/plexus-component-annotations/2.1.1/plexus-component-annotations-2.1.1.pom
2026-09-14 15:08:59,250 [Worker-80: Importing Maven projects] INFO  o.e.m.c.i.e.AbstractTransferListenerAdapter - Downloaded https://repo.maven.apache.org/maven2/org/codehaus/plexus/plexus-component-annotations/2.1.1/plexus-component-annotations-2.1.1.pom
2026-09-14 15:08:59,320 [Worker-80: Importing Maven projects] INFO  o.e.m.c.i.e.AbstractTransferListenerAdapter - Downloading https://repo.maven.apache.org/maven2/org/codehaus/plexus/plexus-containers/2.1.1/plexus-containers-2.1.1.pom
2026-09-14 15:08:59,330 [Worker-80: Importing Maven projects] INFO  o.e.m.c.i.e.AbstractTransferListenerAdapter - Downloaded https://repo.maven.apache.org/maven2/org/codehaus/plexus/plexus-containers/2.1.1/plexus-containers-2.1.1.pom
2026-09-14 15:08:59,404 [Worker-80: Importing Maven projects] INFO  o.e.m.c.i.e.AbstractTransferListenerAdapter - Downloading https://repo.maven.apache.org/maven2/org/codehaus/plexus/plexus/6.5/plexus-6.5.pom
2026-09-14 15:08:59,414 [Worker-80: Importing Maven projects] INFO  o.e.m.c.i.e.AbstractTransferListenerAdapter - Downloaded https://repo.maven.apache.org/maven2/org/codehaus/plexus/plexus/6.5/plexus-6.5.pom
2026-09-14 15:08:59,492 [Worker-80: Importing Maven projects] INFO  o.e.m.c.i.e.AbstractTransferListenerAdapter - Downloading https://repo.maven.apache.org/maven2/org/codehaus/plexus/plexus-compiler-javac/2.13.0/plexus-compiler-javac-2.13.0.pom
2026-09-14 15:08:59,501 [Worker-80: Importing Maven projects] INFO  o.e.m.c.i.e.AbstractTransferListenerAdapter - Downloaded https://repo.maven.apache.org/maven2/org/codehaus/plexus/plexus-compiler-javac/2.13.0/plexus-compiler-javac-2.13.0.pom
2026-09-14 15:08:59,578 [Worker-80: Importing Maven projects] INFO  o.e.m.c.i.e.AbstractTransferListenerAdapter - Downloading https://repo.maven.apache.org/maven2/org/codehaus/plexus/plexus-compilers/2.13.0/plexus-compilers-2.13.0.pom
2026-09-14 15:08:59,587 [Worker-80: Importing Maven projects] INFO  o.e.m.c.i.e.AbstractTransferListenerAdapter - Downloaded https://repo.maven.apache.org/maven2/org/codehaus/plexus/plexus-compilers/2.13.0/plexus-compilers-2.13.0.pom
2026-09-14 15:08:59,670 [Worker-80: Importing Maven projects] INFO  o.e.m.c.i.e.AbstractTransferListenerAdapter - Downloading https://repo.maven.apache.org/maven2/org/apache/maven/shared/maven-shared-utils/3.3.4/maven-shared-utils-3.3.4.jar
2026-09-14 15:08:59,709 [Worker-80: Importing Maven projects] INFO  o.e.m.c.i.e.AbstractTransferListenerAdapter - Downloaded https://repo.maven.apache.org/maven2/org/apache/maven/shared/maven-shared-utils/3.3.4/maven-shared-utils-3.3.4.jar
2026-09-14 15:08:59,768 [BasicRepositoryConnector-repo.maven.apache.org-3-0] INFO  o.e.m.c.i.e.AbstractTransferListenerAdapter - Downloading https://repo.maven.apache.org/maven2/commons-io/commons-io/2.6/commons-io-2.6.jar
2026-09-14 15:08:59,822 [BasicRepositoryConnector-repo.maven.apache.org-3-0] INFO  o.e.m.c.i.e.AbstractTransferListenerAdapter - Downloaded https://repo.maven.apache.org/maven2/commons-io/commons-io/2.6/commons-io-2.6.jar
2026-09-14 15:08:59,859 [BasicRepositoryConnector-repo.maven.apache.org-3-4] INFO  o.e.m.c.i.e.AbstractTransferListenerAdapter - Downloading https://repo.maven.apache.org/maven2/org/codehaus/plexus/plexus-compiler-api/2.13.0/plexus-compiler-api-2.13.0.jar
2026-09-14 15:08:59,863 [BasicRepositoryConnector-repo.maven.apache.org-3-2] INFO  o.e.m.c.i.e.AbstractTransferListenerAdapter - Downloading https://repo.maven.apache.org/maven2/org/codehaus/plexus/plexus-java/1.1.2/plexus-java-1.1.2.jar
2026-09-14 15:08:59,869 [BasicRepositoryConnector-repo.maven.apache.org-3-1] INFO  o.e.m.c.i.e.AbstractTransferListenerAdapter - Downloading https://repo.maven.apache.org/maven2/org/codehaus/plexus/plexus-component-annotations/1.5.5/plexus-component-annotations-1.5.5.jar
2026-09-14 15:08:59,877 [BasicRepositoryConnector-repo.maven.apache.org-3-1] INFO  o.e.m.c.i.e.AbstractTransferListenerAdapter - Downloaded https://repo.maven.apache.org/maven2/org/codehaus/plexus/plexus-component-annotations/1.5.5/plexus-component-annotations-1.5.5.jar
2026-09-14 15:08:59,879 [BasicRepositoryConnector-repo.maven.apache.org-3-3] INFO  o.e.m.c.i.e.AbstractTransferListenerAdapter - Downloading https://repo.maven.apache.org/maven2/org/ow2/asm/asm/9.4/asm-9.4.jar
2026-09-14 15:08:59,888 [BasicRepositoryConnector-repo.maven.apache.org-3-0] INFO  o.e.m.c.i.e.AbstractTransferListenerAdapter - Downloading https://repo.maven.apache.org/maven2/org/codehaus/plexus/plexus-utils/3.5.0/plexus-utils-3.5.0.jar
2026-09-14 15:08:59,907 [BasicRepositoryConnector-repo.maven.apache.org-3-4] INFO  o.e.m.c.i.e.AbstractTransferListenerAdapter - Downloaded https://repo.maven.apache.org/maven2/org/codehaus/plexus/plexus-compiler-api/2.13.0/plexus-compiler-api-2.13.0.jar
2026-09-14 15:08:59,944 [BasicRepositoryConnector-repo.maven.apache.org-3-0] INFO  o.e.m.c.i.e.AbstractTransferListenerAdapter - Downloaded https://repo.maven.apache.org/maven2/org/codehaus/plexus/plexus-utils/3.5.0/plexus-utils-3.5.0.jar
2026-09-14 15:08:59,944 [BasicRepositoryConnector-repo.maven.apache.org-3-2] INFO  o.e.m.c.i.e.AbstractTransferListenerAdapter - Downloaded https://repo.maven.apache.org/maven2/org/codehaus/plexus/plexus-java/1.1.2/plexus-java-1.1.2.jar
2026-09-14 15:08:59,945 [BasicRepositoryConnector-repo.maven.apache.org-3-1] INFO  o.e.m.c.i.e.AbstractTransferListenerAdapter - Downloading https://repo.maven.apache.org/maven2/org/codehaus/plexus/plexus-compiler-manager/2.13.0/plexus-compiler-manager-2.13.0.jar
2026-09-14 15:08:59,952 [BasicRepositoryConnector-repo.maven.apache.org-3-1] INFO  o.e.m.c.i.e.AbstractTransferListenerAdapter - Downloaded https://repo.maven.apache.org/maven2/org/codehaus/plexus/plexus-compiler-manager/2.13.0/plexus-compiler-manager-2.13.0.jar
2026-09-14 15:08:59,964 [BasicRepositoryConnector-repo.maven.apache.org-3-4] INFO  o.e.m.c.i.e.AbstractTransferListenerAdapter - Downloading https://repo.maven.apache.org/maven2/org/codehaus/plexus/plexus-compiler-javac/2.13.0/plexus-compiler-javac-2.13.0.jar
2026-09-14 15:08:59,972 [BasicRepositoryConnector-repo.maven.apache.org-3-4] INFO  o.e.m.c.i.e.AbstractTransferListenerAdapter - Downloaded https://repo.maven.apache.org/maven2/org/codehaus/plexus/plexus-compiler-javac/2.13.0/plexus-compiler-javac-2.13.0.jar
2026-09-14 15:09:00,011 [BasicRepositoryConnector-repo.maven.apache.org-3-3] INFO  o.e.m.c.i.e.AbstractTransferListenerAdapter - Downloaded https://repo.maven.apache.org/maven2/org/ow2/asm/asm/9.4/asm-9.4.jar
2026-09-14 15:09:00,112 [Worker-80: Importing Maven projects] INFO  o.e.m.c.i.l.LifecycleMappingFactory - Using org.eclipse.m2e.jdt.JarLifecycleMapping lifecycle mapping for MavenProject: com.example:demo:0.0.1-SNAPSHOT @ C:\Users\andre\eclipse-workspace\proyecto_web2\web_2\bin\pom.xml.
2026-09-14 15:09:00,187 [Worker-80: Importing Maven projects] INFO  o.e.m.c.i.e.AbstractTransferListenerAdapter - Downloading https://repo.maven.apache.org/maven2/org/springframework/boot/spring-boot-starter-web/3.2.5/spring-boot-starter-web-3.2.5.pom
2026-09-14 15:09:00,196 [Worker-80: Importing Maven projects] INFO  o.e.m.c.i.e.AbstractTransferListenerAdapter - Downloaded https://repo.maven.apache.org/maven2/org/springframework/boot/spring-boot-starter-web/3.2.5/spring-boot-starter-web-3.2.5.pom
2026-09-14 15:09:00,274 [Worker-80: Importing Maven projects] INFO  o.e.m.c.i.e.AbstractTransferListenerAdapter - Downloading https://repo.maven.apache.org/maven2/org/springframework/boot/spring-boot-starter/3.2.5/spring-boot-starter-3.2.5.pom
2026-09-14 15:09:00,284 [Worker-80: Importing Maven projects] INFO  o.e.m.c.i.e.AbstractTransferListenerAdapter - Downloaded https://repo.maven.apache.org/maven2/org/springframework/boot/spring-boot-starter/3.2.5/spring-boot-starter-3.2.5.pom
2026-09-14 15:09:00,360 [Worker-80: Importing Maven projects] INFO  o.e.m.c.i.e.AbstractTransferListenerAdapter - Downloading https://repo.maven.apache.org/maven2/org/springframework/boot/spring-boot/3.2.5/spring-boot-3.2.5.pom
2026-09-14 15:09:00,372 [Worker-80: Importing Maven projects] INFO  o.e.m.c.i.e.AbstractTransferListenerAdapter - Downloaded https://repo.maven.apache.org/maven2/org/springframework/boot/spring-boot/3.2.5/spring-boot-3.2.5.pom
2026-09-14 15:09:00,444 [Worker-80: Importing Maven projects] INFO  o.e.m.c.i.e.AbstractTransferListenerAdapter - Downloading https://repo.maven.apache.org/maven2/org/springframework/spring-core/6.1.6/spring-core-6.1.6.pom
2026-09-14 15:09:00,453 [Worker-80: Importing Maven projects] INFO  o.e.m.c.i.e.AbstractTransferListenerAdapter - Downloaded https://repo.maven.apache.org/maven2/org/springframework/spring-core/6.1.6/spring-core-6.1.6.pom
2026-09-14 15:09:00,530 [Worker-80: Importing Maven projects] INFO  o.e.m.c.i.e.AbstractTransferListenerAdapter - Downloading https://repo.maven.apache.org/maven2/org/springframework/spring-jcl/6.1.6/spring-jcl-6.1.6.pom
2026-09-14 15:09:00,539 [Worker-80: Importing Maven projects] INFO  o.e.m.c.i.e.AbstractTransferListenerAdapter - Downloaded https://repo.maven.apache.org/maven2/org/springframework/spring-jcl/6.1.6/spring-jcl-6.1.6.pom
2026-09-14 15:09:00,613 [Worker-80: Importing Maven projects] INFO  o.e.m.c.i.e.AbstractTransferListenerAdapter - Downloading https://repo.maven.apache.org/maven2/org/springframework/spring-context/6.1.6/spring-context-6.1.6.pom
2026-09-14 15:09:00,625 [Worker-80: Importing Maven projects] INFO  o.e.m.c.i.e.AbstractTransferListenerAdapter - Downloaded https://repo.maven.apache.org/maven2/org/springframework/spring-context/6.1.6/spring-context-6.1.6.pom
2026-09-14 15:09:00,747 [Worker-80: Importing Maven projects] INFO  o.e.m.c.i.e.AbstractTransferListenerAdapter - Downloading https://repo.maven.apache.org/maven2/org/springframework/spring-aop/6.1.6/spring-aop-6.1.6.pom
2026-09-14 15:09:00,757 [Worker-80: Importing Maven projects] INFO  o.e.m.c.i.e.AbstractTransferListenerAdapter - Downloaded https://repo.maven.apache.org/maven2/org/springframework/spring-aop/6.1.6/spring-aop-6.1.6.pom
2026-09-14 15:09:00,825 [Worker-80: Importing Maven projects] INFO  o.e.m.c.i.e.AbstractTransferListenerAdapter - Downloading https://repo.maven.apache.org/maven2/org/springframework/spring-beans/6.1.6/spring-beans-6.1.6.pom
2026-09-14 15:09:00,833 [Worker-80: Importing Maven projects] INFO  o.e.m.c.i.e.AbstractTransferListenerAdapter - Downloaded https://repo.maven.apache.org/maven2/org/springframework/spring-beans/6.1.6/spring-beans-6.1.6.pom
2026-09-14 15:09:00,901 [Worker-80: Importing Maven projects] INFO  o.e.m.c.i.e.AbstractTransferListenerAdapter - Downloading https://repo.maven.apache.org/maven2/org/springframework/spring-expression/6.1.6/spring-expression-6.1.6.pom
2026-09-14 15:09:00,912 [Worker-80: Importing Maven projects] INFO  o.e.m.c.i.e.AbstractTransferListenerAdapter - Downloaded https://repo.maven.apache.org/maven2/org/springframework/spring-expression/6.1.6/spring-expression-6.1.6.pom
2026-09-14 15:09:00,996 [Worker-80: Importing Maven projects] INFO  o.e.m.c.i.e.AbstractTransferListenerAdapter - Downloading https://repo.maven.apache.org/maven2/io/micrometer/micrometer-observation/1.12.5/micrometer-observation-1.12.5.pom
2026-09-14 15:09:01,005 [Worker-80: Importing Maven projects] INFO  o.e.m.c.i.e.AbstractTransferListenerAdapter - Downloaded https://repo.maven.apache.org/maven2/io/micrometer/micrometer-observation/1.12.5/micrometer-observation-1.12.5.pom
2026-09-14 15:09:01,083 [Worker-80: Importing Maven projects] INFO  o.e.m.c.i.e.AbstractTransferListenerAdapter - Downloading https://repo.maven.apache.org/maven2/io/micrometer/micrometer-commons/1.12.5/micrometer-commons-1.12.5.pom
2026-09-14 15:09:01,094 [Worker-80: Importing Maven projects] INFO  o.e.m.c.i.e.AbstractTransferListenerAdapter - Downloaded https://repo.maven.apache.org/maven2/io/micrometer/micrometer-commons/1.12.5/micrometer-commons-1.12.5.pom
2026-09-14 15:09:01,164 [Worker-80: Importing Maven projects] INFO  o.e.m.c.i.e.AbstractTransferListenerAdapter - Downloading https://repo.maven.apache.org/maven2/org/springframework/boot/spring-boot-autoconfigure/3.2.5/spring-boot-autoconfigure-3.2.5.pom
2026-09-14 15:09:01,175 [Worker-80: Importing Maven projects] INFO  o.e.m.c.i.e.AbstractTransferListenerAdapter - Downloaded https://repo.maven.apache.org/maven2/org/springframework/boot/spring-boot-autoconfigure/3.2.5/spring-boot-autoconfigure-3.2.5.pom
2026-09-14 15:09:01,253 [Worker-80: Importing Maven projects] INFO  o.e.m.c.i.e.AbstractTransferListenerAdapter - Downloading https://repo.maven.apache.org/maven2/org/springframework/boot/spring-boot-starter-logging/3.2.5/spring-boot-starter-logging-3.2.5.pom
2026-09-14 15:09:01,265 [Worker-80: Importing Maven projects] INFO  o.e.m.c.i.e.AbstractTransferListenerAdapter - Downloaded https://repo.maven.apache.org/maven2/org/springframework/boot/spring-boot-starter-logging/3.2.5/spring-boot-starter-logging-3.2.5.pom
2026-09-14 15:09:01,343 [Worker-80: Importing Maven projects] INFO  o.e.m.c.i.e.AbstractTransferListenerAdapter - Downloading https://repo.maven.apache.org/maven2/ch/qos/logback/logback-classic/1.4.14/logback-classic-1.4.14.pom
2026-09-14 15:09:01,354 [Worker-80: Importing Maven projects] INFO  o.e.m.c.i.e.AbstractTransferListenerAdapter - Downloaded https://repo.maven.apache.org/maven2/ch/qos/logback/logback-classic/1.4.14/logback-classic-1.4.14.pom
2026-09-14 15:09:01,435 [Worker-80: Importing Maven projects] INFO  o.e.m.c.i.e.AbstractTransferListenerAdapter - Downloading https://repo.maven.apache.org/maven2/ch/qos/logback/logback-parent/1.4.14/logback-parent-1.4.14.pom
2026-09-14 15:09:01,444 [Worker-80: Importing Maven projects] INFO  o.e.m.c.i.e.AbstractTransferListenerAdapter - Downloaded https://repo.maven.apache.org/maven2/ch/qos/logback/logback-parent/1.4.14/logback-parent-1.4.14.pom
2026-09-14 15:09:01,527 [Worker-80: Importing Maven projects] INFO  o.e.m.c.i.e.AbstractTransferListenerAdapter - Downloading https://repo.maven.apache.org/maven2/ch/qos/logback/logback-core/1.4.14/logback-core-1.4.14.pom
2026-09-14 15:09:01,536 [Worker-80: Importing Maven projects] INFO  o.e.m.c.i.e.AbstractTransferListenerAdapter - Downloaded https://repo.maven.apache.org/maven2/ch/qos/logback/logback-core/1.4.14/logback-core-1.4.14.pom
2026-09-14 15:09:01,632 [Worker-80: Importing Maven projects] INFO  o.e.m.c.i.e.AbstractTransferListenerAdapter - Downloading https://repo.maven.apache.org/maven2/org/slf4j/slf4j-api/2.0.13/slf4j-api-2.0.13.pom
2026-09-14 15:09:01,641 [Worker-80: Importing Maven projects] INFO  o.e.m.c.i.e.AbstractTransferListenerAdapter - Downloaded https://repo.maven.apache.org/maven2/org/slf4j/slf4j-api/2.0.13/slf4j-api-2.0.13.pom
2026-09-14 15:09:01,716 [Worker-80: Importing Maven projects] INFO  o.e.m.c.i.e.AbstractTransferListenerAdapter - Downloading https://repo.maven.apache.org/maven2/org/slf4j/slf4j-parent/2.0.13/slf4j-parent-2.0.13.pom
2026-09-14 15:09:01,725 [Worker-80: Importing Maven projects] INFO  o.e.m.c.i.e.AbstractTransferListenerAdapter - Downloaded https://repo.maven.apache.org/maven2/org/slf4j/slf4j-parent/2.0.13/slf4j-parent-2.0.13.pom
2026-09-14 15:09:01,801 [Worker-80: Importing Maven projects] INFO  o.e.m.c.i.e.AbstractTransferListenerAdapter - Downloading https://repo.maven.apache.org/maven2/org/slf4j/slf4j-bom/2.0.13/slf4j-bom-2.0.13.pom
2026-09-14 15:09:01,811 [Worker-80: Importing Maven projects] INFO  o.e.m.c.i.e.AbstractTransferListenerAdapter - Downloaded https://repo.maven.apache.org/maven2/org/slf4j/slf4j-bom/2.0.13/slf4j-bom-2.0.13.pom
2026-09-14 15:09:01,890 [Worker-80: Importing Maven projects] INFO  o.e.m.c.i.e.AbstractTransferListenerAdapter - Downloading https://repo.maven.apache.org/maven2/org/apache/logging/log4j/log4j-to-slf4j/2.21.1/log4j-to-slf4j-2.21.1.pom
2026-09-14 15:09:01,902 [Worker-80: Importing Maven projects] INFO  o.e.m.c.i.e.AbstractTransferListenerAdapter - Downloaded https://repo.maven.apache.org/maven2/org/apache/logging/log4j/log4j-to-slf4j/2.21.1/log4j-to-slf4j-2.21.1.pom
2026-09-14 15:09:01,978 [Worker-80: Importing Maven projects] INFO  o.e.m.c.i.e.AbstractTransferListenerAdapter - Downloading https://repo.maven.apache.org/maven2/org/apache/logging/log4j/log4j/2.21.1/log4j-2.21.1.pom
2026-09-14 15:09:01,991 [Worker-80: Importing Maven projects] INFO  o.e.m.c.i.e.AbstractTransferListenerAdapter - Downloaded https://repo.maven.apache.org/maven2/org/apache/logging/log4j/log4j/2.21.1/log4j-2.21.1.pom
2026-09-14 15:09:02,073 [Worker-80: Importing Maven projects] INFO  o.e.m.c.i.e.AbstractTransferListenerAdapter - Downloading https://repo.maven.apache.org/maven2/org/ow2/asm/asm-bom/9.5/asm-bom-9.5.pom
2026-09-14 15:09:02,079 [Worker-80: Importing Maven projects] INFO  o.e.m.c.i.e.AbstractTransferListenerAdapter - Downloaded https://repo.maven.apache.org/maven2/org/ow2/asm/asm-bom/9.5/asm-bom-9.5.pom
2026-09-14 15:09:02,153 [Worker-80: Importing Maven projects] INFO  o.e.m.c.i.e.AbstractTransferListenerAdapter - Downloading https://repo.maven.apache.org/maven2/org/codehaus/groovy/groovy-bom/3.0.19/groovy-bom-3.0.19.pom
2026-09-14 15:09:02,166 [Worker-80: Importing Maven projects] INFO  o.e.m.c.i.e.AbstractTransferListenerAdapter - Downloaded https://repo.maven.apache.org/maven2/org/codehaus/groovy/groovy-bom/3.0.19/groovy-bom-3.0.19.pom
2026-09-14 15:09:02,251 [Worker-80: Importing Maven projects] INFO  o.e.m.c.i.e.AbstractTransferListenerAdapter - Downloading https://repo.maven.apache.org/maven2/com/fasterxml/jackson/jackson-bom/2.15.2/jackson-bom-2.15.2.pom
2026-09-14 15:09:02,261 [Worker-80: Importing Maven projects] INFO  o.e.m.c.i.e.AbstractTransferListenerAdapter - Downloaded https://repo.maven.apache.org/maven2/com/fasterxml/jackson/jackson-bom/2.15.2/jackson-bom-2.15.2.pom
2026-09-14 15:09:02,345 [Worker-80: Importing Maven projects] INFO  o.e.m.c.i.e.AbstractTransferListenerAdapter - Downloading https://repo.maven.apache.org/maven2/org/eclipse/jetty/jetty-bom/9.4.53.v20231009/jetty-bom-9.4.53.v20231009.pom
2026-09-14 15:09:02,353 [Worker-80: Importing Maven projects] INFO  o.e.m.c.i.e.AbstractTransferListenerAdapter - Downloaded https://repo.maven.apache.org/maven2/org/eclipse/jetty/jetty-bom/9.4.53.v20231009/jetty-bom-9.4.53.v20231009.pom
2026-09-14 15:09:02,429 [Worker-80: Importing Maven projects] INFO  o.e.m.c.i.e.AbstractTransferListenerAdapter - Downloading https://repo.maven.apache.org/maven2/io/fabric8/kubernetes-client-bom/5.12.4/kubernetes-client-bom-5.12.4.pom
2026-09-14 15:09:02,439 [Worker-80: Importing Maven projects] INFO  o.e.m.c.i.e.AbstractTransferListenerAdapter - Downloaded https://repo.maven.apache.org/maven2/io/fabric8/kubernetes-client-bom/5.12.4/kubernetes-client-bom-5.12.4.pom
2026-09-14 15:09:02,519 [Worker-80: Importing Maven projects] INFO  o.e.m.c.i.e.AbstractTransferListenerAdapter - Downloading https://repo.maven.apache.org/maven2/io/netty/netty-bom/4.1.97.Final/netty-bom-4.1.97.Final.pom
2026-09-14 15:09:02,529 [Worker-80: Importing Maven projects] INFO  o.e.m.c.i.e.AbstractTransferListenerAdapter - Downloaded https://repo.maven.apache.org/maven2/io/netty/netty-bom/4.1.97.Final/netty-bom-4.1.97.Final.pom
2026-09-14 15:09:02,606 [Worker-80: Importing Maven projects] INFO  o.e.m.c.i.e.AbstractTransferListenerAdapter - Downloading https://repo.maven.apache.org/maven2/org/springframework/spring-framework-bom/5.3.29/spring-framework-bom-5.3.29.pom
2026-09-14 15:09:02,616 [Worker-80: Importing Maven projects] INFO  o.e.m.c.i.e.AbstractTransferListenerAdapter - Downloaded https://repo.maven.apache.org/maven2/org/springframework/spring-framework-bom/5.3.29/spring-framework-bom-5.3.29.pom
2026-09-14 15:09:02,692 [Worker-80: Importing Maven projects] INFO  o.e.m.c.i.e.AbstractTransferListenerAdapter - Downloading https://repo.maven.apache.org/maven2/org/apache/logging/log4j/log4j-api/2.21.1/log4j-api-2.21.1.pom
2026-09-14 15:09:02,703 [Worker-80: Importing Maven projects] INFO  o.e.m.c.i.e.AbstractTransferListenerAdapter - Downloaded https://repo.maven.apache.org/maven2/org/apache/logging/log4j/log4j-api/2.21.1/log4j-api-2.21.1.pom
2026-09-14 15:09:02,779 [Worker-80: Importing Maven projects] INFO  o.e.m.c.i.e.AbstractTransferListenerAdapter - Downloading https://repo.maven.apache.org/maven2/org/slf4j/jul-to-slf4j/2.0.13/jul-to-slf4j-2.0.13.pom
2026-09-14 15:09:02,791 [Worker-80: Importing Maven projects] INFO  o.e.m.c.i.e.AbstractTransferListenerAdapter - Downloaded https://repo.maven.apache.org/maven2/org/slf4j/jul-to-slf4j/2.0.13/jul-to-slf4j-2.0.13.pom
2026-09-14 15:09:02,860 [Worker-80: Importing Maven projects] INFO  o.e.m.c.i.e.AbstractTransferListenerAdapter - Downloading https://repo.maven.apache.org/maven2/jakarta/annotation/jakarta.annotation-api/2.1.1/jakarta.annotation-api-2.1.1.pom
2026-09-14 15:09:02,872 [Worker-80: Importing Maven projects] INFO  o.e.m.c.i.e.AbstractTransferListenerAdapter - Downloaded https://repo.maven.apache.org/maven2/jakarta/annotation/jakarta.annotation-api/2.1.1/jakarta.annotation-api-2.1.1.pom
2026-09-14 15:09:02,950 [Worker-80: Importing Maven projects] INFO  o.e.m.c.i.e.AbstractTransferListenerAdapter - Downloading https://repo.maven.apache.org/maven2/org/yaml/snakeyaml/2.2/snakeyaml-2.2.pom
2026-09-14 15:09:02,959 [Worker-80: Importing Maven projects] INFO  o.e.m.c.i.e.AbstractTransferListenerAdapter - Downloaded https://repo.maven.apache.org/maven2/org/yaml/snakeyaml/2.2/snakeyaml-2.2.pom
2026-09-14 15:09:03,032 [Worker-80: Importing Maven projects] INFO  o.e.m.c.i.e.AbstractTransferListenerAdapter - Downloading https://repo.maven.apache.org/maven2/org/springframework/boot/spring-boot-starter-json/3.2.5/spring-boot-starter-json-3.2.5.pom
2026-09-14 15:09:03,042 [Worker-80: Importing Maven projects] INFO  o.e.m.c.i.e.AbstractTransferListenerAdapter - Downloaded https://repo.maven.apache.org/maven2/org/springframework/boot/spring-boot-starter-json/3.2.5/spring-boot-starter-json-3.2.5.pom
2026-09-14 15:09:03,123 [Worker-80: Importing Maven projects] INFO  o.e.m.c.i.e.AbstractTransferListenerAdapter - Downloading https://repo.maven.apache.org/maven2/org/springframework/spring-web/6.1.6/spring-web-6.1.6.pom
2026-09-14 15:09:03,137 [Worker-80: Importing Maven projects] INFO  o.e.m.c.i.e.AbstractTransferListenerAdapter - Downloaded https://repo.maven.apache.org/maven2/org/springframework/spring-web/6.1.6/spring-web-6.1.6.pom
2026-09-14 15:09:03,210 [Worker-80: Importing Maven projects] INFO  o.e.m.c.i.e.AbstractTransferListenerAdapter - Downloading https://repo.maven.apache.org/maven2/com/fasterxml/jackson/core/jackson-databind/2.15.4/jackson-databind-2.15.4.pom
2026-09-14 15:09:03,221 [Worker-80: Importing Maven projects] INFO  o.e.m.c.i.e.AbstractTransferListenerAdapter - Downloaded https://repo.maven.apache.org/maven2/com/fasterxml/jackson/core/jackson-databind/2.15.4/jackson-databind-2.15.4.pom
2026-09-14 15:09:03,292 [Worker-80: Importing Maven projects] INFO  o.e.m.c.i.e.AbstractTransferListenerAdapter - Downloading https://repo.maven.apache.org/maven2/com/fasterxml/jackson/jackson-base/2.15.4/jackson-base-2.15.4.pom
2026-09-14 15:09:03,306 [Worker-80: Importing Maven projects] INFO  o.e.m.c.i.e.AbstractTransferListenerAdapter - Downloaded https://repo.maven.apache.org/maven2/com/fasterxml/jackson/jackson-base/2.15.4/jackson-base-2.15.4.pom
2026-09-14 15:09:03,389 [Worker-80: Importing Maven projects] INFO  o.e.m.c.i.e.AbstractTransferListenerAdapter - Downloading https://repo.maven.apache.org/maven2/org/junit/junit-bom/5.9.2/junit-bom-5.9.2.pom
2026-09-14 15:09:03,400 [Worker-80: Importing Maven projects] INFO  o.e.m.c.i.e.AbstractTransferListenerAdapter - Downloaded https://repo.maven.apache.org/maven2/org/junit/junit-bom/5.9.2/junit-bom-5.9.2.pom
2026-09-14 15:09:03,472 [Worker-80: Importing Maven projects] INFO  o.e.m.c.i.e.AbstractTransferListenerAdapter - Downloading https://repo.maven.apache.org/maven2/com/fasterxml/jackson/core/jackson-annotations/2.15.4/jackson-annotations-2.15.4.pom
2026-09-14 15:09:03,485 [Worker-80: Importing Maven projects] INFO  o.e.m.c.i.e.AbstractTransferListenerAdapter - Downloaded https://repo.maven.apache.org/maven2/com/fasterxml/jackson/core/jackson-annotations/2.15.4/jackson-annotations-2.15.4.pom
2026-09-14 15:09:03,560 [Worker-80: Importing Maven projects] INFO  o.e.m.c.i.e.AbstractTransferListenerAdapter - Downloading https://repo.maven.apache.org/maven2/com/fasterxml/jackson/core/jackson-core/2.15.4/jackson-core-2.15.4.pom
2026-09-14 15:09:03,569 [Worker-80: Importing Maven projects] INFO  o.e.m.c.i.e.AbstractTransferListenerAdapter - Downloaded https://repo.maven.apache.org/maven2/com/fasterxml/jackson/core/jackson-core/2.15.4/jackson-core-2.15.4.pom
2026-09-14 15:09:03,643 [Worker-80: Importing Maven projects] INFO  o.e.m.c.i.e.AbstractTransferListenerAdapter - Downloading https://repo.maven.apache.org/maven2/com/fasterxml/jackson/datatype/jackson-datatype-jdk8/2.15.4/jackson-datatype-jdk8-2.15.4.pom
2026-09-14 15:09:03,653 [Worker-80: Importing Maven projects] INFO  o.e.m.c.i.e.AbstractTransferListenerAdapter - Downloaded https://repo.maven.apache.org/maven2/com/fasterxml/jackson/datatype/jackson-datatype-jdk8/2.15.4/jackson-datatype-jdk8-2.15.4.pom
2026-09-14 15:09:03,726 [Worker-80: Importing Maven projects] INFO  o.e.m.c.i.e.AbstractTransferListenerAdapter - Downloading https://repo.maven.apache.org/maven2/com/fasterxml/jackson/module/jackson-modules-java8/2.15.4/jackson-modules-java8-2.15.4.pom
2026-09-14 15:09:03,738 [Worker-80: Importing Maven projects] INFO  o.e.m.c.i.e.AbstractTransferListenerAdapter - Downloaded https://repo.maven.apache.org/maven2/com/fasterxml/jackson/module/jackson-modules-java8/2.15.4/jackson-modules-java8-2.15.4.pom
2026-09-14 15:09:03,814 [Worker-80: Importing Maven projects] INFO  o.e.m.c.i.e.AbstractTransferListenerAdapter - Downloading https://repo.maven.apache.org/maven2/com/fasterxml/jackson/datatype/jackson-datatype-jsr310/2.15.4/jackson-datatype-jsr310-2.15.4.pom
2026-09-14 15:09:03,825 [Worker-80: Importing Maven projects] INFO  o.e.m.c.i.e.AbstractTransferListenerAdapter - Downloaded https://repo.maven.apache.org/maven2/com/fasterxml/jackson/datatype/jackson-datatype-jsr310/2.15.4/jackson-datatype-jsr310-2.15.4.pom
2026-09-14 15:09:03,904 [Worker-80: Importing Maven projects] INFO  o.e.m.c.i.e.AbstractTransferListenerAdapter - Downloading https://repo.maven.apache.org/maven2/com/fasterxml/jackson/module/jackson-module-parameter-names/2.15.4/jackson-module-parameter-names-2.15.4.pom
2026-09-14 15:09:03,915 [Worker-80: Importing Maven projects] INFO  o.e.m.c.i.e.AbstractTransferListenerAdapter - Downloaded https://repo.maven.apache.org/maven2/com/fasterxml/jackson/module/jackson-module-parameter-names/2.15.4/jackson-module-parameter-names-2.15.4.pom
2026-09-14 15:09:03,996 [Worker-80: Importing Maven projects] INFO  o.e.m.c.i.e.AbstractTransferListenerAdapter - Downloading https://repo.maven.apache.org/maven2/org/springframework/boot/spring-boot-starter-tomcat/3.2.5/spring-boot-starter-tomcat-3.2.5.pom
2026-09-14 15:09:04,005 [Worker-80: Importing Maven projects] INFO  o.e.m.c.i.e.AbstractTransferListenerAdapter - Downloaded https://repo.maven.apache.org/maven2/org/springframework/boot/spring-boot-starter-tomcat/3.2.5/spring-boot-starter-tomcat-3.2.5.pom
2026-09-14 15:09:04,078 [Worker-80: Importing Maven projects] INFO  o.e.m.c.i.e.AbstractTransferListenerAdapter - Downloading https://repo.maven.apache.org/maven2/org/apache/tomcat/embed/tomcat-embed-core/10.1.20/tomcat-embed-core-10.1.20.pom
2026-09-14 15:09:04,090 [Worker-80: Importing Maven projects] INFO  o.e.m.c.i.e.AbstractTransferListenerAdapter - Downloaded https://repo.maven.apache.org/maven2/org/apache/tomcat/embed/tomcat-embed-core/10.1.20/tomcat-embed-core-10.1.20.pom
2026-09-14 15:09:04,160 [Worker-80: Importing Maven projects] INFO  o.e.m.c.i.e.AbstractTransferListenerAdapter - Downloading https://repo.maven.apache.org/maven2/org/apache/tomcat/embed/tomcat-embed-el/10.1.20/tomcat-embed-el-10.1.20.pom
2026-09-14 15:09:04,170 [Worker-80: Importing Maven projects] INFO  o.e.m.c.i.e.AbstractTransferListenerAdapter - Downloaded https://repo.maven.apache.org/maven2/org/apache/tomcat/embed/tomcat-embed-el/10.1.20/tomcat-embed-el-10.1.20.pom
2026-09-14 15:09:04,248 [Worker-80: Importing Maven projects] INFO  o.e.m.c.i.e.AbstractTransferListenerAdapter - Downloading https://repo.maven.apache.org/maven2/org/apache/tomcat/embed/tomcat-embed-websocket/10.1.20/tomcat-embed-websocket-10.1.20.pom
2026-09-14 15:09:04,261 [Worker-80: Importing Maven projects] INFO  o.e.m.c.i.e.AbstractTransferListenerAdapter - Downloaded https://repo.maven.apache.org/maven2/org/apache/tomcat/embed/tomcat-embed-websocket/10.1.20/tomcat-embed-websocket-10.1.20.pom
2026-09-14 15:09:04,340 [Worker-80: Importing Maven projects] INFO  o.e.m.c.i.e.AbstractTransferListenerAdapter - Downloading https://repo.maven.apache.org/maven2/org/springframework/spring-webmvc/6.1.6/spring-webmvc-6.1.6.pom
2026-09-14 15:09:04,351 [Worker-80: Importing Maven projects] INFO  o.e.m.c.i.e.AbstractTransferListenerAdapter - Downloaded https://repo.maven.apache.org/maven2/org/springframework/spring-webmvc/6.1.6/spring-webmvc-6.1.6.pom
2026-09-14 15:09:04,426 [Worker-80: Importing Maven projects] INFO  o.e.m.c.i.e.AbstractTransferListenerAdapter - Downloading https://repo.maven.apache.org/maven2/org/springframework/boot/spring-boot-starter-data-jpa/3.2.5/spring-boot-starter-data-jpa-3.2.5.pom
2026-09-14 15:09:04,437 [Worker-80: Importing Maven projects] INFO  o.e.m.c.i.e.AbstractTransferListenerAdapter - Downloaded https://repo.maven.apache.org/maven2/org/springframework/boot/spring-boot-starter-data-jpa/3.2.5/spring-boot-starter-data-jpa-3.2.5.pom
2026-09-14 15:09:04,513 [Worker-80: Importing Maven projects] INFO  o.e.m.c.i.e.AbstractTransferListenerAdapter - Downloading https://repo.maven.apache.org/maven2/org/springframework/boot/spring-boot-starter-aop/3.2.5/spring-boot-starter-aop-3.2.5.pom
2026-09-14 15:09:04,521 [Worker-80: Importing Maven projects] INFO  o.e.m.c.i.e.AbstractTransferListenerAdapter - Downloaded https://repo.maven.apache.org/maven2/org/springframework/boot/spring-boot-starter-aop/3.2.5/spring-boot-starter-aop-3.2.5.pom
2026-09-14 15:09:04,597 [Worker-80: Importing Maven projects] INFO  o.e.m.c.i.e.AbstractTransferListenerAdapter - Downloading https://repo.maven.apache.org/maven2/org/aspectj/aspectjweaver/1.9.22/aspectjweaver-1.9.22.pom
2026-09-14 15:09:04,608 [Worker-80: Importing Maven projects] INFO  o.e.m.c.i.e.AbstractTransferListenerAdapter - Downloaded https://repo.maven.apache.org/maven2/org/aspectj/aspectjweaver/1.9.22/aspectjweaver-1.9.22.pom
2026-09-14 15:09:04,679 [Worker-80: Importing Maven projects] INFO  o.e.m.c.i.e.AbstractTransferListenerAdapter - Downloading https://repo.maven.apache.org/maven2/org/springframework/boot/spring-boot-starter-jdbc/3.2.5/spring-boot-starter-jdbc-3.2.5.pom
2026-09-14 15:09:04,690 [Worker-80: Importing Maven projects] INFO  o.e.m.c.i.e.AbstractTransferListenerAdapter - Downloaded https://repo.maven.apache.org/maven2/org/springframework/boot/spring-boot-starter-jdbc/3.2.5/spring-boot-starter-jdbc-3.2.5.pom
2026-09-14 15:09:04,769 [Worker-80: Importing Maven projects] INFO  o.e.m.c.i.e.AbstractTransferListenerAdapter - Downloading https://repo.maven.apache.org/maven2/com/zaxxer/HikariCP/5.0.1/HikariCP-5.0.1.pom
2026-09-14 15:09:04,780 [Worker-80: Importing Maven projects] INFO  o.e.m.c.i.e.AbstractTransferListenerAdapter - Downloaded https://repo.maven.apache.org/maven2/com/zaxxer/HikariCP/5.0.1/HikariCP-5.0.1.pom
2026-09-14 15:09:04,857 [Worker-80: Importing Maven projects] INFO  o.e.m.c.i.e.AbstractTransferListenerAdapter - Downloading https://repo.maven.apache.org/maven2/org/springframework/spring-jdbc/6.1.6/spring-jdbc-6.1.6.pom
2026-09-14 15:09:04,864 [Worker-80: Importing Maven projects] INFO  o.e.m.c.i.e.AbstractTransferListenerAdapter - Downloaded https://repo.maven.apache.org/maven2/org/springframework/spring-jdbc/6.1.6/spring-jdbc-6.1.6.pom
2026-09-14 15:09:04,939 [Worker-80: Importing Maven projects] INFO  o.e.m.c.i.e.AbstractTransferListenerAdapter - Downloading https://repo.maven.apache.org/maven2/org/springframework/spring-tx/6.1.6/spring-tx-6.1.6.pom
2026-09-14 15:09:04,947 [Worker-80: Importing Maven projects] INFO  o.e.m.c.i.e.AbstractTransferListenerAdapter - Downloaded https://repo.maven.apache.org/maven2/org/springframework/spring-tx/6.1.6/spring-tx-6.1.6.pom
2026-09-14 15:09:05,021 [Worker-80: Importing Maven projects] INFO  o.e.m.c.i.e.AbstractTransferListenerAdapter - Downloading https://repo.maven.apache.org/maven2/org/hibernate/orm/hibernate-core/6.4.4.Final/hibernate-core-6.4.4.Final.pom
2026-09-14 15:09:05,033 [Worker-80: Importing Maven projects] INFO  o.e.m.c.i.e.AbstractTransferListenerAdapter - Downloaded https://repo.maven.apache.org/maven2/org/hibernate/orm/hibernate-core/6.4.4.Final/hibernate-core-6.4.4.Final.pom
2026-09-14 15:09:05,109 [Worker-80: Importing Maven projects] INFO  o.e.m.c.i.e.AbstractTransferListenerAdapter - Downloading https://repo.maven.apache.org/maven2/jakarta/persistence/jakarta.persistence-api/3.1.0/jakarta.persistence-api-3.1.0.pom
2026-09-14 15:09:05,118 [Worker-80: Importing Maven projects] INFO  o.e.m.c.i.e.AbstractTransferListenerAdapter - Downloaded https://repo.maven.apache.org/maven2/jakarta/persistence/jakarta.persistence-api/3.1.0/jakarta.persistence-api-3.1.0.pom
2026-09-14 15:09:05,194 [Worker-80: Importing Maven projects] INFO  o.e.m.c.i.e.AbstractTransferListenerAdapter - Downloading https://repo.maven.apache.org/maven2/org/jboss/logging/jboss-logging/3.5.3.Final/jboss-logging-3.5.3.Final.pom
2026-09-14 15:09:05,201 [Worker-80: Importing Maven projects] INFO  o.e.m.c.i.e.AbstractTransferListenerAdapter - Downloaded https://repo.maven.apache.org/maven2/org/jboss/logging/jboss-logging/3.5.3.Final/jboss-logging-3.5.3.Final.pom
2026-09-14 15:09:05,280 [Worker-80: Importing Maven projects] INFO  o.e.m.c.i.e.AbstractTransferListenerAdapter - Downloading https://repo.maven.apache.org/maven2/org/jboss/logging/logging-parent/1.0.1.Final/logging-parent-1.0.1.Final.pom
2026-09-14 15:09:05,292 [Worker-80: Importing Maven projects] INFO  o.e.m.c.i.e.AbstractTransferListenerAdapter - Downloaded https://repo.maven.apache.org/maven2/org/jboss/logging/logging-parent/1.0.1.Final/logging-parent-1.0.1.Final.pom
2026-09-14 15:09:05,374 [Worker-80: Importing Maven projects] INFO  o.e.m.c.i.e.AbstractTransferListenerAdapter - Downloading https://repo.maven.apache.org/maven2/org/hibernate/common/hibernate-commons-annotations/6.0.6.Final/hibernate-commons-annotations-6.0.6.Final.pom
2026-09-14 15:09:05,384 [Worker-80: Importing Maven projects] INFO  o.e.m.c.i.e.AbstractTransferListenerAdapter - Downloaded https://repo.maven.apache.org/maven2/org/hibernate/common/hibernate-commons-annotations/6.0.6.Final/hibernate-commons-annotations-6.0.6.Final.pom
2026-09-14 15:09:05,466 [Worker-80: Importing Maven projects] INFO  o.e.m.c.i.e.AbstractTransferListenerAdapter - Downloading https://repo.maven.apache.org/maven2/io/smallrye/jandex/3.1.2/jandex-3.1.2.pom
2026-09-14 15:09:05,474 [Worker-80: Importing Maven projects] INFO  o.e.m.c.i.e.AbstractTransferListenerAdapter - Downloaded https://repo.maven.apache.org/maven2/io/smallrye/jandex/3.1.2/jandex-3.1.2.pom
2026-09-14 15:09:05,548 [Worker-80: Importing Maven projects] INFO  o.e.m.c.i.e.AbstractTransferListenerAdapter - Downloading https://repo.maven.apache.org/maven2/io/smallrye/jandex-parent/3.1.2/jandex-parent-3.1.2.pom
2026-09-14 15:09:05,561 [Worker-80: Importing Maven projects] INFO  o.e.m.c.i.e.AbstractTransferListenerAdapter - Downloaded https://repo.maven.apache.org/maven2/io/smallrye/jandex-parent/3.1.2/jandex-parent-3.1.2.pom
2026-09-14 15:09:05,634 [Worker-80: Importing Maven projects] INFO  o.e.m.c.i.e.AbstractTransferListenerAdapter - Downloading https://repo.maven.apache.org/maven2/io/smallrye/smallrye-build-parent/39/smallrye-build-parent-39.pom
2026-09-14 15:09:05,647 [Worker-80: Importing Maven projects] INFO  o.e.m.c.i.e.AbstractTransferListenerAdapter - Downloaded https://repo.maven.apache.org/maven2/io/smallrye/smallrye-build-parent/39/smallrye-build-parent-39.pom
2026-09-14 15:09:05,726 [Worker-80: Importing Maven projects] INFO  o.e.m.c.i.e.AbstractTransferListenerAdapter - Downloading https://repo.maven.apache.org/maven2/com/fasterxml/classmate/1.6.0/classmate-1.6.0.pom
2026-09-14 15:09:05,736 [Worker-80: Importing Maven projects] INFO  o.e.m.c.i.e.AbstractTransferListenerAdapter - Downloaded https://repo.maven.apache.org/maven2/com/fasterxml/classmate/1.6.0/classmate-1.6.0.pom
2026-09-14 15:09:05,809 [Worker-80: Importing Maven projects] INFO  o.e.m.c.i.e.AbstractTransferListenerAdapter - Downloading https://repo.maven.apache.org/maven2/com/fasterxml/oss-parent/55/oss-parent-55.pom
2026-09-14 15:09:05,818 [Worker-80: Importing Maven projects] INFO  o.e.m.c.i.e.AbstractTransferListenerAdapter - Downloaded https://repo.maven.apache.org/maven2/com/fasterxml/oss-parent/55/oss-parent-55.pom
2026-09-14 15:09:05,893 [Worker-80: Importing Maven projects] INFO  o.e.m.c.i.e.AbstractTransferListenerAdapter - Downloading https://repo.maven.apache.org/maven2/net/bytebuddy/byte-buddy/1.14.13/byte-buddy-1.14.13.pom
2026-09-14 15:09:05,900 [Worker-80: Importing Maven projects] INFO  o.e.m.c.i.e.AbstractTransferListenerAdapter - Downloaded https://repo.maven.apache.org/maven2/net/bytebuddy/byte-buddy/1.14.13/byte-buddy-1.14.13.pom
2026-09-14 15:09:05,986 [Worker-80: Importing Maven projects] INFO  o.e.m.c.i.e.AbstractTransferListenerAdapter - Downloading https://repo.maven.apache.org/maven2/net/bytebuddy/byte-buddy-parent/1.14.13/byte-buddy-parent-1.14.13.pom
2026-09-14 15:09:05,996 [Worker-80: Importing Maven projects] INFO  o.e.m.c.i.e.AbstractTransferListenerAdapter - Downloaded https://repo.maven.apache.org/maven2/net/bytebuddy/byte-buddy-parent/1.14.13/byte-buddy-parent-1.14.13.pom
2026-09-14 15:09:06,073 [Worker-80: Importing Maven projects] INFO  o.e.m.c.i.e.AbstractTransferListenerAdapter - Downloading https://repo.maven.apache.org/maven2/jakarta/xml/bind/jakarta.xml.bind-api/4.0.2/jakarta.xml.bind-api-4.0.2.pom
2026-09-14 15:09:06,083 [Worker-80: Importing Maven projects] INFO  o.e.m.c.i.e.AbstractTransferListenerAdapter - Downloaded https://repo.maven.apache.org/maven2/jakarta/xml/bind/jakarta.xml.bind-api/4.0.2/jakarta.xml.bind-api-4.0.2.pom
2026-09-14 15:09:06,229 [Worker-80: Importing Maven projects] INFO  o.e.m.c.i.e.AbstractTransferListenerAdapter - Downloading https://repo.maven.apache.org/maven2/jakarta/xml/bind/jakarta.xml.bind-api-parent/4.0.2/jakarta.xml.bind-api-parent-4.0.2.pom
2026-09-14 15:09:06,237 [Worker-80: Importing Maven projects] INFO  o.e.m.c.i.e.AbstractTransferListenerAdapter - Downloaded https://repo.maven.apache.org/maven2/jakarta/xml/bind/jakarta.xml.bind-api-parent/4.0.2/jakarta.xml.bind-api-parent-4.0.2.pom
2026-09-14 15:09:06,312 [Worker-80: Importing Maven projects] INFO  o.e.m.c.i.e.AbstractTransferListenerAdapter - Downloading https://repo.maven.apache.org/maven2/jakarta/activation/jakarta.activation-api/2.1.3/jakarta.activation-api-2.1.3.pom
2026-09-14 15:09:06,322 [Worker-80: Importing Maven projects] INFO  o.e.m.c.i.e.AbstractTransferListenerAdapter - Downloaded https://repo.maven.apache.org/maven2/jakarta/activation/jakarta.activation-api/2.1.3/jakarta.activation-api-2.1.3.pom
2026-09-14 15:09:06,399 [Worker-80: Importing Maven projects] INFO  o.e.m.c.i.e.AbstractTransferListenerAdapter - Downloading https://repo.maven.apache.org/maven2/org/glassfish/jaxb/jaxb-runtime/4.0.5/jaxb-runtime-4.0.5.pom
2026-09-14 15:09:06,406 [Worker-80: Importing Maven projects] INFO  o.e.m.c.i.e.AbstractTransferListenerAdapter - Downloaded https://repo.maven.apache.org/maven2/org/glassfish/jaxb/jaxb-runtime/4.0.5/jaxb-runtime-4.0.5.pom
2026-09-14 15:09:06,483 [Worker-80: Importing Maven projects] INFO  o.e.m.c.i.e.AbstractTransferListenerAdapter - Downloading https://repo.maven.apache.org/maven2/com/sun/xml/bind/mvn/jaxb-runtime-parent/4.0.5/jaxb-runtime-parent-4.0.5.pom
2026-09-14 15:09:06,491 [Worker-80: Importing Maven projects] INFO  o.e.m.c.i.e.AbstractTransferListenerAdapter - Downloaded https://repo.maven.apache.org/maven2/com/sun/xml/bind/mvn/jaxb-runtime-parent/4.0.5/jaxb-runtime-parent-4.0.5.pom
2026-09-14 15:09:06,570 [Worker-80: Importing Maven projects] INFO  o.e.m.c.i.e.AbstractTransferListenerAdapter - Downloading https://repo.maven.apache.org/maven2/com/sun/xml/bind/mvn/jaxb-parent/4.0.5/jaxb-parent-4.0.5.pom
2026-09-14 15:09:06,578 [Worker-80: Importing Maven projects] INFO  o.e.m.c.i.e.AbstractTransferListenerAdapter - Downloaded https://repo.maven.apache.org/maven2/com/sun/xml/bind/mvn/jaxb-parent/4.0.5/jaxb-parent-4.0.5.pom
2026-09-14 15:09:06,657 [Worker-80: Importing Maven projects] INFO  o.e.m.c.i.e.AbstractTransferListenerAdapter - Downloading https://repo.maven.apache.org/maven2/com/sun/xml/bind/jaxb-bom-ext/4.0.5/jaxb-bom-ext-4.0.5.pom
2026-09-14 15:09:06,666 [Worker-80: Importing Maven projects] INFO  o.e.m.c.i.e.AbstractTransferListenerAdapter - Downloaded https://repo.maven.apache.org/maven2/com/sun/xml/bind/jaxb-bom-ext/4.0.5/jaxb-bom-ext-4.0.5.pom
2026-09-14 15:09:06,750 [Worker-80: Importing Maven projects] INFO  o.e.m.c.i.e.AbstractTransferListenerAdapter - Downloading https://repo.maven.apache.org/maven2/org/glassfish/jaxb/jaxb-core/4.0.5/jaxb-core-4.0.5.pom
2026-09-14 15:09:06,760 [Worker-80: Importing Maven projects] INFO  o.e.m.c.i.e.AbstractTransferListenerAdapter - Downloaded https://repo.maven.apache.org/maven2/org/glassfish/jaxb/jaxb-core/4.0.5/jaxb-core-4.0.5.pom
2026-09-14 15:09:06,837 [Worker-80: Importing Maven projects] INFO  o.e.m.c.i.e.AbstractTransferListenerAdapter - Downloading https://repo.maven.apache.org/maven2/org/eclipse/angus/angus-activation/2.0.2/angus-activation-2.0.2.pom
2026-09-14 15:09:06,844 [Worker-80: Importing Maven projects] INFO  o.e.m.c.i.e.AbstractTransferListenerAdapter - Downloaded https://repo.maven.apache.org/maven2/org/eclipse/angus/angus-activation/2.0.2/angus-activation-2.0.2.pom
2026-09-14 15:09:06,917 [Worker-80: Importing Maven projects] INFO  o.e.m.c.i.e.AbstractTransferListenerAdapter - Downloading https://repo.maven.apache.org/maven2/org/eclipse/angus/angus-activation-project/2.0.2/angus-activation-project-2.0.2.pom
2026-09-14 15:09:06,930 [Worker-80: Importing Maven projects] INFO  o.e.m.c.i.e.AbstractTransferListenerAdapter - Downloaded https://repo.maven.apache.org/maven2/org/eclipse/angus/angus-activation-project/2.0.2/angus-activation-project-2.0.2.pom
2026-09-14 15:09:07,003 [Worker-80: Importing Maven projects] INFO  o.e.m.c.i.e.AbstractTransferListenerAdapter - Downloading https://repo.maven.apache.org/maven2/org/glassfish/jaxb/txw2/4.0.5/txw2-4.0.5.pom
2026-09-14 15:09:07,015 [Worker-80: Importing Maven projects] INFO  o.e.m.c.i.e.AbstractTransferListenerAdapter - Downloaded https://repo.maven.apache.org/maven2/org/glassfish/jaxb/txw2/4.0.5/txw2-4.0.5.pom
2026-09-14 15:09:07,085 [Worker-80: Importing Maven projects] INFO  o.e.m.c.i.e.AbstractTransferListenerAdapter - Downloading https://repo.maven.apache.org/maven2/com/sun/xml/bind/mvn/jaxb-txw-parent/4.0.5/jaxb-txw-parent-4.0.5.pom
2026-09-14 15:09:07,094 [Worker-80: Importing Maven projects] INFO  o.e.m.c.i.e.AbstractTransferListenerAdapter - Downloaded https://repo.maven.apache.org/maven2/com/sun/xml/bind/mvn/jaxb-txw-parent/4.0.5/jaxb-txw-parent-4.0.5.pom
2026-09-14 15:09:07,180 [Worker-80: Importing Maven projects] INFO  o.e.m.c.i.e.AbstractTransferListenerAdapter - Downloading https://repo.maven.apache.org/maven2/org/antlr/antlr4-runtime/4.13.0/antlr4-runtime-4.13.0.pom
2026-09-14 15:09:07,188 [Worker-80: Importing Maven projects] INFO  o.e.m.c.i.e.AbstractTransferListenerAdapter - Downloaded https://repo.maven.apache.org/maven2/org/antlr/antlr4-runtime/4.13.0/antlr4-runtime-4.13.0.pom
2026-09-14 15:09:07,265 [Worker-80: Importing Maven projects] INFO  o.e.m.c.i.e.AbstractTransferListenerAdapter - Downloading https://repo.maven.apache.org/maven2/org/antlr/antlr4-master/4.13.0/antlr4-master-4.13.0.pom
2026-09-14 15:09:07,273 [Worker-80: Importing Maven projects] INFO  o.e.m.c.i.e.AbstractTransferListenerAdapter - Downloaded https://repo.maven.apache.org/maven2/org/antlr/antlr4-master/4.13.0/antlr4-master-4.13.0.pom
2026-09-14 15:09:07,344 [Worker-80: Importing Maven projects] INFO  o.e.m.c.i.e.AbstractTransferListenerAdapter - Downloading https://repo.maven.apache.org/maven2/org/springframework/data/spring-data-jpa/3.2.5/spring-data-jpa-3.2.5.pom
2026-09-14 15:09:07,353 [Worker-80: Importing Maven projects] INFO  o.e.m.c.i.e.AbstractTransferListenerAdapter - Downloaded https://repo.maven.apache.org/maven2/org/springframework/data/spring-data-jpa/3.2.5/spring-data-jpa-3.2.5.pom
2026-09-14 15:09:07,427 [Worker-80: Importing Maven projects] INFO  o.e.m.c.i.e.AbstractTransferListenerAdapter - Downloading https://repo.maven.apache.org/maven2/org/springframework/data/spring-data-jpa-parent/3.2.5/spring-data-jpa-parent-3.2.5.pom
2026-09-14 15:09:07,438 [Worker-80: Importing Maven projects] INFO  o.e.m.c.i.e.AbstractTransferListenerAdapter - Downloaded https://repo.maven.apache.org/maven2/org/springframework/data/spring-data-jpa-parent/3.2.5/spring-data-jpa-parent-3.2.5.pom
2026-09-14 15:09:07,516 [Worker-80: Importing Maven projects] INFO  o.e.m.c.i.e.AbstractTransferListenerAdapter - Downloading https://repo.maven.apache.org/maven2/org/springframework/data/build/spring-data-parent/3.2.5/spring-data-parent-3.2.5.pom
2026-09-14 15:09:07,528 [Worker-80: Importing Maven projects] INFO  o.e.m.c.i.e.AbstractTransferListenerAdapter - Downloaded https://repo.maven.apache.org/maven2/org/springframework/data/build/spring-data-parent/3.2.5/spring-data-parent-3.2.5.pom
2026-09-14 15:09:07,600 [Worker-80: Importing Maven projects] INFO  o.e.m.c.i.e.AbstractTransferListenerAdapter - Downloading https://repo.maven.apache.org/maven2/org/springframework/data/build/spring-data-build/3.2.5/spring-data-build-3.2.5.pom
2026-09-14 15:09:07,612 [Worker-80: Importing Maven projects] INFO  o.e.m.c.i.e.AbstractTransferListenerAdapter - Downloaded https://repo.maven.apache.org/maven2/org/springframework/data/build/spring-data-build/3.2.5/spring-data-build-3.2.5.pom
2026-09-14 15:09:07,726 [Worker-80: Importing Maven projects] INFO  o.e.m.c.i.e.AbstractTransferListenerAdapter - Downloading https://repo.maven.apache.org/maven2/org/springframework/data/spring-data-commons/3.2.5/spring-data-commons-3.2.5.pom
2026-09-14 15:09:07,734 [Worker-80: Importing Maven projects] INFO  o.e.m.c.i.e.AbstractTransferListenerAdapter - Downloaded https://repo.maven.apache.org/maven2/org/springframework/data/spring-data-commons/3.2.5/spring-data-commons-3.2.5.pom
2026-09-14 15:09:07,808 [Worker-80: Importing Maven projects] INFO  o.e.m.c.i.e.AbstractTransferListenerAdapter - Downloading https://repo.maven.apache.org/maven2/org/springframework/spring-orm/6.1.6/spring-orm-6.1.6.pom
2026-09-14 15:09:07,816 [Worker-80: Importing Maven projects] INFO  o.e.m.c.i.e.AbstractTransferListenerAdapter - Downloaded https://repo.maven.apache.org/maven2/org/springframework/spring-orm/6.1.6/spring-orm-6.1.6.pom
2026-09-14 15:09:07,890 [Worker-80: Importing Maven projects] INFO  o.e.m.c.i.e.AbstractTransferListenerAdapter - Downloading https://repo.maven.apache.org/maven2/org/springframework/spring-aspects/6.1.6/spring-aspects-6.1.6.pom
2026-09-14 15:09:07,898 [Worker-80: Importing Maven projects] INFO  o.e.m.c.i.e.AbstractTransferListenerAdapter - Downloaded https://repo.maven.apache.org/maven2/org/springframework/spring-aspects/6.1.6/spring-aspects-6.1.6.pom
2026-09-14 15:09:07,971 [Worker-80: Importing Maven projects] INFO  o.e.m.c.i.e.AbstractTransferListenerAdapter - Downloading https://repo.maven.apache.org/maven2/org/projectlombok/lombok/1.18.32/lombok-1.18.32.pom
2026-09-14 15:09:07,982 [Worker-80: Importing Maven projects] INFO  o.e.m.c.i.e.AbstractTransferListenerAdapter - Downloaded https://repo.maven.apache.org/maven2/org/projectlombok/lombok/1.18.32/lombok-1.18.32.pom
2026-09-14 15:09:08,056 [Worker-80: Importing Maven projects] INFO  o.e.m.c.i.e.AbstractTransferListenerAdapter - Downloading https://repo.maven.apache.org/maven2/org/springframework/boot/spring-boot-starter-test/3.2.5/spring-boot-starter-test-3.2.5.pom
2026-09-14 15:09:08,067 [Worker-80: Importing Maven projects] INFO  o.e.m.c.i.e.AbstractTransferListenerAdapter - Downloaded https://repo.maven.apache.org/maven2/org/springframework/boot/spring-boot-starter-test/3.2.5/spring-boot-starter-test-3.2.5.pom
2026-09-14 15:09:08,150 [Worker-80: Importing Maven projects] INFO  o.e.m.c.i.e.AbstractTransferListenerAdapter - Downloading https://repo.maven.apache.org/maven2/org/springframework/boot/spring-boot-test/3.2.5/spring-boot-test-3.2.5.pom
2026-09-14 15:09:08,160 [Worker-80: Importing Maven projects] INFO  o.e.m.c.i.e.AbstractTransferListenerAdapter - Downloaded https://repo.maven.apache.org/maven2/org/springframework/boot/spring-boot-test/3.2.5/spring-boot-test-3.2.5.pom
2026-09-14 15:09:08,241 [Worker-80: Importing Maven projects] INFO  o.e.m.c.i.e.AbstractTransferListenerAdapter - Downloading https://repo.maven.apache.org/maven2/org/springframework/boot/spring-boot-test-autoconfigure/3.2.5/spring-boot-test-autoconfigure-3.2.5.pom
2026-09-14 15:09:08,253 [Worker-80: Importing Maven projects] INFO  o.e.m.c.i.e.AbstractTransferListenerAdapter - Downloaded https://repo.maven.apache.org/maven2/org/springframework/boot/spring-boot-test-autoconfigure/3.2.5/spring-boot-test-autoconfigure-3.2.5.pom
2026-09-14 15:09:08,337 [Worker-80: Importing Maven projects] INFO  o.e.m.c.i.e.AbstractTransferListenerAdapter - Downloading https://repo.maven.apache.org/maven2/com/jayway/jsonpath/json-path/2.9.0/json-path-2.9.0.pom
2026-09-14 15:09:08,343 [Worker-80: Importing Maven projects] INFO  o.e.m.c.i.e.AbstractTransferListenerAdapter - Downloaded https://repo.maven.apache.org/maven2/com/jayway/jsonpath/json-path/2.9.0/json-path-2.9.0.pom
2026-09-14 15:09:08,417 [Worker-80: Importing Maven projects] INFO  o.e.m.c.i.e.AbstractTransferListenerAdapter - Downloading https://repo.maven.apache.org/maven2/net/minidev/json-smart/2.5.1/json-smart-2.5.1.pom
2026-09-14 15:09:08,424 [Worker-80: Importing Maven projects] INFO  o.e.m.c.i.e.AbstractTransferListenerAdapter - Downloaded https://repo.maven.apache.org/maven2/net/minidev/json-smart/2.5.1/json-smart-2.5.1.pom
2026-09-14 15:09:08,492 [Worker-80: Importing Maven projects] INFO  o.e.m.c.i.e.AbstractTransferListenerAdapter - Downloading https://repo.maven.apache.org/maven2/net/minidev/accessors-smart/2.5.1/accessors-smart-2.5.1.pom
2026-09-14 15:09:08,498 [Worker-80: Importing Maven projects] INFO  o.e.m.c.i.e.AbstractTransferListenerAdapter - Downloaded https://repo.maven.apache.org/maven2/net/minidev/accessors-smart/2.5.1/accessors-smart-2.5.1.pom
2026-09-14 15:09:08,569 [Worker-80: Importing Maven projects] INFO  o.e.m.c.i.e.AbstractTransferListenerAdapter - Downloading https://repo.maven.apache.org/maven2/org/assertj/assertj-core/3.24.2/assertj-core-3.24.2.pom
2026-09-14 15:09:08,578 [Worker-80: Importing Maven projects] INFO  o.e.m.c.i.e.AbstractTransferListenerAdapter - Downloaded https://repo.maven.apache.org/maven2/org/assertj/assertj-core/3.24.2/assertj-core-3.24.2.pom
2026-09-14 15:09:08,653 [Worker-80: Importing Maven projects] INFO  o.e.m.c.i.e.AbstractTransferListenerAdapter - Downloading https://repo.maven.apache.org/maven2/org/assertj/assertj-parent/3.24.2/assertj-parent-3.24.2.pom
2026-09-14 15:09:08,665 [Worker-80: Importing Maven projects] INFO  o.e.m.c.i.e.AbstractTransferListenerAdapter - Downloaded https://repo.maven.apache.org/maven2/org/assertj/assertj-parent/3.24.2/assertj-parent-3.24.2.pom
2026-09-14 15:09:08,742 [Worker-80: Importing Maven projects] INFO  o.e.m.c.i.e.AbstractTransferListenerAdapter - Downloading https://repo.maven.apache.org/maven2/org/assertj/assertj-build/3.24.2/assertj-build-3.24.2.pom
2026-09-14 15:09:08,755 [Worker-80: Importing Maven projects] INFO  o.e.m.c.i.e.AbstractTransferListenerAdapter - Downloaded https://repo.maven.apache.org/maven2/org/assertj/assertj-build/3.24.2/assertj-build-3.24.2.pom
2026-09-14 15:09:08,834 [Worker-80: Importing Maven projects] INFO  o.e.m.c.i.e.AbstractTransferListenerAdapter - Downloading https://repo.maven.apache.org/maven2/org/awaitility/awaitility/4.2.1/awaitility-4.2.1.pom
2026-09-14 15:09:08,843 [Worker-80: Importing Maven projects] INFO  o.e.m.c.i.e.AbstractTransferListenerAdapter - Downloaded https://repo.maven.apache.org/maven2/org/awaitility/awaitility/4.2.1/awaitility-4.2.1.pom
2026-09-14 15:09:08,924 [Worker-80: Importing Maven projects] INFO  o.e.m.c.i.e.AbstractTransferListenerAdapter - Downloading https://repo.maven.apache.org/maven2/org/awaitility/awaitility-parent/4.2.1/awaitility-parent-4.2.1.pom
2026-09-14 15:09:08,932 [Worker-80: Importing Maven projects] INFO  o.e.m.c.i.e.AbstractTransferListenerAdapter - Downloaded https://repo.maven.apache.org/maven2/org/awaitility/awaitility-parent/4.2.1/awaitility-parent-4.2.1.pom
2026-09-14 15:09:09,000 [Worker-80: Importing Maven projects] INFO  o.e.m.c.i.e.AbstractTransferListenerAdapter - Downloading https://repo.maven.apache.org/maven2/org/hamcrest/hamcrest/2.2/hamcrest-2.2.pom
2026-09-14 15:09:09,008 [Worker-80: Importing Maven projects] INFO  o.e.m.c.i.e.AbstractTransferListenerAdapter - Downloaded https://repo.maven.apache.org/maven2/org/hamcrest/hamcrest/2.2/hamcrest-2.2.pom
2026-09-14 15:09:09,086 [Worker-80: Importing Maven projects] INFO  o.e.m.c.i.e.AbstractTransferListenerAdapter - Downloading https://repo.maven.apache.org/maven2/org/junit/jupiter/junit-jupiter/5.10.2/junit-jupiter-5.10.2.pom
2026-09-14 15:09:09,092 [Worker-80: Importing Maven projects] INFO  o.e.m.c.i.e.AbstractTransferListenerAdapter - Downloaded https://repo.maven.apache.org/maven2/org/junit/jupiter/junit-jupiter/5.10.2/junit-jupiter-5.10.2.pom
2026-09-14 15:09:09,174 [Worker-80: Importing Maven projects] INFO  o.e.m.c.i.e.AbstractTransferListenerAdapter - Downloading https://repo.maven.apache.org/maven2/org/junit/jupiter/junit-jupiter-api/5.10.2/junit-jupiter-api-5.10.2.pom
2026-09-14 15:09:09,183 [Worker-80: Importing Maven projects] INFO  o.e.m.c.i.e.AbstractTransferListenerAdapter - Downloaded https://repo.maven.apache.org/maven2/org/junit/jupiter/junit-jupiter-api/5.10.2/junit-jupiter-api-5.10.2.pom
2026-09-14 15:09:09,262 [Worker-80: Importing Maven projects] INFO  o.e.m.c.i.e.AbstractTransferListenerAdapter - Downloading https://repo.maven.apache.org/maven2/org/junit/platform/junit-platform-commons/1.10.2/junit-platform-commons-1.10.2.pom
2026-09-14 15:09:09,271 [Worker-80: Importing Maven projects] INFO  o.e.m.c.i.e.AbstractTransferListenerAdapter - Downloaded https://repo.maven.apache.org/maven2/org/junit/platform/junit-platform-commons/1.10.2/junit-platform-commons-1.10.2.pom
2026-09-14 15:09:09,345 [Worker-80: Importing Maven projects] INFO  o.e.m.c.i.e.AbstractTransferListenerAdapter - Downloading https://repo.maven.apache.org/maven2/org/junit/jupiter/junit-jupiter-params/5.10.2/junit-jupiter-params-5.10.2.pom
2026-09-14 15:09:09,356 [Worker-80: Importing Maven projects] INFO  o.e.m.c.i.e.AbstractTransferListenerAdapter - Downloaded https://repo.maven.apache.org/maven2/org/junit/jupiter/junit-jupiter-params/5.10.2/junit-jupiter-params-5.10.2.pom
2026-09-14 15:09:09,434 [Worker-80: Importing Maven projects] INFO  o.e.m.c.i.e.AbstractTransferListenerAdapter - Downloading https://repo.maven.apache.org/maven2/org/junit/jupiter/junit-jupiter-engine/5.10.2/junit-jupiter-engine-5.10.2.pom
2026-09-14 15:09:09,445 [Worker-80: Importing Maven projects] INFO  o.e.m.c.i.e.AbstractTransferListenerAdapter - Downloaded https://repo.maven.apache.org/maven2/org/junit/jupiter/junit-jupiter-engine/5.10.2/junit-jupiter-engine-5.10.2.pom
2026-09-14 15:09:09,522 [Worker-80: Importing Maven projects] INFO  o.e.m.c.i.e.AbstractTransferListenerAdapter - Downloading https://repo.maven.apache.org/maven2/org/junit/platform/junit-platform-engine/1.10.2/junit-platform-engine-1.10.2.pom
2026-09-14 15:09:09,530 [Worker-80: Importing Maven projects] INFO  o.e.m.c.i.e.AbstractTransferListenerAdapter - Downloaded https://repo.maven.apache.org/maven2/org/junit/platform/junit-platform-engine/1.10.2/junit-platform-engine-1.10.2.pom
2026-09-14 15:09:09,604 [Worker-80: Importing Maven projects] INFO  o.e.m.c.i.e.AbstractTransferListenerAdapter - Downloading https://repo.maven.apache.org/maven2/org/mockito/mockito-core/5.7.0/mockito-core-5.7.0.pom
2026-09-14 15:09:09,612 [Worker-80: Importing Maven projects] INFO  o.e.m.c.i.e.AbstractTransferListenerAdapter - Downloaded https://repo.maven.apache.org/maven2/org/mockito/mockito-core/5.7.0/mockito-core-5.7.0.pom
2026-09-14 15:09:09,690 [Worker-80: Importing Maven projects] INFO  o.e.m.c.i.e.AbstractTransferListenerAdapter - Downloading https://repo.maven.apache.org/maven2/net/bytebuddy/byte-buddy-agent/1.14.13/byte-buddy-agent-1.14.13.pom
2026-09-14 15:09:09,703 [Worker-80: Importing Maven projects] INFO  o.e.m.c.i.e.AbstractTransferListenerAdapter - Downloaded https://repo.maven.apache.org/maven2/net/bytebuddy/byte-buddy-agent/1.14.13/byte-buddy-agent-1.14.13.pom
2026-09-14 15:09:09,791 [Worker-80: Importing Maven projects] INFO  o.e.m.c.i.e.AbstractTransferListenerAdapter - Downloading https://repo.maven.apache.org/maven2/org/mockito/mockito-junit-jupiter/5.7.0/mockito-junit-jupiter-5.7.0.pom
2026-09-14 15:09:09,800 [Worker-80: Importing Maven projects] INFO  o.e.m.c.i.e.AbstractTransferListenerAdapter - Downloaded https://repo.maven.apache.org/maven2/org/mockito/mockito-junit-jupiter/5.7.0/mockito-junit-jupiter-5.7.0.pom
2026-09-14 15:09:09,884 [Worker-80: Importing Maven projects] INFO  o.e.m.c.i.e.AbstractTransferListenerAdapter - Downloading https://repo.maven.apache.org/maven2/org/skyscreamer/jsonassert/1.5.1/jsonassert-1.5.1.pom
2026-09-14 15:09:09,897 [Worker-80: Importing Maven projects] INFO  o.e.m.c.i.e.AbstractTransferListenerAdapter - Downloaded https://repo.maven.apache.org/maven2/org/skyscreamer/jsonassert/1.5.1/jsonassert-1.5.1.pom
2026-09-14 15:09:09,985 [Worker-80: Importing Maven projects] INFO  o.e.m.c.i.e.AbstractTransferListenerAdapter - Downloading https://repo.maven.apache.org/maven2/org/springframework/spring-test/6.1.6/spring-test-6.1.6.pom
2026-09-14 15:09:09,995 [Worker-80: Importing Maven projects] INFO  o.e.m.c.i.e.AbstractTransferListenerAdapter - Downloaded https://repo.maven.apache.org/maven2/org/springframework/spring-test/6.1.6/spring-test-6.1.6.pom
2026-09-14 15:09:10,073 [Worker-80: Importing Maven projects] INFO  o.e.m.c.i.e.AbstractTransferListenerAdapter - Downloading https://repo.maven.apache.org/maven2/org/xmlunit/xmlunit-core/2.9.1/xmlunit-core-2.9.1.pom
2026-09-14 15:09:10,083 [Worker-80: Importing Maven projects] INFO  o.e.m.c.i.e.AbstractTransferListenerAdapter - Downloaded https://repo.maven.apache.org/maven2/org/xmlunit/xmlunit-core/2.9.1/xmlunit-core-2.9.1.pom
2026-09-14 15:09:10,165 [Worker-80: Importing Maven projects] INFO  o.e.m.c.i.e.AbstractTransferListenerAdapter - Downloading https://repo.maven.apache.org/maven2/org/xmlunit/xmlunit-parent/2.9.1/xmlunit-parent-2.9.1.pom
2026-09-14 15:09:10,173 [Worker-80: Importing Maven projects] INFO  o.e.m.c.i.e.AbstractTransferListenerAdapter - Downloaded https://repo.maven.apache.org/maven2/org/xmlunit/xmlunit-parent/2.9.1/xmlunit-parent-2.9.1.pom
2026-09-14 15:09:10,290 [Worker-80: Importing Maven projects] INFO  o.e.m.c.i.e.AbstractTransferListenerAdapter - Downloading https://repo.maven.apache.org/maven2/org/springframework/boot/spring-boot-starter-web/3.2.5/spring-boot-starter-web-3.2.5.jar
2026-09-14 15:09:10,298 [Worker-80: Importing Maven projects] INFO  o.e.m.c.i.e.AbstractTransferListenerAdapter - Downloaded https://repo.maven.apache.org/maven2/org/springframework/boot/spring-boot-starter-web/3.2.5/spring-boot-starter-web-3.2.5.jar
2026-09-14 15:09:10,361 [BasicRepositoryConnector-repo.maven.apache.org-4-1] INFO  o.e.m.c.i.e.AbstractTransferListenerAdapter - Downloading https://repo.maven.apache.org/maven2/org/springframework/boot/spring-boot/3.2.5/spring-boot-3.2.5.jar
2026-09-14 15:09:10,361 [BasicRepositoryConnector-repo.maven.apache.org-4-0] INFO  o.e.m.c.i.e.AbstractTransferListenerAdapter - Downloading https://repo.maven.apache.org/maven2/org/springframework/boot/spring-boot-starter/3.2.5/spring-boot-starter-3.2.5.jar
2026-09-14 15:09:10,362 [BasicRepositoryConnector-repo.maven.apache.org-4-2] INFO  o.e.m.c.i.e.AbstractTransferListenerAdapter - Downloading https://repo.maven.apache.org/maven2/org/springframework/boot/spring-boot-autoconfigure/3.2.5/spring-boot-autoconfigure-3.2.5.jar
2026-09-14 15:09:10,364 [BasicRepositoryConnector-repo.maven.apache.org-4-3] INFO  o.e.m.c.i.e.AbstractTransferListenerAdapter - Downloading https://repo.maven.apache.org/maven2/org/springframework/boot/spring-boot-starter-logging/3.2.5/spring-boot-starter-logging-3.2.5.jar
2026-09-14 15:09:10,367 [BasicRepositoryConnector-repo.maven.apache.org-4-4] INFO  o.e.m.c.i.e.AbstractTransferListenerAdapter - Downloading https://repo.maven.apache.org/maven2/ch/qos/logback/logback-classic/1.4.14/logback-classic-1.4.14.jar
2026-09-14 15:09:10,373 [BasicRepositoryConnector-repo.maven.apache.org-4-0] INFO  o.e.m.c.i.e.AbstractTransferListenerAdapter - Downloaded https://repo.maven.apache.org/maven2/org/springframework/boot/spring-boot-starter/3.2.5/spring-boot-starter-3.2.5.jar
2026-09-14 15:09:10,373 [BasicRepositoryConnector-repo.maven.apache.org-4-3] INFO  o.e.m.c.i.e.AbstractTransferListenerAdapter - Downloaded https://repo.maven.apache.org/maven2/org/springframework/boot/spring-boot-starter-logging/3.2.5/spring-boot-starter-logging-3.2.5.jar
2026-09-14 15:09:10,437 [BasicRepositoryConnector-repo.maven.apache.org-4-3] INFO  o.e.m.c.i.e.AbstractTransferListenerAdapter - Downloading https://repo.maven.apache.org/maven2/org/apache/logging/log4j/log4j-to-slf4j/2.21.1/log4j-to-slf4j-2.21.1.jar
2026-09-14 15:09:10,441 [BasicRepositoryConnector-repo.maven.apache.org-4-0] INFO  o.e.m.c.i.e.AbstractTransferListenerAdapter - Downloading https://repo.maven.apache.org/maven2/ch/qos/logback/logback-core/1.4.14/logback-core-1.4.14.jar
2026-09-14 15:09:10,444 [BasicRepositoryConnector-repo.maven.apache.org-4-3] INFO  o.e.m.c.i.e.AbstractTransferListenerAdapter - Downloaded https://repo.maven.apache.org/maven2/org/apache/logging/log4j/log4j-to-slf4j/2.21.1/log4j-to-slf4j-2.21.1.jar
2026-09-14 15:09:10,541 [BasicRepositoryConnector-repo.maven.apache.org-4-3] INFO  o.e.m.c.i.e.AbstractTransferListenerAdapter - Downloading https://repo.maven.apache.org/maven2/org/apache/logging/log4j/log4j-api/2.21.1/log4j-api-2.21.1.jar
2026-09-14 15:09:10,541 [BasicRepositoryConnector-repo.maven.apache.org-4-4] INFO  o.e.m.c.i.e.AbstractTransferListenerAdapter - Downloaded https://repo.maven.apache.org/maven2/ch/qos/logback/logback-classic/1.4.14/logback-classic-1.4.14.jar
2026-09-14 15:09:10,604 [BasicRepositoryConnector-repo.maven.apache.org-4-4] INFO  o.e.m.c.i.e.AbstractTransferListenerAdapter - Downloading https://repo.maven.apache.org/maven2/org/slf4j/jul-to-slf4j/2.0.13/jul-to-slf4j-2.0.13.jar
2026-09-14 15:09:10,655 [BasicRepositoryConnector-repo.maven.apache.org-4-4] INFO  o.e.m.c.i.e.AbstractTransferListenerAdapter - Downloaded https://repo.maven.apache.org/maven2/org/slf4j/jul-to-slf4j/2.0.13/jul-to-slf4j-2.0.13.jar
2026-09-14 15:09:10,734 [BasicRepositoryConnector-repo.maven.apache.org-4-4] INFO  o.e.m.c.i.e.AbstractTransferListenerAdapter - Downloading https://repo.maven.apache.org/maven2/jakarta/annotation/jakarta.annotation-api/2.1.1/jakarta.annotation-api-2.1.1.jar
2026-09-14 15:09:10,739 [BasicRepositoryConnector-repo.maven.apache.org-4-4] INFO  o.e.m.c.i.e.AbstractTransferListenerAdapter - Downloaded https://repo.maven.apache.org/maven2/jakarta/annotation/jakarta.annotation-api/2.1.1/jakarta.annotation-api-2.1.1.jar
2026-09-14 15:09:10,808 [BasicRepositoryConnector-repo.maven.apache.org-4-0] INFO  o.e.m.c.i.e.AbstractTransferListenerAdapter - Downloaded https://repo.maven.apache.org/maven2/ch/qos/logback/logback-core/1.4.14/logback-core-1.4.14.jar
2026-09-14 15:09:10,811 [BasicRepositoryConnector-repo.maven.apache.org-4-4] INFO  o.e.m.c.i.e.AbstractTransferListenerAdapter - Downloading https://repo.maven.apache.org/maven2/org/yaml/snakeyaml/2.2/snakeyaml-2.2.jar
2026-09-14 15:09:10,869 [BasicRepositoryConnector-repo.maven.apache.org-4-0] INFO  o.e.m.c.i.e.AbstractTransferListenerAdapter - Downloading https://repo.maven.apache.org/maven2/org/springframework/boot/spring-boot-starter-json/3.2.5/spring-boot-starter-json-3.2.5.jar
2026-09-14 15:09:10,876 [BasicRepositoryConnector-repo.maven.apache.org-4-0] INFO  o.e.m.c.i.e.AbstractTransferListenerAdapter - Downloaded https://repo.maven.apache.org/maven2/org/springframework/boot/spring-boot-starter-json/3.2.5/spring-boot-starter-json-3.2.5.jar
2026-09-14 15:09:10,912 [BasicRepositoryConnector-repo.maven.apache.org-4-4] INFO  o.e.m.c.i.e.AbstractTransferListenerAdapter - Downloaded https://repo.maven.apache.org/maven2/org/yaml/snakeyaml/2.2/snakeyaml-2.2.jar
2026-09-14 15:09:10,946 [BasicRepositoryConnector-repo.maven.apache.org-4-0] INFO  o.e.m.c.i.e.AbstractTransferListenerAdapter - Downloading https://repo.maven.apache.org/maven2/com/fasterxml/jackson/core/jackson-databind/2.15.4/jackson-databind-2.15.4.jar
2026-09-14 15:09:10,953 [BasicRepositoryConnector-repo.maven.apache.org-4-3] INFO  o.e.m.c.i.e.AbstractTransferListenerAdapter - Downloaded https://repo.maven.apache.org/maven2/org/apache/logging/log4j/log4j-api/2.21.1/log4j-api-2.21.1.jar
2026-09-14 15:09:10,976 [BasicRepositoryConnector-repo.maven.apache.org-4-4] INFO  o.e.m.c.i.e.AbstractTransferListenerAdapter - Downloading https://repo.maven.apache.org/maven2/com/fasterxml/jackson/core/jackson-annotations/2.15.4/jackson-annotations-2.15.4.jar
2026-09-14 15:09:10,986 [BasicRepositoryConnector-repo.maven.apache.org-4-4] INFO  o.e.m.c.i.e.AbstractTransferListenerAdapter - Downloaded https://repo.maven.apache.org/maven2/com/fasterxml/jackson/core/jackson-annotations/2.15.4/jackson-annotations-2.15.4.jar
2026-09-14 15:09:11,011 [BasicRepositoryConnector-repo.maven.apache.org-4-3] INFO  o.e.m.c.i.e.AbstractTransferListenerAdapter - Downloading https://repo.maven.apache.org/maven2/com/fasterxml/jackson/core/jackson-core/2.15.4/jackson-core-2.15.4.jar
2026-09-14 15:09:11,054 [BasicRepositoryConnector-repo.maven.apache.org-4-4] INFO  o.e.m.c.i.e.AbstractTransferListenerAdapter - Downloading https://repo.maven.apache.org/maven2/com/fasterxml/jackson/datatype/jackson-datatype-jdk8/2.15.4/jackson-datatype-jdk8-2.15.4.jar
2026-09-14 15:09:11,064 [BasicRepositoryConnector-repo.maven.apache.org-4-4] INFO  o.e.m.c.i.e.AbstractTransferListenerAdapter - Downloaded https://repo.maven.apache.org/maven2/com/fasterxml/jackson/datatype/jackson-datatype-jdk8/2.15.4/jackson-datatype-jdk8-2.15.4.jar
2026-09-14 15:09:11,132 [BasicRepositoryConnector-repo.maven.apache.org-4-4] INFO  o.e.m.c.i.e.AbstractTransferListenerAdapter - Downloading https://repo.maven.apache.org/maven2/com/fasterxml/jackson/datatype/jackson-datatype-jsr310/2.15.4/jackson-datatype-jsr310-2.15.4.jar
2026-09-14 15:09:11,177 [BasicRepositoryConnector-repo.maven.apache.org-4-4] INFO  o.e.m.c.i.e.AbstractTransferListenerAdapter - Downloaded https://repo.maven.apache.org/maven2/com/fasterxml/jackson/datatype/jackson-datatype-jsr310/2.15.4/jackson-datatype-jsr310-2.15.4.jar
2026-09-14 15:09:11,253 [BasicRepositoryConnector-repo.maven.apache.org-4-4] INFO  o.e.m.c.i.e.AbstractTransferListenerAdapter - Downloading https://repo.maven.apache.org/maven2/com/fasterxml/jackson/module/jackson-module-parameter-names/2.15.4/jackson-module-parameter-names-2.15.4.jar
2026-09-14 15:09:11,258 [BasicRepositoryConnector-repo.maven.apache.org-4-4] INFO  o.e.m.c.i.e.AbstractTransferListenerAdapter - Downloaded https://repo.maven.apache.org/maven2/com/fasterxml/jackson/module/jackson-module-parameter-names/2.15.4/jackson-module-parameter-names-2.15.4.jar
2026-09-14 15:09:11,324 [BasicRepositoryConnector-repo.maven.apache.org-4-4] INFO  o.e.m.c.i.e.AbstractTransferListenerAdapter - Downloading https://repo.maven.apache.org/maven2/org/springframework/boot/spring-boot-starter-tomcat/3.2.5/spring-boot-starter-tomcat-3.2.5.jar
2026-09-14 15:09:11,334 [BasicRepositoryConnector-repo.maven.apache.org-4-4] INFO  o.e.m.c.i.e.AbstractTransferListenerAdapter - Downloaded https://repo.maven.apache.org/maven2/org/springframework/boot/spring-boot-starter-tomcat/3.2.5/spring-boot-starter-tomcat-3.2.5.jar
2026-09-14 15:09:11,400 [BasicRepositoryConnector-repo.maven.apache.org-4-4] INFO  o.e.m.c.i.e.AbstractTransferListenerAdapter - Downloading https://repo.maven.apache.org/maven2/org/apache/tomcat/embed/tomcat-embed-core/10.1.20/tomcat-embed-core-10.1.20.jar
2026-09-14 15:09:11,586 [BasicRepositoryConnector-repo.maven.apache.org-4-3] INFO  o.e.m.c.i.e.AbstractTransferListenerAdapter - Downloaded https://repo.maven.apache.org/maven2/com/fasterxml/jackson/core/jackson-core/2.15.4/jackson-core-2.15.4.jar
2026-09-14 15:09:11,695 [BasicRepositoryConnector-repo.maven.apache.org-4-3] INFO  o.e.m.c.i.e.AbstractTransferListenerAdapter - Downloading https://repo.maven.apache.org/maven2/org/apache/tomcat/embed/tomcat-embed-el/10.1.20/tomcat-embed-el-10.1.20.jar
2026-09-14 15:09:11,935 [BasicRepositoryConnector-repo.maven.apache.org-4-3] INFO  o.e.m.c.i.e.AbstractTransferListenerAdapter - Downloaded https://repo.maven.apache.org/maven2/org/apache/tomcat/embed/tomcat-embed-el/10.1.20/tomcat-embed-el-10.1.20.jar
2026-09-14 15:09:11,966 [BasicRepositoryConnector-repo.maven.apache.org-4-0] INFO  o.e.m.c.i.e.AbstractTransferListenerAdapter - Downloaded https://repo.maven.apache.org/maven2/com/fasterxml/jackson/core/jackson-databind/2.15.4/jackson-databind-2.15.4.jar
2026-09-14 15:09:11,996 [BasicRepositoryConnector-repo.maven.apache.org-4-3] INFO  o.e.m.c.i.e.AbstractTransferListenerAdapter - Downloading https://repo.maven.apache.org/maven2/org/apache/tomcat/embed/tomcat-embed-websocket/10.1.20/tomcat-embed-websocket-10.1.20.jar
2026-09-14 15:09:12,032 [BasicRepositoryConnector-repo.maven.apache.org-4-0] INFO  o.e.m.c.i.e.AbstractTransferListenerAdapter - Downloading https://repo.maven.apache.org/maven2/org/springframework/spring-web/6.1.6/spring-web-6.1.6.jar
2026-09-14 15:09:12,222 [BasicRepositoryConnector-repo.maven.apache.org-4-1] INFO  o.e.m.c.i.e.AbstractTransferListenerAdapter - Downloaded https://repo.maven.apache.org/maven2/org/springframework/boot/spring-boot/3.2.5/spring-boot-3.2.5.jar
2026-09-14 15:09:12,276 [BasicRepositoryConnector-repo.maven.apache.org-4-1] INFO  o.e.m.c.i.e.AbstractTransferListenerAdapter - Downloading https://repo.maven.apache.org/maven2/org/springframework/spring-beans/6.1.6/spring-beans-6.1.6.jar
2026-09-14 15:09:12,306 [BasicRepositoryConnector-repo.maven.apache.org-4-3] INFO  o.e.m.c.i.e.AbstractTransferListenerAdapter - Downloaded https://repo.maven.apache.org/maven2/org/apache/tomcat/embed/tomcat-embed-websocket/10.1.20/tomcat-embed-websocket-10.1.20.jar
2026-09-14 15:09:12,369 [BasicRepositoryConnector-repo.maven.apache.org-4-3] INFO  o.e.m.c.i.e.AbstractTransferListenerAdapter - Downloading https://repo.maven.apache.org/maven2/io/micrometer/micrometer-observation/1.12.5/micrometer-observation-1.12.5.jar
2026-09-14 15:09:12,444 [BasicRepositoryConnector-repo.maven.apache.org-4-3] INFO  o.e.m.c.i.e.AbstractTransferListenerAdapter - Downloaded https://repo.maven.apache.org/maven2/io/micrometer/micrometer-observation/1.12.5/micrometer-observation-1.12.5.jar
2026-09-14 15:09:12,508 [BasicRepositoryConnector-repo.maven.apache.org-4-3] INFO  o.e.m.c.i.e.AbstractTransferListenerAdapter - Downloading https://repo.maven.apache.org/maven2/io/micrometer/micrometer-commons/1.12.5/micrometer-commons-1.12.5.jar
2026-09-14 15:09:12,604 [BasicRepositoryConnector-repo.maven.apache.org-4-3] INFO  o.e.m.c.i.e.AbstractTransferListenerAdapter - Downloaded https://repo.maven.apache.org/maven2/io/micrometer/micrometer-commons/1.12.5/micrometer-commons-1.12.5.jar
2026-09-14 15:09:12,664 [BasicRepositoryConnector-repo.maven.apache.org-4-3] INFO  o.e.m.c.i.e.AbstractTransferListenerAdapter - Downloading https://repo.maven.apache.org/maven2/org/springframework/spring-webmvc/6.1.6/spring-webmvc-6.1.6.jar
2026-09-14 15:09:13,659 [BasicRepositoryConnector-repo.maven.apache.org-4-2] INFO  o.e.m.c.i.e.AbstractTransferListenerAdapter - Downloaded https://repo.maven.apache.org/maven2/org/springframework/boot/spring-boot-autoconfigure/3.2.5/spring-boot-autoconfigure-3.2.5.jar
2026-09-14 15:09:13,719 [BasicRepositoryConnector-repo.maven.apache.org-4-2] INFO  o.e.m.c.i.e.AbstractTransferListenerAdapter - Downloading https://repo.maven.apache.org/maven2/org/springframework/spring-aop/6.1.6/spring-aop-6.1.6.jar
2026-09-14 15:09:13,880 [BasicRepositoryConnector-repo.maven.apache.org-4-1] INFO  o.e.m.c.i.e.AbstractTransferListenerAdapter - Downloaded https://repo.maven.apache.org/maven2/org/springframework/spring-beans/6.1.6/spring-beans-6.1.6.jar
2026-09-14 15:09:13,971 [BasicRepositoryConnector-repo.maven.apache.org-4-1] INFO  o.e.m.c.i.e.AbstractTransferListenerAdapter - Downloading https://repo.maven.apache.org/maven2/org/springframework/spring-context/6.1.6/spring-context-6.1.6.jar
2026-09-14 15:09:14,245 [BasicRepositoryConnector-repo.maven.apache.org-4-2] INFO  o.e.m.c.i.e.AbstractTransferListenerAdapter - Downloaded https://repo.maven.apache.org/maven2/org/springframework/spring-aop/6.1.6/spring-aop-6.1.6.jar
2026-09-14 15:09:14,306 [BasicRepositoryConnector-repo.maven.apache.org-4-2] INFO  o.e.m.c.i.e.AbstractTransferListenerAdapter - Downloading https://repo.maven.apache.org/maven2/org/springframework/spring-expression/6.1.6/spring-expression-6.1.6.jar
2026-09-14 15:09:14,329 [BasicRepositoryConnector-repo.maven.apache.org-4-4] INFO  o.e.m.c.i.e.AbstractTransferListenerAdapter - Downloaded https://repo.maven.apache.org/maven2/org/apache/tomcat/embed/tomcat-embed-core/10.1.20/tomcat-embed-core-10.1.20.jar
2026-09-14 15:09:14,392 [BasicRepositoryConnector-repo.maven.apache.org-4-4] INFO  o.e.m.c.i.e.AbstractTransferListenerAdapter - Downloading https://repo.maven.apache.org/maven2/org/springframework/boot/spring-boot-starter-data-jpa/3.2.5/spring-boot-starter-data-jpa-3.2.5.jar
2026-09-14 15:09:14,401 [BasicRepositoryConnector-repo.maven.apache.org-4-4] INFO  o.e.m.c.i.e.AbstractTransferListenerAdapter - Downloaded https://repo.maven.apache.org/maven2/org/springframework/boot/spring-boot-starter-data-jpa/3.2.5/spring-boot-starter-data-jpa-3.2.5.jar
2026-09-14 15:09:14,432 [BasicRepositoryConnector-repo.maven.apache.org-4-3] INFO  o.e.m.c.i.e.AbstractTransferListenerAdapter - Downloaded https://repo.maven.apache.org/maven2/org/springframework/spring-webmvc/6.1.6/spring-webmvc-6.1.6.jar
2026-09-14 15:09:14,461 [BasicRepositoryConnector-repo.maven.apache.org-4-4] INFO  o.e.m.c.i.e.AbstractTransferListenerAdapter - Downloading https://repo.maven.apache.org/maven2/org/springframework/boot/spring-boot-starter-aop/3.2.5/spring-boot-starter-aop-3.2.5.jar
2026-09-14 15:09:14,467 [BasicRepositoryConnector-repo.maven.apache.org-4-4] INFO  o.e.m.c.i.e.AbstractTransferListenerAdapter - Downloaded https://repo.maven.apache.org/maven2/org/springframework/boot/spring-boot-starter-aop/3.2.5/spring-boot-starter-aop-3.2.5.jar
2026-09-14 15:09:14,492 [BasicRepositoryConnector-repo.maven.apache.org-4-3] INFO  o.e.m.c.i.e.AbstractTransferListenerAdapter - Downloading https://repo.maven.apache.org/maven2/org/aspectj/aspectjweaver/1.9.22/aspectjweaver-1.9.22.jar
2026-09-14 15:09:14,532 [BasicRepositoryConnector-repo.maven.apache.org-4-4] INFO  o.e.m.c.i.e.AbstractTransferListenerAdapter - Downloading https://repo.maven.apache.org/maven2/org/springframework/boot/spring-boot-starter-jdbc/3.2.5/spring-boot-starter-jdbc-3.2.5.jar
2026-09-14 15:09:14,539 [BasicRepositoryConnector-repo.maven.apache.org-4-4] INFO  o.e.m.c.i.e.AbstractTransferListenerAdapter - Downloaded https://repo.maven.apache.org/maven2/org/springframework/boot/spring-boot-starter-jdbc/3.2.5/spring-boot-starter-jdbc-3.2.5.jar
2026-09-14 15:09:14,582 [BasicRepositoryConnector-repo.maven.apache.org-4-0] INFO  o.e.m.c.i.e.AbstractTransferListenerAdapter - Downloaded https://repo.maven.apache.org/maven2/org/springframework/spring-web/6.1.6/spring-web-6.1.6.jar
2026-09-14 15:09:14,616 [BasicRepositoryConnector-repo.maven.apache.org-4-4] INFO  o.e.m.c.i.e.AbstractTransferListenerAdapter - Downloading https://repo.maven.apache.org/maven2/com/zaxxer/HikariCP/5.0.1/HikariCP-5.0.1.jar
2026-09-14 15:09:14,647 [BasicRepositoryConnector-repo.maven.apache.org-4-0] INFO  o.e.m.c.i.e.AbstractTransferListenerAdapter - Downloading https://repo.maven.apache.org/maven2/org/springframework/spring-jdbc/6.1.6/spring-jdbc-6.1.6.jar
2026-09-14 15:09:14,653 [BasicRepositoryConnector-repo.maven.apache.org-4-2] INFO  o.e.m.c.i.e.AbstractTransferListenerAdapter - Downloaded https://repo.maven.apache.org/maven2/org/springframework/spring-expression/6.1.6/spring-expression-6.1.6.jar
2026-09-14 15:09:14,716 [BasicRepositoryConnector-repo.maven.apache.org-4-2] INFO  o.e.m.c.i.e.AbstractTransferListenerAdapter - Downloading https://repo.maven.apache.org/maven2/org/hibernate/orm/hibernate-core/6.4.4.Final/hibernate-core-6.4.4.Final.jar
2026-09-14 15:09:14,806 [BasicRepositoryConnector-repo.maven.apache.org-4-4] INFO  o.e.m.c.i.e.AbstractTransferListenerAdapter - Downloaded https://repo.maven.apache.org/maven2/com/zaxxer/HikariCP/5.0.1/HikariCP-5.0.1.jar
2026-09-14 15:09:14,878 [BasicRepositoryConnector-repo.maven.apache.org-4-4] INFO  o.e.m.c.i.e.AbstractTransferListenerAdapter - Downloading https://repo.maven.apache.org/maven2/jakarta/persistence/jakarta.persistence-api/3.1.0/jakarta.persistence-api-3.1.0.jar
2026-09-14 15:09:15,062 [BasicRepositoryConnector-repo.maven.apache.org-4-4] INFO  o.e.m.c.i.e.AbstractTransferListenerAdapter - Downloaded https://repo.maven.apache.org/maven2/jakarta/persistence/jakarta.persistence-api/3.1.0/jakarta.persistence-api-3.1.0.jar
2026-09-14 15:09:15,129 [BasicRepositoryConnector-repo.maven.apache.org-4-4] INFO  o.e.m.c.i.e.AbstractTransferListenerAdapter - Downloading https://repo.maven.apache.org/maven2/org/jboss/logging/jboss-logging/3.5.3.Final/jboss-logging-3.5.3.Final.jar
2026-09-14 15:09:15,203 [BasicRepositoryConnector-repo.maven.apache.org-4-4] INFO  o.e.m.c.i.e.AbstractTransferListenerAdapter - Downloaded https://repo.maven.apache.org/maven2/org/jboss/logging/jboss-logging/3.5.3.Final/jboss-logging-3.5.3.Final.jar
2026-09-14 15:09:15,273 [BasicRepositoryConnector-repo.maven.apache.org-4-4] INFO  o.e.m.c.i.e.AbstractTransferListenerAdapter - Downloading https://repo.maven.apache.org/maven2/org/hibernate/common/hibernate-commons-annotations/6.0.6.Final/hibernate-commons-annotations-6.0.6.Final.jar
2026-09-14 15:09:15,357 [BasicRepositoryConnector-repo.maven.apache.org-4-0] INFO  o.e.m.c.i.e.AbstractTransferListenerAdapter - Downloaded https://repo.maven.apache.org/maven2/org/springframework/spring-jdbc/6.1.6/spring-jdbc-6.1.6.jar
2026-09-14 15:09:15,366 [BasicRepositoryConnector-repo.maven.apache.org-4-4] INFO  o.e.m.c.i.e.AbstractTransferListenerAdapter - Downloaded https://repo.maven.apache.org/maven2/org/hibernate/common/hibernate-commons-annotations/6.0.6.Final/hibernate-commons-annotations-6.0.6.Final.jar
2026-09-14 15:09:15,418 [BasicRepositoryConnector-repo.maven.apache.org-4-0] INFO  o.e.m.c.i.e.AbstractTransferListenerAdapter - Downloading https://repo.maven.apache.org/maven2/io/smallrye/jandex/3.1.2/jandex-3.1.2.jar
2026-09-14 15:09:15,431 [BasicRepositoryConnector-repo.maven.apache.org-4-4] INFO  o.e.m.c.i.e.AbstractTransferListenerAdapter - Downloading https://repo.maven.apache.org/maven2/com/fasterxml/classmate/1.6.0/classmate-1.6.0.jar
2026-09-14 15:09:15,524 [BasicRepositoryConnector-repo.maven.apache.org-4-4] INFO  o.e.m.c.i.e.AbstractTransferListenerAdapter - Downloaded https://repo.maven.apache.org/maven2/com/fasterxml/classmate/1.6.0/classmate-1.6.0.jar
2026-09-14 15:09:15,714 [BasicRepositoryConnector-repo.maven.apache.org-4-4] INFO  o.e.m.c.i.e.AbstractTransferListenerAdapter - Downloading https://repo.maven.apache.org/maven2/net/bytebuddy/byte-buddy/1.14.13/byte-buddy-1.14.13.jar
2026-09-14 15:09:15,800 [BasicRepositoryConnector-repo.maven.apache.org-4-0] INFO  o.e.m.c.i.e.AbstractTransferListenerAdapter - Downloaded https://repo.maven.apache.org/maven2/io/smallrye/jandex/3.1.2/jandex-3.1.2.jar
2026-09-14 15:09:15,864 [BasicRepositoryConnector-repo.maven.apache.org-4-0] INFO  o.e.m.c.i.e.AbstractTransferListenerAdapter - Downloading https://repo.maven.apache.org/maven2/org/glassfish/jaxb/jaxb-runtime/4.0.5/jaxb-runtime-4.0.5.jar
2026-09-14 15:09:16,442 [BasicRepositoryConnector-repo.maven.apache.org-4-1] INFO  o.e.m.c.i.e.AbstractTransferListenerAdapter - Downloaded https://repo.maven.apache.org/maven2/org/springframework/spring-context/6.1.6/spring-context-6.1.6.jar
2026-09-14 15:09:16,537 [BasicRepositoryConnector-repo.maven.apache.org-4-1] INFO  o.e.m.c.i.e.AbstractTransferListenerAdapter - Downloading https://repo.maven.apache.org/maven2/org/glassfish/jaxb/jaxb-core/4.0.5/jaxb-core-4.0.5.jar
2026-09-14 15:09:16,661 [BasicRepositoryConnector-repo.maven.apache.org-4-0] INFO  o.e.m.c.i.e.AbstractTransferListenerAdapter - Downloaded https://repo.maven.apache.org/maven2/org/glassfish/jaxb/jaxb-runtime/4.0.5/jaxb-runtime-4.0.5.jar
2026-09-14 15:09:16,721 [BasicRepositoryConnector-repo.maven.apache.org-4-0] INFO  o.e.m.c.i.e.AbstractTransferListenerAdapter - Downloading https://repo.maven.apache.org/maven2/org/eclipse/angus/angus-activation/2.0.2/angus-activation-2.0.2.jar
2026-09-14 15:09:16,729 [BasicRepositoryConnector-repo.maven.apache.org-4-0] INFO  o.e.m.c.i.e.AbstractTransferListenerAdapter - Downloaded https://repo.maven.apache.org/maven2/org/eclipse/angus/angus-activation/2.0.2/angus-activation-2.0.2.jar
2026-09-14 15:09:16,751 [BasicRepositoryConnector-repo.maven.apache.org-4-1] INFO  o.e.m.c.i.e.AbstractTransferListenerAdapter - Downloaded https://repo.maven.apache.org/maven2/org/glassfish/jaxb/jaxb-core/4.0.5/jaxb-core-4.0.5.jar
2026-09-14 15:09:16,793 [BasicRepositoryConnector-repo.maven.apache.org-4-0] INFO  o.e.m.c.i.e.AbstractTransferListenerAdapter - Downloading https://repo.maven.apache.org/maven2/org/glassfish/jaxb/txw2/4.0.5/txw2-4.0.5.jar
2026-09-14 15:09:16,814 [BasicRepositoryConnector-repo.maven.apache.org-4-1] INFO  o.e.m.c.i.e.AbstractTransferListenerAdapter - Downloading https://repo.maven.apache.org/maven2/org/antlr/antlr4-runtime/4.13.0/antlr4-runtime-4.13.0.jar
2026-09-14 15:09:16,860 [BasicRepositoryConnector-repo.maven.apache.org-4-0] INFO  o.e.m.c.i.e.AbstractTransferListenerAdapter - Downloaded https://repo.maven.apache.org/maven2/org/glassfish/jaxb/txw2/4.0.5/txw2-4.0.5.jar
2026-09-14 15:09:16,933 [BasicRepositoryConnector-repo.maven.apache.org-4-0] INFO  o.e.m.c.i.e.AbstractTransferListenerAdapter - Downloading https://repo.maven.apache.org/maven2/org/springframework/data/spring-data-jpa/3.2.5/spring-data-jpa-3.2.5.jar
2026-09-14 15:09:17,376 [BasicRepositoryConnector-repo.maven.apache.org-4-1] INFO  o.e.m.c.i.e.AbstractTransferListenerAdapter - Downloaded https://repo.maven.apache.org/maven2/org/antlr/antlr4-runtime/4.13.0/antlr4-runtime-4.13.0.jar
2026-09-14 15:09:17,487 [BasicRepositoryConnector-repo.maven.apache.org-4-3] INFO  o.e.m.c.i.e.AbstractTransferListenerAdapter - Downloaded https://repo.maven.apache.org/maven2/org/aspectj/aspectjweaver/1.9.22/aspectjweaver-1.9.22.jar
2026-09-14 15:09:17,502 [BasicRepositoryConnector-repo.maven.apache.org-4-1] INFO  o.e.m.c.i.e.AbstractTransferListenerAdapter - Downloading https://repo.maven.apache.org/maven2/org/springframework/data/spring-data-commons/3.2.5/spring-data-commons-3.2.5.jar
2026-09-14 15:09:17,550 [BasicRepositoryConnector-repo.maven.apache.org-4-3] INFO  o.e.m.c.i.e.AbstractTransferListenerAdapter - Downloading https://repo.maven.apache.org/maven2/org/springframework/spring-orm/6.1.6/spring-orm-6.1.6.jar
2026-09-14 15:09:17,858 [BasicRepositoryConnector-repo.maven.apache.org-4-3] INFO  o.e.m.c.i.e.AbstractTransferListenerAdapter - Downloaded https://repo.maven.apache.org/maven2/org/springframework/spring-orm/6.1.6/spring-orm-6.1.6.jar
2026-09-14 15:09:17,921 [BasicRepositoryConnector-repo.maven.apache.org-4-3] INFO  o.e.m.c.i.e.AbstractTransferListenerAdapter - Downloading https://repo.maven.apache.org/maven2/org/springframework/spring-tx/6.1.6/spring-tx-6.1.6.jar
2026-09-14 15:09:18,228 [BasicRepositoryConnector-repo.maven.apache.org-4-3] INFO  o.e.m.c.i.e.AbstractTransferListenerAdapter - Downloaded https://repo.maven.apache.org/maven2/org/springframework/spring-tx/6.1.6/spring-tx-6.1.6.jar
2026-09-14 15:09:18,288 [BasicRepositoryConnector-repo.maven.apache.org-4-3] INFO  o.e.m.c.i.e.AbstractTransferListenerAdapter - Downloading https://repo.maven.apache.org/maven2/org/slf4j/slf4j-api/2.0.13/slf4j-api-2.0.13.jar
2026-09-14 15:09:18,360 [BasicRepositoryConnector-repo.maven.apache.org-4-3] INFO  o.e.m.c.i.e.AbstractTransferListenerAdapter - Downloaded https://repo.maven.apache.org/maven2/org/slf4j/slf4j-api/2.0.13/slf4j-api-2.0.13.jar
2026-09-14 15:09:18,421 [BasicRepositoryConnector-repo.maven.apache.org-4-3] INFO  o.e.m.c.i.e.AbstractTransferListenerAdapter - Downloading https://repo.maven.apache.org/maven2/org/springframework/spring-aspects/6.1.6/spring-aspects-6.1.6.jar
2026-09-14 15:09:18,461 [BasicRepositoryConnector-repo.maven.apache.org-4-3] INFO  o.e.m.c.i.e.AbstractTransferListenerAdapter - Downloaded https://repo.maven.apache.org/maven2/org/springframework/spring-aspects/6.1.6/spring-aspects-6.1.6.jar
2026-09-14 15:09:18,524 [BasicRepositoryConnector-repo.maven.apache.org-4-3] INFO  o.e.m.c.i.e.AbstractTransferListenerAdapter - Downloading https://repo.maven.apache.org/maven2/org/projectlombok/lombok/1.18.32/lombok-1.18.32.jar
2026-09-14 15:09:18,541 [BasicRepositoryConnector-repo.maven.apache.org-4-0] INFO  o.e.m.c.i.e.AbstractTransferListenerAdapter - Downloaded https://repo.maven.apache.org/maven2/org/springframework/data/spring-data-jpa/3.2.5/spring-data-jpa-3.2.5.jar
2026-09-14 15:09:18,600 [BasicRepositoryConnector-repo.maven.apache.org-4-0] INFO  o.e.m.c.i.e.AbstractTransferListenerAdapter - Downloading https://repo.maven.apache.org/maven2/org/springframework/boot/spring-boot-starter-test/3.2.5/spring-boot-starter-test-3.2.5.jar
2026-09-14 15:09:18,607 [BasicRepositoryConnector-repo.maven.apache.org-4-0] INFO  o.e.m.c.i.e.AbstractTransferListenerAdapter - Downloaded https://repo.maven.apache.org/maven2/org/springframework/boot/spring-boot-starter-test/3.2.5/spring-boot-starter-test-3.2.5.jar
2026-09-14 15:09:18,669 [BasicRepositoryConnector-repo.maven.apache.org-4-0] INFO  o.e.m.c.i.e.AbstractTransferListenerAdapter - Downloading https://repo.maven.apache.org/maven2/org/springframework/boot/spring-boot-test/3.2.5/spring-boot-test-3.2.5.jar
2026-09-14 15:09:18,889 [BasicRepositoryConnector-repo.maven.apache.org-4-0] INFO  o.e.m.c.i.e.AbstractTransferListenerAdapter - Downloaded https://repo.maven.apache.org/maven2/org/springframework/boot/spring-boot-test/3.2.5/spring-boot-test-3.2.5.jar
2026-09-14 15:09:18,948 [BasicRepositoryConnector-repo.maven.apache.org-4-0] INFO  o.e.m.c.i.e.AbstractTransferListenerAdapter - Downloading https://repo.maven.apache.org/maven2/org/springframework/boot/spring-boot-test-autoconfigure/3.2.5/spring-boot-test-autoconfigure-3.2.5.jar
2026-09-14 15:09:19,146 [BasicRepositoryConnector-repo.maven.apache.org-4-0] INFO  o.e.m.c.i.e.AbstractTransferListenerAdapter - Downloaded https://repo.maven.apache.org/maven2/org/springframework/boot/spring-boot-test-autoconfigure/3.2.5/spring-boot-test-autoconfigure-3.2.5.jar
2026-09-14 15:09:19,210 [BasicRepositoryConnector-repo.maven.apache.org-4-0] INFO  o.e.m.c.i.e.AbstractTransferListenerAdapter - Downloading https://repo.maven.apache.org/maven2/com/jayway/jsonpath/json-path/2.9.0/json-path-2.9.0.jar
2026-09-14 15:09:19,359 [BasicRepositoryConnector-repo.maven.apache.org-4-1] INFO  o.e.m.c.i.e.AbstractTransferListenerAdapter - Downloaded https://repo.maven.apache.org/maven2/org/springframework/data/spring-data-commons/3.2.5/spring-data-commons-3.2.5.jar
2026-09-14 15:09:19,445 [BasicRepositoryConnector-repo.maven.apache.org-4-1] INFO  o.e.m.c.i.e.AbstractTransferListenerAdapter - Downloading https://repo.maven.apache.org/maven2/jakarta/xml/bind/jakarta.xml.bind-api/4.0.2/jakarta.xml.bind-api-4.0.2.jar
2026-09-14 15:09:19,471 [BasicRepositoryConnector-repo.maven.apache.org-4-0] INFO  o.e.m.c.i.e.AbstractTransferListenerAdapter - Downloaded https://repo.maven.apache.org/maven2/com/jayway/jsonpath/json-path/2.9.0/json-path-2.9.0.jar
2026-09-14 15:09:19,536 [BasicRepositoryConnector-repo.maven.apache.org-4-0] INFO  o.e.m.c.i.e.AbstractTransferListenerAdapter - Downloading https://repo.maven.apache.org/maven2/jakarta/activation/jakarta.activation-api/2.1.3/jakarta.activation-api-2.1.3.jar
2026-09-14 15:09:19,577 [BasicRepositoryConnector-repo.maven.apache.org-4-0] INFO  o.e.m.c.i.e.AbstractTransferListenerAdapter - Downloaded https://repo.maven.apache.org/maven2/jakarta/activation/jakarta.activation-api/2.1.3/jakarta.activation-api-2.1.3.jar
2026-09-14 15:09:19,629 [BasicRepositoryConnector-repo.maven.apache.org-4-1] INFO  o.e.m.c.i.e.AbstractTransferListenerAdapter - Downloaded https://repo.maven.apache.org/maven2/jakarta/xml/bind/jakarta.xml.bind-api/4.0.2/jakarta.xml.bind-api-4.0.2.jar
2026-09-14 15:09:19,640 [BasicRepositoryConnector-repo.maven.apache.org-4-0] INFO  o.e.m.c.i.e.AbstractTransferListenerAdapter - Downloading https://repo.maven.apache.org/maven2/net/minidev/json-smart/2.5.1/json-smart-2.5.1.jar
2026-09-14 15:09:19,684 [BasicRepositoryConnector-repo.maven.apache.org-4-1] INFO  o.e.m.c.i.e.AbstractTransferListenerAdapter - Downloading https://repo.maven.apache.org/maven2/net/minidev/accessors-smart/2.5.1/accessors-smart-2.5.1.jar
2026-09-14 15:09:19,721 [BasicRepositoryConnector-repo.maven.apache.org-4-1] INFO  o.e.m.c.i.e.AbstractTransferListenerAdapter - Downloaded https://repo.maven.apache.org/maven2/net/minidev/accessors-smart/2.5.1/accessors-smart-2.5.1.jar
2026-09-14 15:09:19,739 [BasicRepositoryConnector-repo.maven.apache.org-4-0] INFO  o.e.m.c.i.e.AbstractTransferListenerAdapter - Downloaded https://repo.maven.apache.org/maven2/net/minidev/json-smart/2.5.1/json-smart-2.5.1.jar
2026-09-14 15:09:19,779 [BasicRepositoryConnector-repo.maven.apache.org-4-1] INFO  o.e.m.c.i.e.AbstractTransferListenerAdapter - Downloading https://repo.maven.apache.org/maven2/org/assertj/assertj-core/3.24.2/assertj-core-3.24.2.jar
2026-09-14 15:09:19,799 [BasicRepositoryConnector-repo.maven.apache.org-4-0] INFO  o.e.m.c.i.e.AbstractTransferListenerAdapter - Downloading https://repo.maven.apache.org/maven2/org/awaitility/awaitility/4.2.1/awaitility-4.2.1.jar
2026-09-14 15:09:19,872 [BasicRepositoryConnector-repo.maven.apache.org-4-0] INFO  o.e.m.c.i.e.AbstractTransferListenerAdapter - Downloaded https://repo.maven.apache.org/maven2/org/awaitility/awaitility/4.2.1/awaitility-4.2.1.jar
2026-09-14 15:09:19,938 [BasicRepositoryConnector-repo.maven.apache.org-4-0] INFO  o.e.m.c.i.e.AbstractTransferListenerAdapter - Downloading https://repo.maven.apache.org/maven2/org/hamcrest/hamcrest/2.2/hamcrest-2.2.jar
2026-09-14 15:09:20,010 [BasicRepositoryConnector-repo.maven.apache.org-4-0] INFO  o.e.m.c.i.e.AbstractTransferListenerAdapter - Downloaded https://repo.maven.apache.org/maven2/org/hamcrest/hamcrest/2.2/hamcrest-2.2.jar
2026-09-14 15:09:20,075 [BasicRepositoryConnector-repo.maven.apache.org-4-0] INFO  o.e.m.c.i.e.AbstractTransferListenerAdapter - Downloading https://repo.maven.apache.org/maven2/org/junit/jupiter/junit-jupiter/5.10.2/junit-jupiter-5.10.2.jar
2026-09-14 15:09:20,085 [BasicRepositoryConnector-repo.maven.apache.org-4-0] INFO  o.e.m.c.i.e.AbstractTransferListenerAdapter - Downloaded https://repo.maven.apache.org/maven2/org/junit/jupiter/junit-jupiter/5.10.2/junit-jupiter-5.10.2.jar
2026-09-14 15:09:20,105 [BasicRepositoryConnector-repo.maven.apache.org-4-3] INFO  o.e.m.c.i.e.AbstractTransferListenerAdapter - Downloaded https://repo.maven.apache.org/maven2/org/projectlombok/lombok/1.18.32/lombok-1.18.32.jar
2026-09-14 15:09:20,149 [BasicRepositoryConnector-repo.maven.apache.org-4-0] INFO  o.e.m.c.i.e.AbstractTransferListenerAdapter - Downloading https://repo.maven.apache.org/maven2/org/junit/jupiter/junit-jupiter-api/5.10.2/junit-jupiter-api-5.10.2.jar
2026-09-14 15:09:20,166 [BasicRepositoryConnector-repo.maven.apache.org-4-3] INFO  o.e.m.c.i.e.AbstractTransferListenerAdapter - Downloading https://repo.maven.apache.org/maven2/org/junit/platform/junit-platform-commons/1.10.2/junit-platform-commons-1.10.2.jar
2026-09-14 15:09:20,234 [BasicRepositoryConnector-repo.maven.apache.org-4-3] INFO  o.e.m.c.i.e.AbstractTransferListenerAdapter - Downloaded https://repo.maven.apache.org/maven2/org/junit/platform/junit-platform-commons/1.10.2/junit-platform-commons-1.10.2.jar
2026-09-14 15:09:20,289 [BasicRepositoryConnector-repo.maven.apache.org-4-0] INFO  o.e.m.c.i.e.AbstractTransferListenerAdapter - Downloaded https://repo.maven.apache.org/maven2/org/junit/jupiter/junit-jupiter-api/5.10.2/junit-jupiter-api-5.10.2.jar
2026-09-14 15:09:20,328 [BasicRepositoryConnector-repo.maven.apache.org-4-3] INFO  o.e.m.c.i.e.AbstractTransferListenerAdapter - Downloading https://repo.maven.apache.org/maven2/org/junit/jupiter/junit-jupiter-params/5.10.2/junit-jupiter-params-5.10.2.jar
2026-09-14 15:09:20,349 [BasicRepositoryConnector-repo.maven.apache.org-4-0] INFO  o.e.m.c.i.e.AbstractTransferListenerAdapter - Downloading https://repo.maven.apache.org/maven2/org/junit/jupiter/junit-jupiter-engine/5.10.2/junit-jupiter-engine-5.10.2.jar
2026-09-14 15:09:20,528 [BasicRepositoryConnector-repo.maven.apache.org-4-0] INFO  o.e.m.c.i.e.AbstractTransferListenerAdapter - Downloaded https://repo.maven.apache.org/maven2/org/junit/jupiter/junit-jupiter-engine/5.10.2/junit-jupiter-engine-5.10.2.jar
2026-09-14 15:09:20,592 [BasicRepositoryConnector-repo.maven.apache.org-4-0] INFO  o.e.m.c.i.e.AbstractTransferListenerAdapter - Downloading https://repo.maven.apache.org/maven2/org/junit/platform/junit-platform-engine/1.10.2/junit-platform-engine-1.10.2.jar
2026-09-14 15:09:20,752 [BasicRepositoryConnector-repo.maven.apache.org-4-0] INFO  o.e.m.c.i.e.AbstractTransferListenerAdapter - Downloaded https://repo.maven.apache.org/maven2/org/junit/platform/junit-platform-engine/1.10.2/junit-platform-engine-1.10.2.jar
2026-09-14 15:09:20,816 [BasicRepositoryConnector-repo.maven.apache.org-4-0] INFO  o.e.m.c.i.e.AbstractTransferListenerAdapter - Downloading https://repo.maven.apache.org/maven2/org/mockito/mockito-core/5.7.0/mockito-core-5.7.0.jar
2026-09-14 15:09:20,966 [BasicRepositoryConnector-repo.maven.apache.org-4-1] INFO  o.e.m.c.i.e.AbstractTransferListenerAdapter - Downloaded https://repo.maven.apache.org/maven2/org/assertj/assertj-core/3.24.2/assertj-core-3.24.2.jar
2026-09-14 15:09:20,971 [BasicRepositoryConnector-repo.maven.apache.org-4-4] INFO  o.e.m.c.i.e.AbstractTransferListenerAdapter - Downloaded https://repo.maven.apache.org/maven2/net/bytebuddy/byte-buddy/1.14.13/byte-buddy-1.14.13.jar
2026-09-14 15:09:20,987 [BasicRepositoryConnector-repo.maven.apache.org-4-3] INFO  o.e.m.c.i.e.AbstractTransferListenerAdapter - Downloaded https://repo.maven.apache.org/maven2/org/junit/jupiter/junit-jupiter-params/5.10.2/junit-jupiter-params-5.10.2.jar
2026-09-14 15:09:21,030 [BasicRepositoryConnector-repo.maven.apache.org-4-1] INFO  o.e.m.c.i.e.AbstractTransferListenerAdapter - Downloading https://repo.maven.apache.org/maven2/net/bytebuddy/byte-buddy-agent/1.14.13/byte-buddy-agent-1.14.13.jar
2026-09-14 15:09:21,036 [BasicRepositoryConnector-repo.maven.apache.org-4-4] INFO  o.e.m.c.i.e.AbstractTransferListenerAdapter - Downloading https://repo.maven.apache.org/maven2/org/mockito/mockito-junit-jupiter/5.7.0/mockito-junit-jupiter-5.7.0.jar
2026-09-14 15:09:21,046 [BasicRepositoryConnector-repo.maven.apache.org-4-4] INFO  o.e.m.c.i.e.AbstractTransferListenerAdapter - Downloaded https://repo.maven.apache.org/maven2/org/mockito/mockito-junit-jupiter/5.7.0/mockito-junit-jupiter-5.7.0.jar
2026-09-14 15:09:21,048 [BasicRepositoryConnector-repo.maven.apache.org-4-3] INFO  o.e.m.c.i.e.AbstractTransferListenerAdapter - Downloading https://repo.maven.apache.org/maven2/org/skyscreamer/jsonassert/1.5.1/jsonassert-1.5.1.jar
2026-09-14 15:09:21,088 [BasicRepositoryConnector-repo.maven.apache.org-4-3] INFO  o.e.m.c.i.e.AbstractTransferListenerAdapter - Downloaded https://repo.maven.apache.org/maven2/org/skyscreamer/jsonassert/1.5.1/jsonassert-1.5.1.jar
2026-09-14 15:09:21,111 [BasicRepositoryConnector-repo.maven.apache.org-4-4] INFO  o.e.m.c.i.e.AbstractTransferListenerAdapter - Downloading https://repo.maven.apache.org/maven2/org/springframework/spring-core/6.1.6/spring-core-6.1.6.jar
2026-09-14 15:09:21,152 [BasicRepositoryConnector-repo.maven.apache.org-4-3] INFO  o.e.m.c.i.e.AbstractTransferListenerAdapter - Downloading https://repo.maven.apache.org/maven2/org/springframework/spring-jcl/6.1.6/spring-jcl-6.1.6.jar
2026-09-14 15:09:21,192 [BasicRepositoryConnector-repo.maven.apache.org-4-3] INFO  o.e.m.c.i.e.AbstractTransferListenerAdapter - Downloaded https://repo.maven.apache.org/maven2/org/springframework/spring-jcl/6.1.6/spring-jcl-6.1.6.jar
2026-09-14 15:09:21,252 [BasicRepositoryConnector-repo.maven.apache.org-4-3] INFO  o.e.m.c.i.e.AbstractTransferListenerAdapter - Downloading https://repo.maven.apache.org/maven2/org/springframework/spring-test/6.1.6/spring-test-6.1.6.jar
2026-09-14 15:09:21,262 [BasicRepositoryConnector-repo.maven.apache.org-4-1] INFO  o.e.m.c.i.e.AbstractTransferListenerAdapter - Downloaded https://repo.maven.apache.org/maven2/net/bytebuddy/byte-buddy-agent/1.14.13/byte-buddy-agent-1.14.13.jar
2026-09-14 15:09:21,322 [BasicRepositoryConnector-repo.maven.apache.org-4-1] INFO  o.e.m.c.i.e.AbstractTransferListenerAdapter - Downloading https://repo.maven.apache.org/maven2/org/xmlunit/xmlunit-core/2.9.1/xmlunit-core-2.9.1.jar
2026-09-14 15:09:21,448 [BasicRepositoryConnector-repo.maven.apache.org-4-1] INFO  o.e.m.c.i.e.AbstractTransferListenerAdapter - Downloaded https://repo.maven.apache.org/maven2/org/xmlunit/xmlunit-core/2.9.1/xmlunit-core-2.9.1.jar
2026-09-14 15:09:21,762 [BasicRepositoryConnector-repo.maven.apache.org-4-0] INFO  o.e.m.c.i.e.AbstractTransferListenerAdapter - Downloaded https://repo.maven.apache.org/maven2/org/mockito/mockito-core/5.7.0/mockito-core-5.7.0.jar
2026-09-14 15:09:22,290 [BasicRepositoryConnector-repo.maven.apache.org-4-3] INFO  o.e.m.c.i.e.AbstractTransferListenerAdapter - Downloaded https://repo.maven.apache.org/maven2/org/springframework/spring-test/6.1.6/spring-test-6.1.6.jar
2026-09-14 15:09:23,407 [BasicRepositoryConnector-repo.maven.apache.org-4-4] INFO  o.e.m.c.i.e.AbstractTransferListenerAdapter - Downloaded https://repo.maven.apache.org/maven2/org/springframework/spring-core/6.1.6/spring-core-6.1.6.jar
2026-09-14 15:09:25,997 [BasicRepositoryConnector-repo.maven.apache.org-4-2] INFO  o.e.m.c.i.e.AbstractTransferListenerAdapter - Downloaded https://repo.maven.apache.org/maven2/org/hibernate/orm/hibernate-core/6.4.4.Final/hibernate-core-6.4.4.Final.jar
2026-09-14 15:09:26,273 [Worker-80: Importing Maven projects] ERROR o.e.m.c.i.p.ProjectConfigurationManager - Could not read maven project
org.eclipse.core.runtime.CoreException: Could not read maven project
	at org.eclipse.m2e.core.internal.embedder.MavenImpl.lambda$4(MavenImpl.java:412)
	at org.eclipse.m2e.core.internal.embedder.MavenExecutionContext.executeBare(MavenExecutionContext.java:462)
	at org.eclipse.m2e.core.internal.embedder.MavenExecutionContext.execute(MavenExecutionContext.java:295)
	at org.eclipse.m2e.core.internal.embedder.MavenExecutionContext.execute(MavenExecutionContext.java:281)
	at org.eclipse.m2e.core.internal.embedder.MavenImpl.readProject(MavenImpl.java:402)
	at org.eclipse.m2e.mavenarchiver.internal.AbstractMavenArchiverConfigurator.lambda$4(AbstractMavenArchiverConfigurator.java:576)
	at org.eclipse.m2e.core.internal.embedder.MavenExecutionContext.executeBare(MavenExecutionContext.java:462)
	at org.eclipse.m2e.core.internal.embedder.MavenExecutionContext.execute(MavenExecutionContext.java:342)
	at org.eclipse.m2e.mavenarchiver.internal.AbstractMavenArchiverConfigurator.loadParentHierarchy(AbstractMavenArchiverConfigurator.java:568)
	at org.eclipse.m2e.mavenarchiver.internal.AbstractMavenArchiverConfigurator.generateManifest(AbstractMavenArchiverConfigurator.java:365)
	at org.eclipse.m2e.mavenarchiver.internal.AbstractMavenArchiverConfigurator.mavenProjectChanged(AbstractMavenArchiverConfigurator.java:228)
	at org.eclipse.m2e.mavenarchiver.internal.AbstractMavenArchiverConfigurator.mavenProjectChanged(AbstractMavenArchiverConfigurator.java:220)
	at org.eclipse.m2e.core.internal.project.ProjectConfigurationManager.mavenProjectChanged(ProjectConfigurationManager.java:885)
	at org.eclipse.m2e.core.internal.project.registry.ProjectRegistryManager.notifyProjectChangeListeners(ProjectRegistryManager.java:897)
	at org.eclipse.m2e.core.internal.project.registry.ProjectRegistryManager.applyMutableProjectRegistry(ProjectRegistryManager.java:1047)
	at org.eclipse.m2e.core.internal.project.registry.ProjectRegistryManager.refresh(ProjectRegistryManager.java:324)
	at org.eclipse.m2e.core.internal.project.ProjectConfigurationManager.configureNewMavenProjects(ProjectConfigurationManager.java:256)
	at org.eclipse.m2e.core.internal.project.ProjectConfigurationManager.lambda$1(ProjectConfigurationManager.java:166)
	at org.eclipse.m2e.core.internal.embedder.MavenExecutionContext.executeBare(MavenExecutionContext.java:462)
	at org.eclipse.m2e.core.internal.embedder.MavenExecutionContext.execute(MavenExecutionContext.java:342)
	at org.eclipse.m2e.core.internal.embedder.MavenExecutionContext.execute(MavenExecutionContext.java:281)
	at org.eclipse.m2e.core.internal.project.ProjectConfigurationManager.importProjects(ProjectConfigurationManager.java:139)
	at org.eclipse.m2e.core.ui.internal.wizards.ImportMavenProjectsJob$1.doCreateMavenProjects(ImportMavenProjectsJob.java:71)
	at org.eclipse.m2e.core.ui.internal.wizards.AbstractCreateMavenProjectsOperation.run(AbstractCreateMavenProjectsOperation.java:56)
	at org.eclipse.m2e.core.ui.internal.wizards.ImportMavenProjectsJob.runInWorkspace(ImportMavenProjectsJob.java:80)
	at org.eclipse.core.internal.resources.InternalWorkspaceJob.run(InternalWorkspaceJob.java:43)
	at org.eclipse.core.internal.jobs.Worker.run(Worker.java:63)
Caused by: org.apache.maven.project.ProjectBuildingException: 1 problem was encountered while building the effective model
[FATAL] Non-readable POM C:\Users\andre\eclipse-workspace\proyecto_web2\web_2\bin: C:\Users\andre\eclipse-workspace\proyecto_web2\web_2\bin (Acceso denegado) @ 
 for project  at C:\Users\andre\eclipse-workspace\proyecto_web2\web_2\bin
	at org.apache.maven.project.DefaultProjectBuilder.build(DefaultProjectBuilder.java:180)
	at org.apache.maven.project.DefaultProjectBuilder.build(DefaultProjectBuilder.java:123)
	at org.eclipse.m2e.core.internal.embedder.MavenImpl.lambda$4(MavenImpl.java:410)
	... 26 common frames omitted
Caused by: org.apache.maven.model.building.ModelBuildingException: 1 problem was encountered while building the effective model
[FATAL] Non-readable POM C:\Users\andre\eclipse-workspace\proyecto_web2\web_2\bin: C:\Users\andre\eclipse-workspace\proyecto_web2\web_2\bin (Acceso denegado) @ 

	at org.apache.maven.model.building.DefaultModelProblemCollector.newModelBuildingException(DefaultModelProblemCollector.java:176)
	at org.apache.maven.model.building.DefaultModelBuilder.readModel(DefaultModelBuilder.java:643)
	at org.apache.maven.model.building.DefaultModelBuilder.build(DefaultModelBuilder.java:262)
	at org.apache.maven.model.building.DefaultModelBuilder.build(DefaultModelBuilder.java:248)
	at org.apache.maven.project.DefaultProjectBuilder.build(DefaultProjectBuilder.java:176)
	... 28 common frames omitted
2026-09-14 15:09:26,416 [Worker-80: Importing Maven projects] INFO  o.e.m.c.i.e.AbstractTransferListenerAdapter - Downloading https://repo.maven.apache.org/maven2/org/apache/maven/plugins/maven-resources-plugin/3.3.1/maven-resources-plugin-3.3.1.pom
2026-09-14 15:09:26,418 [Worker-80: Importing Maven projects] INFO  o.e.m.c.i.e.AbstractTransferListenerAdapter - Downloaded https://repo.maven.apache.org/maven2/org/apache/maven/plugins/maven-resources-plugin/3.3.1/maven-resources-plugin-3.3.1.pom
2026-09-14 15:09:26,482 [Worker-80: Importing Maven projects] INFO  o.e.m.c.i.e.AbstractTransferListenerAdapter - Downloading https://repo.maven.apache.org/maven2/org/apache/maven/plugins/maven-jar-plugin/3.3.0/maven-jar-plugin-3.3.0.pom
2026-09-14 15:09:26,487 [Worker-80: Importing Maven projects] INFO  o.e.m.c.i.e.AbstractTransferListenerAdapter - Downloaded https://repo.maven.apache.org/maven2/org/apache/maven/plugins/maven-jar-plugin/3.3.0/maven-jar-plugin-3.3.0.pom
2026-09-14 15:09:26,551 [Worker-80: Importing Maven projects] INFO  o.e.m.c.i.e.AbstractTransferListenerAdapter - Downloading https://repo.maven.apache.org/maven2/org/apache/maven/plugins/maven-plugins/37/maven-plugins-37.pom
2026-09-14 15:09:26,556 [Worker-80: Importing Maven projects] INFO  o.e.m.c.i.e.AbstractTransferListenerAdapter - Downloaded https://repo.maven.apache.org/maven2/org/apache/maven/plugins/maven-plugins/37/maven-plugins-37.pom
2026-09-14 15:09:26,624 [Worker-80: Importing Maven projects] INFO  o.e.m.c.i.e.AbstractTransferListenerAdapter - Downloading https://repo.maven.apache.org/maven2/org/apache/maven/maven-parent/37/maven-parent-37.pom
2026-09-14 15:09:26,626 [Worker-80: Importing Maven projects] INFO  o.e.m.c.i.e.AbstractTransferListenerAdapter - Downloaded https://repo.maven.apache.org/maven2/org/apache/maven/maven-parent/37/maven-parent-37.pom
2026-09-14 15:09:26,688 [Worker-80: Importing Maven projects] INFO  o.e.m.c.i.e.AbstractTransferListenerAdapter - Downloading https://repo.maven.apache.org/maven2/org/apache/apache/27/apache-27.pom
2026-09-14 15:09:26,693 [Worker-80: Importing Maven projects] INFO  o.e.m.c.i.e.AbstractTransferListenerAdapter - Downloaded https://repo.maven.apache.org/maven2/org/apache/apache/27/apache-27.pom
2026-09-14 15:09:26,767 [Worker-80: Importing Maven projects] INFO  o.e.m.c.i.e.AbstractTransferListenerAdapter - Downloading https://repo.maven.apache.org/maven2/org/codehaus/plexus/plexus-interpolation/1.26/plexus-interpolation-1.26.pom
2026-09-14 15:09:26,770 [Worker-80: Importing Maven projects] INFO  o.e.m.c.i.e.AbstractTransferListenerAdapter - Downloaded https://repo.maven.apache.org/maven2/org/codehaus/plexus/plexus-interpolation/1.26/plexus-interpolation-1.26.pom
2026-09-14 15:09:26,836 [Worker-80: Importing Maven projects] INFO  o.e.m.c.i.e.AbstractTransferListenerAdapter - Downloading https://repo.maven.apache.org/maven2/org/codehaus/plexus/plexus/5.1/plexus-5.1.pom
2026-09-14 15:09:26,837 [Worker-80: Importing Maven projects] INFO  o.e.m.c.i.e.AbstractTransferListenerAdapter - Downloaded https://repo.maven.apache.org/maven2/org/codehaus/plexus/plexus/5.1/plexus-5.1.pom
2026-09-14 15:09:26,893 [Worker-80: Importing Maven projects] INFO  o.e.m.c.i.e.AbstractTransferListenerAdapter - Downloading https://repo.maven.apache.org/maven2/org/codehaus/plexus/plexus-utils/3.5.1/plexus-utils-3.5.1.pom
2026-09-14 15:09:26,895 [Worker-80: Importing Maven projects] INFO  o.e.m.c.i.e.AbstractTransferListenerAdapter - Downloaded https://repo.maven.apache.org/maven2/org/codehaus/plexus/plexus-utils/3.5.1/plexus-utils-3.5.1.pom
2026-09-14 15:09:26,954 [Worker-80: Importing Maven projects] INFO  o.e.m.c.i.e.AbstractTransferListenerAdapter - Downloading https://repo.maven.apache.org/maven2/org/apache/maven/shared/maven-filtering/3.3.1/maven-filtering-3.3.1.pom
2026-09-14 15:09:26,956 [Worker-80: Importing Maven projects] INFO  o.e.m.c.i.e.AbstractTransferListenerAdapter - Downloaded https://repo.maven.apache.org/maven2/org/apache/maven/shared/maven-filtering/3.3.1/maven-filtering-3.3.1.pom
2026-09-14 15:09:27,025 [Worker-80: Importing Maven projects] INFO  o.e.m.c.i.e.AbstractTransferListenerAdapter - Downloading https://repo.maven.apache.org/maven2/org/apache/commons/commons-lang3/3.12.0/commons-lang3-3.12.0.pom
2026-09-14 15:09:27,028 [Worker-80: Importing Maven projects] INFO  o.e.m.c.i.e.AbstractTransferListenerAdapter - Downloaded https://repo.maven.apache.org/maven2/org/apache/commons/commons-lang3/3.12.0/commons-lang3-3.12.0.pom
2026-09-14 15:09:27,088 [Worker-80: Importing Maven projects] INFO  o.e.m.c.i.e.AbstractTransferListenerAdapter - Downloading https://repo.maven.apache.org/maven2/org/junit/junit-bom/5.7.1/junit-bom-5.7.1.pom
2026-09-14 15:09:27,091 [Worker-80: Importing Maven projects] INFO  o.e.m.c.i.e.AbstractTransferListenerAdapter - Downloaded https://repo.maven.apache.org/maven2/org/junit/junit-bom/5.7.1/junit-bom-5.7.1.pom
2026-09-14 15:09:27,151 [Worker-80: Importing Maven projects] INFO  o.e.m.c.i.e.AbstractTransferListenerAdapter - Downloading https://repo.maven.apache.org/maven2/org/codehaus/plexus/plexus-interpolation/1.26/plexus-interpolation-1.26.jar
2026-09-14 15:09:27,218 [Worker-80: Importing Maven projects] INFO  o.e.m.c.i.e.AbstractTransferListenerAdapter - Downloaded https://repo.maven.apache.org/maven2/org/codehaus/plexus/plexus-interpolation/1.26/plexus-interpolation-1.26.jar
2026-09-14 15:09:27,274 [BasicRepositoryConnector-repo.maven.apache.org-5-1] INFO  o.e.m.c.i.e.AbstractTransferListenerAdapter - Downloading https://repo.maven.apache.org/maven2/org/apache/maven/shared/maven-filtering/3.3.1/maven-filtering-3.3.1.jar
2026-09-14 15:09:27,281 [BasicRepositoryConnector-repo.maven.apache.org-5-2] INFO  o.e.m.c.i.e.AbstractTransferListenerAdapter - Downloading https://repo.maven.apache.org/maven2/org/apache/commons/commons-lang3/3.12.0/commons-lang3-3.12.0.jar
2026-09-14 15:09:27,309 [BasicRepositoryConnector-repo.maven.apache.org-5-1] INFO  o.e.m.c.i.e.AbstractTransferListenerAdapter - Downloaded https://repo.maven.apache.org/maven2/org/apache/maven/shared/maven-filtering/3.3.1/maven-filtering-3.3.1.jar
2026-09-14 15:09:27,314 [BasicRepositoryConnector-repo.maven.apache.org-5-0] INFO  o.e.m.c.i.e.AbstractTransferListenerAdapter - Downloading https://repo.maven.apache.org/maven2/org/codehaus/plexus/plexus-utils/3.5.1/plexus-utils-3.5.1.jar
2026-09-14 15:09:27,461 [Worker-78: Download sources and javadoc] INFO  o.e.m.c.i.e.AbstractTransferListenerAdapter - Downloading https://repo.maven.apache.org/maven2/org/springframework/boot/spring-boot-starter-web/3.2.5/spring-boot-starter-web-3.2.5-sources.jar
2026-09-14 15:09:27,464 [Worker-78: Download sources and javadoc] INFO  o.e.m.c.i.e.AbstractTransferListenerAdapter - Downloaded https://repo.maven.apache.org/maven2/org/springframework/boot/spring-boot-starter-web/3.2.5/spring-boot-starter-web-3.2.5-sources.jar
2026-09-14 15:09:27,466 [Worker-78: Download sources and javadoc] INFO  o.e.m.j.internal.DownloadSourcesJob - Downloaded sources for org.springframework.boot:spring-boot-starter-web:3.2.5
2026-09-14 15:09:27,568 [BasicRepositoryConnector-repo.maven.apache.org-5-0] INFO  o.e.m.c.i.e.AbstractTransferListenerAdapter - Downloaded https://repo.maven.apache.org/maven2/org/codehaus/plexus/plexus-utils/3.5.1/plexus-utils-3.5.1.jar
2026-09-14 15:09:27,623 [Worker-78: Download sources and javadoc] INFO  o.e.m.c.i.e.AbstractTransferListenerAdapter - Downloading https://repo.maven.apache.org/maven2/org/springframework/boot/spring-boot-starter/3.2.5/spring-boot-starter-3.2.5-sources.jar
2026-09-14 15:09:27,625 [Worker-78: Download sources and javadoc] INFO  o.e.m.c.i.e.AbstractTransferListenerAdapter - Downloaded https://repo.maven.apache.org/maven2/org/springframework/boot/spring-boot-starter/3.2.5/spring-boot-starter-3.2.5-sources.jar
2026-09-14 15:09:27,628 [Worker-78: Download sources and javadoc] INFO  o.e.m.j.internal.DownloadSourcesJob - Downloaded sources for org.springframework.boot:spring-boot-starter:3.2.5
2026-09-14 15:09:27,762 [Worker-78: Download sources and javadoc] INFO  o.e.m.c.i.e.AbstractTransferListenerAdapter - Downloading https://repo.maven.apache.org/maven2/org/springframework/boot/spring-boot/3.2.5/spring-boot-3.2.5-sources.jar
2026-09-14 15:09:28,032 [Worker-78: Download sources and javadoc] INFO  o.e.m.c.i.e.AbstractTransferListenerAdapter - Downloaded https://repo.maven.apache.org/maven2/org/springframework/boot/spring-boot/3.2.5/spring-boot-3.2.5-sources.jar
2026-09-14 15:09:28,037 [Worker-78: Download sources and javadoc] INFO  o.e.m.j.internal.DownloadSourcesJob - Downloaded sources for org.springframework.boot:spring-boot:3.2.5
2026-09-14 15:09:28,170 [BasicRepositoryConnector-repo.maven.apache.org-5-2] INFO  o.e.m.c.i.e.AbstractTransferListenerAdapter - Downloaded https://repo.maven.apache.org/maven2/org/apache/commons/commons-lang3/3.12.0/commons-lang3-3.12.0.jar
2026-09-14 15:09:28,232 [Worker-80: Importing Maven projects] INFO  o.e.m.j.i.AbstractJavaProjectConfigurator - Adding resource folder /demo/src/main/resources
2026-09-14 15:09:28,232 [Worker-80: Importing Maven projects] INFO  o.e.m.j.i.AbstractJavaProjectConfigurator - Adding resource folder /demo/src/main/resources
2026-09-14 15:09:28,234 [Worker-80: Importing Maven projects] INFO  o.e.m.j.i.AbstractJavaProjectConfigurator - Adding resource folder /demo/src/test/resources
2026-09-14 15:09:28,320 [Worker-78: Download sources and javadoc] INFO  o.e.m.c.i.e.AbstractTransferListenerAdapter - Downloading https://repo.maven.apache.org/maven2/org/springframework/boot/spring-boot-autoconfigure/3.2.5/spring-boot-autoconfigure-3.2.5-sources.jar
2026-09-14 15:09:28,593 [Worker-80: Importing Maven projects] WARN  o.apache.maven.project.MavenProject - Plugin is modifying compileSourceRoots through clear(), which will not work in Maven 4.0.0. Use MavenProject.addCompileSourceRoot()/removeCompileSourceRoot() methods instead. If using a plugin, please upgrade to the latest version or report the issue to the plugin maintainer. To disable these warnings, set -Dmaven.project.sourceRoots.warningsDisabled=true on the command line, in the .mvn/maven.config file, or in project POM properties.
2026-09-14 15:09:28,594 [Worker-80: Importing Maven projects] WARN  o.apache.maven.project.MavenProject - Plugin is modifying testCompileSourceRoots through clear(), which will not work in Maven 4.0.0. Use MavenProject.addTestCompileSourceRoot()/removeTestCompileSourceRoot() methods instead. If using a plugin, please upgrade to the latest version or report the issue to the plugin maintainer. To disable these warnings, set -Dmaven.project.sourceRoots.warningsDisabled=true on the command line, in the .mvn/maven.config file, or in project POM properties.
2026-09-14 15:09:28,601 [Worker-80: Importing Maven projects] INFO  o.e.m.c.i.p.ProjectConfigurationManager - Imported and configured 1 project(s) in 32 sec
2026-09-14 15:09:28,629 [Worker-78: Download sources and javadoc] INFO  o.e.m.c.i.e.AbstractTransferListenerAdapter - Downloaded https://repo.maven.apache.org/maven2/org/springframework/boot/spring-boot-autoconfigure/3.2.5/spring-boot-autoconfigure-3.2.5-sources.jar
2026-09-14 15:09:28,637 [Worker-78: Download sources and javadoc] INFO  o.e.m.j.internal.DownloadSourcesJob - Downloaded sources for org.springframework.boot:spring-boot-autoconfigure:3.2.5
2026-09-14 15:09:28,979 [Worker-78: Download sources and javadoc] INFO  o.e.m.c.i.e.AbstractTransferListenerAdapter - Downloading https://repo.maven.apache.org/maven2/org/springframework/boot/spring-boot-starter-logging/3.2.5/spring-boot-starter-logging-3.2.5-sources.jar
2026-09-14 15:09:28,983 [Worker-78: Download sources and javadoc] INFO  o.e.m.c.i.e.AbstractTransferListenerAdapter - Downloaded https://repo.maven.apache.org/maven2/org/springframework/boot/spring-boot-starter-logging/3.2.5/spring-boot-starter-logging-3.2.5-sources.jar
2026-09-14 15:09:28,989 [Worker-78: Download sources and javadoc] INFO  o.e.m.j.internal.DownloadSourcesJob - Downloaded sources for org.springframework.boot:spring-boot-starter-logging:3.2.5
2026-09-14 15:09:29,143 [Worker-78: Download sources and javadoc] INFO  o.e.m.c.i.e.AbstractTransferListenerAdapter - Downloading https://repo.maven.apache.org/maven2/ch/qos/logback/logback-classic/1.4.14/logback-classic-1.4.14-sources.jar
2026-09-14 15:09:29,387 [Worker-78: Download sources and javadoc] INFO  o.e.m.c.i.e.AbstractTransferListenerAdapter - Downloaded https://repo.maven.apache.org/maven2/ch/qos/logback/logback-classic/1.4.14/logback-classic-1.4.14-sources.jar
2026-09-14 15:09:29,395 [Worker-78: Download sources and javadoc] INFO  o.e.m.j.internal.DownloadSourcesJob - Downloaded sources for ch.qos.logback:logback-classic:1.4.14
2026-09-14 15:09:29,552 [Worker-78: Download sources and javadoc] INFO  o.e.m.c.i.e.AbstractTransferListenerAdapter - Downloading https://repo.maven.apache.org/maven2/ch/qos/logback/logback-core/1.4.14/logback-core-1.4.14-sources.jar
2026-09-14 15:09:29,803 [Worker-78: Download sources and javadoc] INFO  o.e.m.c.i.e.AbstractTransferListenerAdapter - Downloaded https://repo.maven.apache.org/maven2/ch/qos/logback/logback-core/1.4.14/logback-core-1.4.14-sources.jar
2026-09-14 15:09:29,809 [Worker-78: Download sources and javadoc] INFO  o.e.m.j.internal.DownloadSourcesJob - Downloaded sources for ch.qos.logback:logback-core:1.4.14
2026-09-14 15:09:29,949 [Worker-78: Download sources and javadoc] INFO  o.e.m.c.i.e.AbstractTransferListenerAdapter - Downloading https://repo.maven.apache.org/maven2/org/apache/logging/log4j/log4j-to-slf4j/2.21.1/log4j-to-slf4j-2.21.1-sources.jar
2026-09-14 15:09:29,984 [Worker-78: Download sources and javadoc] INFO  o.e.m.c.i.e.AbstractTransferListenerAdapter - Downloaded https://repo.maven.apache.org/maven2/org/apache/logging/log4j/log4j-to-slf4j/2.21.1/log4j-to-slf4j-2.21.1-sources.jar
2026-09-14 15:09:29,990 [Worker-78: Download sources and javadoc] INFO  o.e.m.j.internal.DownloadSourcesJob - Downloaded sources for org.apache.logging.log4j:log4j-to-slf4j:2.21.1
2026-09-14 15:09:30,125 [Worker-78: Download sources and javadoc] INFO  o.e.m.c.i.e.AbstractTransferListenerAdapter - Downloading https://repo.maven.apache.org/maven2/org/apache/logging/log4j/log4j-api/2.21.1/log4j-api-2.21.1-sources.jar
2026-09-14 15:09:30,381 [Worker-78: Download sources and javadoc] INFO  o.e.m.c.i.e.AbstractTransferListenerAdapter - Downloaded https://repo.maven.apache.org/maven2/org/apache/logging/log4j/log4j-api/2.21.1/log4j-api-2.21.1-sources.jar
2026-09-14 15:09:30,389 [Worker-78: Download sources and javadoc] INFO  o.e.m.j.internal.DownloadSourcesJob - Downloaded sources for org.apache.logging.log4j:log4j-api:2.21.1
2026-09-14 15:09:30,520 [Worker-78: Download sources and javadoc] INFO  o.e.m.c.i.e.AbstractTransferListenerAdapter - Downloading https://repo.maven.apache.org/maven2/org/slf4j/jul-to-slf4j/2.0.13/jul-to-slf4j-2.0.13-sources.jar
2026-09-14 15:09:30,524 [Worker-78: Download sources and javadoc] INFO  o.e.m.c.i.e.AbstractTransferListenerAdapter - Downloaded https://repo.maven.apache.org/maven2/org/slf4j/jul-to-slf4j/2.0.13/jul-to-slf4j-2.0.13-sources.jar
2026-09-14 15:09:30,529 [Worker-78: Download sources and javadoc] INFO  o.e.m.j.internal.DownloadSourcesJob - Downloaded sources for org.slf4j:jul-to-slf4j:2.0.13
2026-09-14 15:09:30,662 [Worker-78: Download sources and javadoc] INFO  o.e.m.c.i.e.AbstractTransferListenerAdapter - Downloading https://repo.maven.apache.org/maven2/jakarta/annotation/jakarta.annotation-api/2.1.1/jakarta.annotation-api-2.1.1-sources.jar
2026-09-14 15:09:30,698 [Worker-78: Download sources and javadoc] INFO  o.e.m.c.i.e.AbstractTransferListenerAdapter - Downloaded https://repo.maven.apache.org/maven2/jakarta/annotation/jakarta.annotation-api/2.1.1/jakarta.annotation-api-2.1.1-sources.jar
2026-09-14 15:09:30,704 [Worker-78: Download sources and javadoc] INFO  o.e.m.j.internal.DownloadSourcesJob - Downloaded sources for jakarta.annotation:jakarta.annotation-api:2.1.1
2026-09-14 15:09:30,871 [Worker-78: Download sources and javadoc] INFO  o.e.m.c.i.e.AbstractTransferListenerAdapter - Downloading https://repo.maven.apache.org/maven2/org/yaml/snakeyaml/2.2/snakeyaml-2.2-sources.jar
2026-09-14 15:09:31,004 [Worker-78: Download sources and javadoc] INFO  o.e.m.c.i.e.AbstractTransferListenerAdapter - Downloaded https://repo.maven.apache.org/maven2/org/yaml/snakeyaml/2.2/snakeyaml-2.2-sources.jar
2026-09-14 15:09:31,013 [Worker-78: Download sources and javadoc] INFO  o.e.m.j.internal.DownloadSourcesJob - Downloaded sources for org.yaml:snakeyaml:2.2
2026-09-14 15:09:31,740 [Worker-78: Download sources and javadoc] INFO  o.e.m.c.i.e.AbstractTransferListenerAdapter - Downloading https://repo.maven.apache.org/maven2/org/springframework/boot/spring-boot-starter-json/3.2.5/spring-boot-starter-json-3.2.5-sources.jar
2026-09-14 15:09:31,744 [Worker-78: Download sources and javadoc] INFO  o.e.m.c.i.e.AbstractTransferListenerAdapter - Downloaded https://repo.maven.apache.org/maven2/org/springframework/boot/spring-boot-starter-json/3.2.5/spring-boot-starter-json-3.2.5-sources.jar
2026-09-14 15:09:31,749 [Worker-78: Download sources and javadoc] INFO  o.e.m.j.internal.DownloadSourcesJob - Downloaded sources for org.springframework.boot:spring-boot-starter-json:3.2.5
2026-09-14 15:09:31,975 [Worker-78: Download sources and javadoc] INFO  o.e.m.c.i.e.AbstractTransferListenerAdapter - Downloading https://repo.maven.apache.org/maven2/com/fasterxml/jackson/core/jackson-databind/2.15.4/jackson-databind-2.15.4-sources.jar
2026-09-14 15:09:32,448 [Worker-78: Download sources and javadoc] INFO  o.e.m.c.i.e.AbstractTransferListenerAdapter - Downloaded https://repo.maven.apache.org/maven2/com/fasterxml/jackson/core/jackson-databind/2.15.4/jackson-databind-2.15.4-sources.jar
2026-09-14 15:09:32,454 [Worker-78: Download sources and javadoc] INFO  o.e.m.j.internal.DownloadSourcesJob - Downloaded sources for com.fasterxml.jackson.core:jackson-databind:2.15.4
2026-09-14 15:09:32,483 [Worker-81: Building] WARN  o.apache.maven.project.MavenProject - Plugin is modifying compileSourceRoots through clear(), which will not work in Maven 4.0.0. Use MavenProject.addCompileSourceRoot()/removeCompileSourceRoot() methods instead. If using a plugin, please upgrade to the latest version or report the issue to the plugin maintainer. To disable these warnings, set -Dmaven.project.sourceRoots.warningsDisabled=true on the command line, in the .mvn/maven.config file, or in project POM properties.
2026-09-14 15:09:32,484 [Worker-81: Building] WARN  o.apache.maven.project.MavenProject - Plugin is modifying testCompileSourceRoots through clear(), which will not work in Maven 4.0.0. Use MavenProject.addTestCompileSourceRoot()/removeTestCompileSourceRoot() methods instead. If using a plugin, please upgrade to the latest version or report the issue to the plugin maintainer. To disable these warnings, set -Dmaven.project.sourceRoots.warningsDisabled=true on the command line, in the .mvn/maven.config file, or in project POM properties.
2026-09-14 15:09:32,619 [Worker-78: Download sources and javadoc] INFO  o.e.m.c.i.e.AbstractTransferListenerAdapter - Downloading https://repo.maven.apache.org/maven2/com/fasterxml/jackson/core/jackson-annotations/2.15.4/jackson-annotations-2.15.4-sources.jar
2026-09-14 15:09:32,690 [Worker-78: Download sources and javadoc] INFO  o.e.m.c.i.e.AbstractTransferListenerAdapter - Downloaded https://repo.maven.apache.org/maven2/com/fasterxml/jackson/core/jackson-annotations/2.15.4/jackson-annotations-2.15.4-sources.jar
2026-09-14 15:09:32,695 [Worker-78: Download sources and javadoc] INFO  o.e.m.j.internal.DownloadSourcesJob - Downloaded sources for com.fasterxml.jackson.core:jackson-annotations:2.15.4
2026-09-14 15:09:32,829 [Worker-78: Download sources and javadoc] INFO  o.e.m.c.i.e.AbstractTransferListenerAdapter - Downloading https://repo.maven.apache.org/maven2/com/fasterxml/jackson/core/jackson-core/2.15.4/jackson-core-2.15.4-sources.jar
2026-09-14 15:09:33,029 [Worker-78: Download sources and javadoc] INFO  o.e.m.c.i.e.AbstractTransferListenerAdapter - Downloaded https://repo.maven.apache.org/maven2/com/fasterxml/jackson/core/jackson-core/2.15.4/jackson-core-2.15.4-sources.jar
2026-09-14 15:09:33,035 [Worker-78: Download sources and javadoc] INFO  o.e.m.j.internal.DownloadSourcesJob - Downloaded sources for com.fasterxml.jackson.core:jackson-core:2.15.4
2026-09-14 15:09:33,188 [Worker-78: Download sources and javadoc] INFO  o.e.m.c.i.e.AbstractTransferListenerAdapter - Downloading https://repo.maven.apache.org/maven2/com/fasterxml/jackson/datatype/jackson-datatype-jdk8/2.15.4/jackson-datatype-jdk8-2.15.4-sources.jar
2026-09-14 15:09:33,218 [Worker-78: Download sources and javadoc] INFO  o.e.m.c.i.e.AbstractTransferListenerAdapter - Downloaded https://repo.maven.apache.org/maven2/com/fasterxml/jackson/datatype/jackson-datatype-jdk8/2.15.4/jackson-datatype-jdk8-2.15.4-sources.jar
2026-09-14 15:09:33,227 [Worker-78: Download sources and javadoc] INFO  o.e.m.j.internal.DownloadSourcesJob - Downloaded sources for com.fasterxml.jackson.datatype:jackson-datatype-jdk8:2.15.4
2026-09-14 15:09:33,359 [Worker-78: Download sources and javadoc] INFO  o.e.m.c.i.e.AbstractTransferListenerAdapter - Downloading https://repo.maven.apache.org/maven2/com/fasterxml/jackson/datatype/jackson-datatype-jsr310/2.15.4/jackson-datatype-jsr310-2.15.4-sources.jar
2026-09-14 15:09:33,433 [Worker-78: Download sources and javadoc] INFO  o.e.m.c.i.e.AbstractTransferListenerAdapter - Downloaded https://repo.maven.apache.org/maven2/com/fasterxml/jackson/datatype/jackson-datatype-jsr310/2.15.4/jackson-datatype-jsr310-2.15.4-sources.jar
2026-09-14 15:09:33,440 [Worker-78: Download sources and javadoc] INFO  o.e.m.j.internal.DownloadSourcesJob - Downloaded sources for com.fasterxml.jackson.datatype:jackson-datatype-jsr310:2.15.4
2026-09-14 15:09:33,634 [Worker-78: Download sources and javadoc] INFO  o.e.m.c.i.e.AbstractTransferListenerAdapter - Downloading https://repo.maven.apache.org/maven2/com/fasterxml/jackson/module/jackson-module-parameter-names/2.15.4/jackson-module-parameter-names-2.15.4-sources.jar
2026-09-14 15:09:33,641 [Worker-78: Download sources and javadoc] INFO  o.e.m.c.i.e.AbstractTransferListenerAdapter - Downloaded https://repo.maven.apache.org/maven2/com/fasterxml/jackson/module/jackson-module-parameter-names/2.15.4/jackson-module-parameter-names-2.15.4-sources.jar
2026-09-14 15:09:33,648 [Worker-78: Download sources and javadoc] INFO  o.e.m.j.internal.DownloadSourcesJob - Downloaded sources for com.fasterxml.jackson.module:jackson-module-parameter-names:2.15.4
2026-09-14 15:09:33,800 [Worker-78: Download sources and javadoc] INFO  o.e.m.c.i.e.AbstractTransferListenerAdapter - Downloading https://repo.maven.apache.org/maven2/org/springframework/boot/spring-boot-starter-tomcat/3.2.5/spring-boot-starter-tomcat-3.2.5-sources.jar
2026-09-14 15:09:33,804 [Worker-78: Download sources and javadoc] INFO  o.e.m.c.i.e.AbstractTransferListenerAdapter - Downloaded https://repo.maven.apache.org/maven2/org/springframework/boot/spring-boot-starter-tomcat/3.2.5/spring-boot-starter-tomcat-3.2.5-sources.jar
2026-09-14 15:09:33,811 [Worker-78: Download sources and javadoc] INFO  o.e.m.j.internal.DownloadSourcesJob - Downloaded sources for org.springframework.boot:spring-boot-starter-tomcat:3.2.5
2026-09-14 15:09:33,984 [Worker-78: Download sources and javadoc] INFO  o.e.m.c.i.e.AbstractTransferListenerAdapter - Downloading https://repo.maven.apache.org/maven2/org/apache/tomcat/embed/tomcat-embed-core/10.1.20/tomcat-embed-core-10.1.20-sources.jar
2026-09-14 15:09:35,606 [Worker-78: Download sources and javadoc] INFO  o.e.m.c.i.e.AbstractTransferListenerAdapter - Downloaded https://repo.maven.apache.org/maven2/org/apache/tomcat/embed/tomcat-embed-core/10.1.20/tomcat-embed-core-10.1.20-sources.jar
2026-09-14 15:09:35,614 [Worker-78: Download sources and javadoc] INFO  o.e.m.j.internal.DownloadSourcesJob - Downloaded sources for org.apache.tomcat.embed:tomcat-embed-core:10.1.20
2026-09-14 15:09:35,757 [Worker-78: Download sources and javadoc] INFO  o.e.m.c.i.e.AbstractTransferListenerAdapter - Downloading https://repo.maven.apache.org/maven2/org/apache/tomcat/embed/tomcat-embed-el/10.1.20/tomcat-embed-el-10.1.20-sources.jar
2026-09-14 15:09:35,890 [Worker-78: Download sources and javadoc] INFO  o.e.m.c.i.e.AbstractTransferListenerAdapter - Downloaded https://repo.maven.apache.org/maven2/org/apache/tomcat/embed/tomcat-embed-el/10.1.20/tomcat-embed-el-10.1.20-sources.jar
2026-09-14 15:09:35,896 [Worker-78: Download sources and javadoc] INFO  o.e.m.j.internal.DownloadSourcesJob - Downloaded sources for org.apache.tomcat.embed:tomcat-embed-el:10.1.20
2026-09-14 15:09:36,038 [Worker-78: Download sources and javadoc] INFO  o.e.m.c.i.e.AbstractTransferListenerAdapter - Downloading https://repo.maven.apache.org/maven2/org/apache/tomcat/embed/tomcat-embed-websocket/10.1.20/tomcat-embed-websocket-10.1.20-sources.jar
2026-09-14 15:09:36,222 [Worker-78: Download sources and javadoc] INFO  o.e.m.c.i.e.AbstractTransferListenerAdapter - Downloaded https://repo.maven.apache.org/maven2/org/apache/tomcat/embed/tomcat-embed-websocket/10.1.20/tomcat-embed-websocket-10.1.20-sources.jar
2026-09-14 15:09:36,229 [Worker-78: Download sources and javadoc] INFO  o.e.m.j.internal.DownloadSourcesJob - Downloaded sources for org.apache.tomcat.embed:tomcat-embed-websocket:10.1.20
2026-09-14 15:09:36,375 [Worker-78: Download sources and javadoc] INFO  o.e.m.c.i.e.AbstractTransferListenerAdapter - Downloading https://repo.maven.apache.org/maven2/org/springframework/spring-web/6.1.6/spring-web-6.1.6-sources.jar
2026-09-14 15:09:36,762 [Worker-78: Download sources and javadoc] INFO  o.e.m.c.i.e.AbstractTransferListenerAdapter - Downloaded https://repo.maven.apache.org/maven2/org/springframework/spring-web/6.1.6/spring-web-6.1.6-sources.jar
2026-09-14 15:09:36,772 [Worker-78: Download sources and javadoc] INFO  o.e.m.j.internal.DownloadSourcesJob - Downloaded sources for org.springframework:spring-web:6.1.6
2026-09-14 15:09:36,911 [Worker-78: Download sources and javadoc] INFO  o.e.m.c.i.e.AbstractTransferListenerAdapter - Downloading https://repo.maven.apache.org/maven2/org/springframework/spring-beans/6.1.6/spring-beans-6.1.6-sources.jar
2026-09-14 15:09:37,135 [Worker-78: Download sources and javadoc] INFO  o.e.m.c.i.e.AbstractTransferListenerAdapter - Downloaded https://repo.maven.apache.org/maven2/org/springframework/spring-beans/6.1.6/spring-beans-6.1.6-sources.jar
2026-09-14 15:09:37,140 [Worker-78: Download sources and javadoc] INFO  o.e.m.j.internal.DownloadSourcesJob - Downloaded sources for org.springframework:spring-beans:6.1.6
2026-09-14 15:09:37,314 [Worker-78: Download sources and javadoc] INFO  o.e.m.c.i.e.AbstractTransferListenerAdapter - Downloading https://repo.maven.apache.org/maven2/io/micrometer/micrometer-observation/1.12.5/micrometer-observation-1.12.5-sources.jar
2026-09-14 15:09:37,376 [Worker-78: Download sources and javadoc] INFO  o.e.m.c.i.e.AbstractTransferListenerAdapter - Downloaded https://repo.maven.apache.org/maven2/io/micrometer/micrometer-observation/1.12.5/micrometer-observation-1.12.5-sources.jar
2026-09-14 15:09:37,383 [Worker-78: Download sources and javadoc] INFO  o.e.m.j.internal.DownloadSourcesJob - Downloaded sources for io.micrometer:micrometer-observation:1.12.5
2026-09-14 15:09:37,552 [Worker-78: Download sources and javadoc] INFO  o.e.m.c.i.e.AbstractTransferListenerAdapter - Downloading https://repo.maven.apache.org/maven2/io/micrometer/micrometer-commons/1.12.5/micrometer-commons-1.12.5-sources.jar
2026-09-14 15:09:37,615 [Worker-78: Download sources and javadoc] INFO  o.e.m.c.i.e.AbstractTransferListenerAdapter - Downloaded https://repo.maven.apache.org/maven2/io/micrometer/micrometer-commons/1.12.5/micrometer-commons-1.12.5-sources.jar
2026-09-14 15:09:37,622 [Worker-78: Download sources and javadoc] INFO  o.e.m.j.internal.DownloadSourcesJob - Downloaded sources for io.micrometer:micrometer-commons:1.12.5
2026-09-14 15:09:37,788 [Worker-78: Download sources and javadoc] INFO  o.e.m.c.i.e.AbstractTransferListenerAdapter - Downloading https://repo.maven.apache.org/maven2/org/springframework/spring-webmvc/6.1.6/spring-webmvc-6.1.6-sources.jar
2026-09-14 15:09:38,052 [Worker-78: Download sources and javadoc] INFO  o.e.m.c.i.e.AbstractTransferListenerAdapter - Downloaded https://repo.maven.apache.org/maven2/org/springframework/spring-webmvc/6.1.6/spring-webmvc-6.1.6-sources.jar
2026-09-14 15:09:38,054 [Worker-78: Download sources and javadoc] INFO  o.e.m.j.internal.DownloadSourcesJob - Downloaded sources for org.springframework:spring-webmvc:6.1.6
2026-09-14 15:09:38,188 [Worker-78: Download sources and javadoc] INFO  o.e.m.c.i.e.AbstractTransferListenerAdapter - Downloading https://repo.maven.apache.org/maven2/org/springframework/spring-aop/6.1.6/spring-aop-6.1.6-sources.jar
2026-09-14 15:09:38,355 [Worker-78: Download sources and javadoc] INFO  o.e.m.c.i.e.AbstractTransferListenerAdapter - Downloaded https://repo.maven.apache.org/maven2/org/springframework/spring-aop/6.1.6/spring-aop-6.1.6-sources.jar
2026-09-14 15:09:38,357 [Worker-78: Download sources and javadoc] INFO  o.e.m.j.internal.DownloadSourcesJob - Downloaded sources for org.springframework:spring-aop:6.1.6
2026-09-14 15:09:38,489 [Worker-78: Download sources and javadoc] INFO  o.e.m.c.i.e.AbstractTransferListenerAdapter - Downloading https://repo.maven.apache.org/maven2/org/springframework/spring-context/6.1.6/spring-context-6.1.6-sources.jar
2026-09-14 15:09:38,839 [Worker-78: Download sources and javadoc] INFO  o.e.m.c.i.e.AbstractTransferListenerAdapter - Downloaded https://repo.maven.apache.org/maven2/org/springframework/spring-context/6.1.6/spring-context-6.1.6-sources.jar
2026-09-14 15:09:38,844 [Worker-78: Download sources and javadoc] INFO  o.e.m.j.internal.DownloadSourcesJob - Downloaded sources for org.springframework:spring-context:6.1.6
2026-09-14 15:09:39,008 [Worker-78: Download sources and javadoc] INFO  o.e.m.c.i.e.AbstractTransferListenerAdapter - Downloading https://repo.maven.apache.org/maven2/org/springframework/spring-expression/6.1.6/spring-expression-6.1.6-sources.jar
2026-09-14 15:09:39,587 [Worker-78: Download sources and javadoc] INFO  o.e.m.c.i.e.AbstractTransferListenerAdapter - Downloaded https://repo.maven.apache.org/maven2/org/springframework/spring-expression/6.1.6/spring-expression-6.1.6-sources.jar
2026-09-14 15:09:39,593 [Worker-78: Download sources and javadoc] INFO  o.e.m.j.internal.DownloadSourcesJob - Downloaded sources for org.springframework:spring-expression:6.1.6
2026-09-14 15:09:39,717 [Worker-78: Download sources and javadoc] INFO  o.e.m.c.i.e.AbstractTransferListenerAdapter - Downloading https://repo.maven.apache.org/maven2/org/springframework/boot/spring-boot-starter-data-jpa/3.2.5/spring-boot-starter-data-jpa-3.2.5-sources.jar
2026-09-14 15:09:39,727 [Worker-78: Download sources and javadoc] INFO  o.e.m.c.i.e.AbstractTransferListenerAdapter - Downloaded https://repo.maven.apache.org/maven2/org/springframework/boot/spring-boot-starter-data-jpa/3.2.5/spring-boot-starter-data-jpa-3.2.5-sources.jar
2026-09-14 15:09:39,732 [Worker-78: Download sources and javadoc] INFO  o.e.m.j.internal.DownloadSourcesJob - Downloaded sources for org.springframework.boot:spring-boot-starter-data-jpa:3.2.5
2026-09-14 15:09:39,893 [Worker-78: Download sources and javadoc] INFO  o.e.m.c.i.e.AbstractTransferListenerAdapter - Downloading https://repo.maven.apache.org/maven2/org/springframework/boot/spring-boot-starter-aop/3.2.5/spring-boot-starter-aop-3.2.5-sources.jar
2026-09-14 15:09:39,898 [Worker-78: Download sources and javadoc] INFO  o.e.m.c.i.e.AbstractTransferListenerAdapter - Downloaded https://repo.maven.apache.org/maven2/org/springframework/boot/spring-boot-starter-aop/3.2.5/spring-boot-starter-aop-3.2.5-sources.jar
2026-09-14 15:09:39,917 [Worker-78: Download sources and javadoc] INFO  o.e.m.j.internal.DownloadSourcesJob - Downloaded sources for org.springframework.boot:spring-boot-starter-aop:3.2.5
2026-09-14 15:09:40,056 [Worker-78: Download sources and javadoc] INFO  o.e.m.c.i.e.AbstractTransferListenerAdapter - Downloading https://repo.maven.apache.org/maven2/org/aspectj/aspectjweaver/1.9.22/aspectjweaver-1.9.22-sources.jar
2026-09-14 15:09:41,022 [Worker-78: Download sources and javadoc] INFO  o.e.m.c.i.e.AbstractTransferListenerAdapter - Downloaded https://repo.maven.apache.org/maven2/org/aspectj/aspectjweaver/1.9.22/aspectjweaver-1.9.22-sources.jar
2026-09-14 15:09:41,025 [Worker-78: Download sources and javadoc] INFO  o.e.m.j.internal.DownloadSourcesJob - Downloaded sources for org.aspectj:aspectjweaver:1.9.22
2026-09-14 15:09:41,165 [Worker-78: Download sources and javadoc] INFO  o.e.m.c.i.e.AbstractTransferListenerAdapter - Downloading https://repo.maven.apache.org/maven2/org/springframework/boot/spring-boot-starter-jdbc/3.2.5/spring-boot-starter-jdbc-3.2.5-sources.jar
2026-09-14 15:09:41,171 [Worker-78: Download sources and javadoc] INFO  o.e.m.c.i.e.AbstractTransferListenerAdapter - Downloaded https://repo.maven.apache.org/maven2/org/springframework/boot/spring-boot-starter-jdbc/3.2.5/spring-boot-starter-jdbc-3.2.5-sources.jar
2026-09-14 15:09:41,183 [Worker-78: Download sources and javadoc] INFO  o.e.m.j.internal.DownloadSourcesJob - Downloaded sources for org.springframework.boot:spring-boot-starter-jdbc:3.2.5
2026-09-14 15:09:41,360 [Worker-78: Download sources and javadoc] INFO  o.e.m.c.i.e.AbstractTransferListenerAdapter - Downloading https://repo.maven.apache.org/maven2/com/zaxxer/HikariCP/5.0.1/HikariCP-5.0.1-sources.jar
2026-09-14 15:09:41,487 [Worker-78: Download sources and javadoc] INFO  o.e.m.c.i.e.AbstractTransferListenerAdapter - Downloaded https://repo.maven.apache.org/maven2/com/zaxxer/HikariCP/5.0.1/HikariCP-5.0.1-sources.jar
2026-09-14 15:09:41,496 [Worker-78: Download sources and javadoc] INFO  o.e.m.j.internal.DownloadSourcesJob - Downloaded sources for com.zaxxer:HikariCP:5.0.1
2026-09-14 15:09:41,664 [Worker-78: Download sources and javadoc] INFO  o.e.m.c.i.e.AbstractTransferListenerAdapter - Downloading https://repo.maven.apache.org/maven2/org/springframework/spring-jdbc/6.1.6/spring-jdbc-6.1.6-sources.jar
2026-09-14 15:09:41,834 [Worker-78: Download sources and javadoc] INFO  o.e.m.c.i.e.AbstractTransferListenerAdapter - Downloaded https://repo.maven.apache.org/maven2/org/springframework/spring-jdbc/6.1.6/spring-jdbc-6.1.6-sources.jar
2026-09-14 15:09:41,839 [Worker-78: Download sources and javadoc] INFO  o.e.m.j.internal.DownloadSourcesJob - Downloaded sources for org.springframework:spring-jdbc:6.1.6
2026-09-14 15:09:42,026 [Worker-78: Download sources and javadoc] INFO  o.e.m.c.i.e.AbstractTransferListenerAdapter - Downloading https://repo.maven.apache.org/maven2/org/hibernate/orm/hibernate-core/6.4.4.Final/hibernate-core-6.4.4.Final-sources.jar
2026-09-14 15:09:46,643 [Worker-78: Download sources and javadoc] INFO  o.e.m.c.i.e.AbstractTransferListenerAdapter - Downloaded https://repo.maven.apache.org/maven2/org/hibernate/orm/hibernate-core/6.4.4.Final/hibernate-core-6.4.4.Final-sources.jar
2026-09-14 15:09:46,649 [Worker-78: Download sources and javadoc] INFO  o.e.m.j.internal.DownloadSourcesJob - Downloaded sources for org.hibernate.orm:hibernate-core:6.4.4.Final
2026-09-14 15:09:46,809 [Worker-78: Download sources and javadoc] INFO  o.e.m.c.i.e.AbstractTransferListenerAdapter - Downloading https://repo.maven.apache.org/maven2/jakarta/persistence/jakarta.persistence-api/3.1.0/jakarta.persistence-api-3.1.0-sources.jar
2026-09-14 15:09:46,948 [Worker-78: Download sources and javadoc] INFO  o.e.m.c.i.e.AbstractTransferListenerAdapter - Downloaded https://repo.maven.apache.org/maven2/jakarta/persistence/jakarta.persistence-api/3.1.0/jakarta.persistence-api-3.1.0-sources.jar
2026-09-14 15:09:46,961 [Worker-78: Download sources and javadoc] INFO  o.e.m.j.internal.DownloadSourcesJob - Downloaded sources for jakarta.persistence:jakarta.persistence-api:3.1.0
2026-09-14 15:09:47,139 [Worker-78: Download sources and javadoc] INFO  o.e.m.c.i.e.AbstractTransferListenerAdapter - Downloading https://repo.maven.apache.org/maven2/org/jboss/logging/jboss-logging/3.5.3.Final/jboss-logging-3.5.3.Final-sources.jar
2026-09-14 15:09:47,207 [Worker-78: Download sources and javadoc] INFO  o.e.m.c.i.e.AbstractTransferListenerAdapter - Downloaded https://repo.maven.apache.org/maven2/org/jboss/logging/jboss-logging/3.5.3.Final/jboss-logging-3.5.3.Final-sources.jar
2026-09-14 15:09:47,223 [Worker-78: Download sources and javadoc] INFO  o.e.m.j.internal.DownloadSourcesJob - Downloaded sources for org.jboss.logging:jboss-logging:3.5.3.Final
2026-09-14 15:09:47,390 [Worker-78: Download sources and javadoc] INFO  o.e.m.c.i.e.AbstractTransferListenerAdapter - Downloading https://repo.maven.apache.org/maven2/org/hibernate/common/hibernate-commons-annotations/6.0.6.Final/hibernate-commons-annotations-6.0.6.Final-sources.jar
2026-09-14 15:09:47,462 [Worker-78: Download sources and javadoc] INFO  o.e.m.c.i.e.AbstractTransferListenerAdapter - Downloaded https://repo.maven.apache.org/maven2/org/hibernate/common/hibernate-commons-annotations/6.0.6.Final/hibernate-commons-annotations-6.0.6.Final-sources.jar
2026-09-14 15:09:47,474 [Worker-78: Download sources and javadoc] INFO  o.e.m.j.internal.DownloadSourcesJob - Downloaded sources for org.hibernate.common:hibernate-commons-annotations:6.0.6.Final
2026-09-14 15:09:47,651 [Worker-78: Download sources and javadoc] INFO  o.e.m.c.i.e.AbstractTransferListenerAdapter - Downloading https://repo.maven.apache.org/maven2/io/smallrye/jandex/3.1.2/jandex-3.1.2-sources.jar
2026-09-14 15:09:47,764 [Worker-78: Download sources and javadoc] INFO  o.e.m.c.i.e.AbstractTransferListenerAdapter - Downloaded https://repo.maven.apache.org/maven2/io/smallrye/jandex/3.1.2/jandex-3.1.2-sources.jar
2026-09-14 15:09:47,781 [Worker-78: Download sources and javadoc] INFO  o.e.m.j.internal.DownloadSourcesJob - Downloaded sources for io.smallrye:jandex:3.1.2
2026-09-14 15:09:47,962 [Worker-78: Download sources and javadoc] INFO  o.e.m.c.i.e.AbstractTransferListenerAdapter - Downloading https://repo.maven.apache.org/maven2/com/fasterxml/classmate/1.6.0/classmate-1.6.0-sources.jar
2026-09-14 15:09:48,062 [Worker-78: Download sources and javadoc] INFO  o.e.m.c.i.e.AbstractTransferListenerAdapter - Downloaded https://repo.maven.apache.org/maven2/com/fasterxml/classmate/1.6.0/classmate-1.6.0-sources.jar
2026-09-14 15:09:48,078 [Worker-78: Download sources and javadoc] INFO  o.e.m.j.internal.DownloadSourcesJob - Downloaded sources for com.fasterxml:classmate:1.6.0
2026-09-14 15:09:48,261 [Worker-78: Download sources and javadoc] INFO  o.e.m.c.i.e.AbstractTransferListenerAdapter - Downloading https://repo.maven.apache.org/maven2/net/bytebuddy/byte-buddy/1.14.13/byte-buddy-1.14.13-sources.jar
2026-09-14 15:09:48,718 [Worker-78: Download sources and javadoc] INFO  o.e.m.c.i.e.AbstractTransferListenerAdapter - Downloaded https://repo.maven.apache.org/maven2/net/bytebuddy/byte-buddy/1.14.13/byte-buddy-1.14.13-sources.jar
2026-09-14 15:09:48,726 [Worker-78: Download sources and javadoc] INFO  o.e.m.j.internal.DownloadSourcesJob - Downloaded sources for net.bytebuddy:byte-buddy:1.14.13
2026-09-14 15:09:48,891 [Worker-78: Download sources and javadoc] INFO  o.e.m.c.i.e.AbstractTransferListenerAdapter - Downloading https://repo.maven.apache.org/maven2/org/glassfish/jaxb/jaxb-runtime/4.0.5/jaxb-runtime-4.0.5-sources.jar
2026-09-14 15:09:49,122 [Worker-78: Download sources and javadoc] INFO  o.e.m.c.i.e.AbstractTransferListenerAdapter - Downloaded https://repo.maven.apache.org/maven2/org/glassfish/jaxb/jaxb-runtime/4.0.5/jaxb-runtime-4.0.5-sources.jar
2026-09-14 15:09:49,129 [Worker-78: Download sources and javadoc] INFO  o.e.m.j.internal.DownloadSourcesJob - Downloaded sources for org.glassfish.jaxb:jaxb-runtime:4.0.5
2026-09-14 15:09:49,337 [Worker-78: Download sources and javadoc] INFO  o.e.m.c.i.e.AbstractTransferListenerAdapter - Downloading https://repo.maven.apache.org/maven2/org/glassfish/jaxb/jaxb-core/4.0.5/jaxb-core-4.0.5-sources.jar
2026-09-14 15:09:49,438 [Worker-78: Download sources and javadoc] INFO  o.e.m.c.i.e.AbstractTransferListenerAdapter - Downloaded https://repo.maven.apache.org/maven2/org/glassfish/jaxb/jaxb-core/4.0.5/jaxb-core-4.0.5-sources.jar
2026-09-14 15:09:49,443 [Worker-78: Download sources and javadoc] INFO  o.e.m.j.internal.DownloadSourcesJob - Downloaded sources for org.glassfish.jaxb:jaxb-core:4.0.5
2026-09-14 15:09:49,621 [Worker-78: Download sources and javadoc] INFO  o.e.m.c.i.e.AbstractTransferListenerAdapter - Downloading https://repo.maven.apache.org/maven2/org/eclipse/angus/angus-activation/2.0.2/angus-activation-2.0.2-sources.jar
2026-09-14 15:09:49,662 [Worker-78: Download sources and javadoc] INFO  o.e.m.c.i.e.AbstractTransferListenerAdapter - Downloaded https://repo.maven.apache.org/maven2/org/eclipse/angus/angus-activation/2.0.2/angus-activation-2.0.2-sources.jar
2026-09-14 15:09:49,674 [Worker-78: Download sources and javadoc] INFO  o.e.m.j.internal.DownloadSourcesJob - Downloaded sources for org.eclipse.angus:angus-activation:2.0.2
2026-09-14 15:09:49,904 [Worker-78: Download sources and javadoc] INFO  o.e.m.c.i.e.AbstractTransferListenerAdapter - Downloading https://repo.maven.apache.org/maven2/org/glassfish/jaxb/txw2/4.0.5/txw2-4.0.5-sources.jar
2026-09-14 15:09:49,973 [Worker-78: Download sources and javadoc] INFO  o.e.m.c.i.e.AbstractTransferListenerAdapter - Downloaded https://repo.maven.apache.org/maven2/org/glassfish/jaxb/txw2/4.0.5/txw2-4.0.5-sources.jar
2026-09-14 15:09:49,981 [Worker-78: Download sources and javadoc] INFO  o.e.m.j.internal.DownloadSourcesJob - Downloaded sources for org.glassfish.jaxb:txw2:4.0.5
2026-09-14 15:09:50,147 [Worker-78: Download sources and javadoc] INFO  o.e.m.c.i.e.AbstractTransferListenerAdapter - Downloading https://repo.maven.apache.org/maven2/org/antlr/antlr4-runtime/4.13.0/antlr4-runtime-4.13.0-sources.jar
2026-09-14 15:09:50,583 [Worker-78: Download sources and javadoc] INFO  o.e.m.c.i.e.AbstractTransferListenerAdapter - Downloaded https://repo.maven.apache.org/maven2/org/antlr/antlr4-runtime/4.13.0/antlr4-runtime-4.13.0-sources.jar
2026-09-14 15:09:50,595 [Worker-78: Download sources and javadoc] INFO  o.e.m.j.internal.DownloadSourcesJob - Downloaded sources for org.antlr:antlr4-runtime:4.13.0
2026-09-14 15:09:50,763 [Worker-78: Download sources and javadoc] INFO  o.e.m.c.i.e.AbstractTransferListenerAdapter - Downloading https://repo.maven.apache.org/maven2/org/springframework/data/spring-data-jpa/3.2.5/spring-data-jpa-3.2.5-sources.jar
2026-09-14 15:09:51,256 [Worker-78: Download sources and javadoc] INFO  o.e.m.c.i.e.AbstractTransferListenerAdapter - Downloaded https://repo.maven.apache.org/maven2/org/springframework/data/spring-data-jpa/3.2.5/spring-data-jpa-3.2.5-sources.jar
2026-09-14 15:09:51,273 [Worker-78: Download sources and javadoc] INFO  o.e.m.j.internal.DownloadSourcesJob - Downloaded sources for org.springframework.data:spring-data-jpa:3.2.5
2026-09-14 15:09:51,432 [Worker-78: Download sources and javadoc] INFO  o.e.m.c.i.e.AbstractTransferListenerAdapter - Downloading https://repo.maven.apache.org/maven2/org/springframework/data/spring-data-commons/3.2.5/spring-data-commons-3.2.5-sources.jar
2026-09-14 15:09:52,462 [Worker-78: Download sources and javadoc] INFO  o.e.m.c.i.e.AbstractTransferListenerAdapter - Downloaded https://repo.maven.apache.org/maven2/org/springframework/data/spring-data-commons/3.2.5/spring-data-commons-3.2.5-sources.jar
2026-09-14 15:09:52,486 [Worker-78: Download sources and javadoc] INFO  o.e.m.j.internal.DownloadSourcesJob - Downloaded sources for org.springframework.data:spring-data-commons:3.2.5
2026-09-14 15:09:52,897 [Worker-78: Download sources and javadoc] INFO  o.e.m.c.i.e.AbstractTransferListenerAdapter - Downloading https://repo.maven.apache.org/maven2/org/springframework/spring-orm/6.1.6/spring-orm-6.1.6-sources.jar
2026-09-14 15:09:53,303 [Worker-78: Download sources and javadoc] INFO  o.e.m.c.i.e.AbstractTransferListenerAdapter - Downloaded https://repo.maven.apache.org/maven2/org/springframework/spring-orm/6.1.6/spring-orm-6.1.6-sources.jar
2026-09-14 15:09:53,317 [Worker-78: Download sources and javadoc] INFO  o.e.m.j.internal.DownloadSourcesJob - Downloaded sources for org.springframework:spring-orm:6.1.6
2026-09-14 15:09:53,474 [Worker-78: Download sources and javadoc] INFO  o.e.m.c.i.e.AbstractTransferListenerAdapter - Downloading https://repo.maven.apache.org/maven2/org/springframework/spring-tx/6.1.6/spring-tx-6.1.6-sources.jar
2026-09-14 15:09:53,758 [Worker-78: Download sources and javadoc] INFO  o.e.m.c.i.e.AbstractTransferListenerAdapter - Downloaded https://repo.maven.apache.org/maven2/org/springframework/spring-tx/6.1.6/spring-tx-6.1.6-sources.jar
2026-09-14 15:09:53,766 [Worker-78: Download sources and javadoc] INFO  o.e.m.j.internal.DownloadSourcesJob - Downloaded sources for org.springframework:spring-tx:6.1.6
2026-09-14 15:09:53,941 [Worker-78: Download sources and javadoc] INFO  o.e.m.c.i.e.AbstractTransferListenerAdapter - Downloading https://repo.maven.apache.org/maven2/org/slf4j/slf4j-api/2.0.13/slf4j-api-2.0.13-sources.jar
2026-09-14 15:09:54,044 [Worker-78: Download sources and javadoc] INFO  o.e.m.c.i.e.AbstractTransferListenerAdapter - Downloaded https://repo.maven.apache.org/maven2/org/slf4j/slf4j-api/2.0.13/slf4j-api-2.0.13-sources.jar
2026-09-14 15:09:54,079 [Worker-78: Download sources and javadoc] INFO  o.e.m.j.internal.DownloadSourcesJob - Downloaded sources for org.slf4j:slf4j-api:2.0.13
2026-09-14 15:09:54,250 [Worker-78: Download sources and javadoc] INFO  o.e.m.c.i.e.AbstractTransferListenerAdapter - Downloading https://repo.maven.apache.org/maven2/org/springframework/spring-aspects/6.1.6/spring-aspects-6.1.6-sources.jar
2026-09-14 15:09:54,318 [Worker-78: Download sources and javadoc] INFO  o.e.m.c.i.e.AbstractTransferListenerAdapter - Downloaded https://repo.maven.apache.org/maven2/org/springframework/spring-aspects/6.1.6/spring-aspects-6.1.6-sources.jar
2026-09-14 15:09:54,351 [Worker-78: Download sources and javadoc] INFO  o.e.m.j.internal.DownloadSourcesJob - Downloaded sources for org.springframework:spring-aspects:6.1.6
2026-09-14 15:09:54,547 [Worker-78: Download sources and javadoc] INFO  o.e.m.c.i.e.AbstractTransferListenerAdapter - Downloading https://repo.maven.apache.org/maven2/org/projectlombok/lombok/1.18.32/lombok-1.18.32-sources.jar
2026-09-14 15:09:55,267 [Worker-78: Download sources and javadoc] INFO  o.e.m.c.i.e.AbstractTransferListenerAdapter - Downloaded https://repo.maven.apache.org/maven2/org/projectlombok/lombok/1.18.32/lombok-1.18.32-sources.jar
2026-09-14 15:09:55,273 [Worker-78: Download sources and javadoc] INFO  o.e.m.j.internal.DownloadSourcesJob - Downloaded sources for org.projectlombok:lombok:1.18.32
2026-09-14 15:09:55,570 [Worker-78: Download sources and javadoc] INFO  o.e.m.c.i.e.AbstractTransferListenerAdapter - Downloading https://repo.maven.apache.org/maven2/org/springframework/boot/spring-boot-starter-test/3.2.5/spring-boot-starter-test-3.2.5-sources.jar
2026-09-14 15:09:55,576 [Worker-78: Download sources and javadoc] INFO  o.e.m.c.i.e.AbstractTransferListenerAdapter - Downloaded https://repo.maven.apache.org/maven2/org/springframework/boot/spring-boot-starter-test/3.2.5/spring-boot-starter-test-3.2.5-sources.jar
2026-09-14 15:09:55,589 [Worker-78: Download sources and javadoc] INFO  o.e.m.j.internal.DownloadSourcesJob - Downloaded sources for org.springframework.boot:spring-boot-starter-test:3.2.5
2026-09-14 15:09:55,741 [Worker-78: Download sources and javadoc] INFO  o.e.m.c.i.e.AbstractTransferListenerAdapter - Downloading https://repo.maven.apache.org/maven2/org/springframework/boot/spring-boot-test/3.2.5/spring-boot-test-3.2.5-sources.jar
2026-09-14 15:09:56,038 [Worker-78: Download sources and javadoc] INFO  o.e.m.c.i.e.AbstractTransferListenerAdapter - Downloaded https://repo.maven.apache.org/maven2/org/springframework/boot/spring-boot-test/3.2.5/spring-boot-test-3.2.5-sources.jar
2026-09-14 15:09:56,055 [Worker-78: Download sources and javadoc] INFO  o.e.m.j.internal.DownloadSourcesJob - Downloaded sources for org.springframework.boot:spring-boot-test:3.2.5
2026-09-14 15:09:56,380 [Worker-78: Download sources and javadoc] INFO  o.e.m.c.i.e.AbstractTransferListenerAdapter - Downloading https://repo.maven.apache.org/maven2/org/springframework/boot/spring-boot-test-autoconfigure/3.2.5/spring-boot-test-autoconfigure-3.2.5-sources.jar
2026-09-14 15:09:56,640 [Worker-78: Download sources and javadoc] INFO  o.e.m.c.i.e.AbstractTransferListenerAdapter - Downloaded https://repo.maven.apache.org/maven2/org/springframework/boot/spring-boot-test-autoconfigure/3.2.5/spring-boot-test-autoconfigure-3.2.5-sources.jar
2026-09-14 15:09:56,667 [Worker-78: Download sources and javadoc] INFO  o.e.m.j.internal.DownloadSourcesJob - Downloaded sources for org.springframework.boot:spring-boot-test-autoconfigure:3.2.5
2026-09-14 15:09:56,834 [Worker-78: Download sources and javadoc] INFO  o.e.m.c.i.e.AbstractTransferListenerAdapter - Downloading https://repo.maven.apache.org/maven2/com/jayway/jsonpath/json-path/2.9.0/json-path-2.9.0-sources.jar
2026-09-14 15:09:57,037 [Worker-78: Download sources and javadoc] INFO  o.e.m.c.i.e.AbstractTransferListenerAdapter - Downloaded https://repo.maven.apache.org/maven2/com/jayway/jsonpath/json-path/2.9.0/json-path-2.9.0-sources.jar
2026-09-14 15:09:57,057 [Worker-78: Download sources and javadoc] INFO  o.e.m.j.internal.DownloadSourcesJob - Downloaded sources for com.jayway.jsonpath:json-path:2.9.0
2026-09-14 15:09:57,231 [Worker-78: Download sources and javadoc] INFO  o.e.m.c.i.e.AbstractTransferListenerAdapter - Downloading https://repo.maven.apache.org/maven2/jakarta/xml/bind/jakarta.xml.bind-api/4.0.2/jakarta.xml.bind-api-4.0.2-sources.jar
2026-09-14 15:09:57,461 [Worker-78: Download sources and javadoc] INFO  o.e.m.c.i.e.AbstractTransferListenerAdapter - Downloaded https://repo.maven.apache.org/maven2/jakarta/xml/bind/jakarta.xml.bind-api/4.0.2/jakarta.xml.bind-api-4.0.2-sources.jar
2026-09-14 15:09:57,479 [Worker-78: Download sources and javadoc] INFO  o.e.m.j.internal.DownloadSourcesJob - Downloaded sources for jakarta.xml.bind:jakarta.xml.bind-api:4.0.2
2026-09-14 15:09:57,680 [Worker-78: Download sources and javadoc] INFO  o.e.m.c.i.e.AbstractTransferListenerAdapter - Downloading https://repo.maven.apache.org/maven2/jakarta/activation/jakarta.activation-api/2.1.3/jakarta.activation-api-2.1.3-sources.jar
2026-09-14 15:09:57,762 [Worker-78: Download sources and javadoc] INFO  o.e.m.c.i.e.AbstractTransferListenerAdapter - Downloaded https://repo.maven.apache.org/maven2/jakarta/activation/jakarta.activation-api/2.1.3/jakarta.activation-api-2.1.3-sources.jar
2026-09-14 15:09:57,784 [Worker-78: Download sources and javadoc] INFO  o.e.m.j.internal.DownloadSourcesJob - Downloaded sources for jakarta.activation:jakarta.activation-api:2.1.3
2026-09-14 15:09:57,974 [Worker-78: Download sources and javadoc] INFO  o.e.m.c.i.e.AbstractTransferListenerAdapter - Downloading https://repo.maven.apache.org/maven2/net/minidev/json-smart/2.5.1/json-smart-2.5.1-sources.jar
2026-09-14 15:09:58,075 [Worker-78: Download sources and javadoc] INFO  o.e.m.c.i.e.AbstractTransferListenerAdapter - Downloaded https://repo.maven.apache.org/maven2/net/minidev/json-smart/2.5.1/json-smart-2.5.1-sources.jar
2026-09-14 15:09:58,100 [Worker-78: Download sources and javadoc] INFO  o.e.m.j.internal.DownloadSourcesJob - Downloaded sources for net.minidev:json-smart:2.5.1
2026-09-14 15:09:58,355 [Worker-78: Download sources and javadoc] INFO  o.e.m.c.i.e.AbstractTransferListenerAdapter - Downloading https://repo.maven.apache.org/maven2/net/minidev/accessors-smart/2.5.1/accessors-smart-2.5.1-sources.jar
2026-09-14 15:09:58,402 [Worker-78: Download sources and javadoc] INFO  o.e.m.c.i.e.AbstractTransferListenerAdapter - Downloaded https://repo.maven.apache.org/maven2/net/minidev/accessors-smart/2.5.1/accessors-smart-2.5.1-sources.jar
2026-09-14 15:09:58,418 [Worker-78: Download sources and javadoc] INFO  o.e.m.j.internal.DownloadSourcesJob - Downloaded sources for net.minidev:accessors-smart:2.5.1
2026-09-14 15:09:58,576 [Worker-78: Download sources and javadoc] INFO  o.e.m.c.i.e.AbstractTransferListenerAdapter - Downloading https://repo.maven.apache.org/maven2/org/ow2/asm/asm/9.6/asm-9.6-sources.jar
2026-09-14 15:09:58,818 [Worker-78: Download sources and javadoc] INFO  o.e.m.c.i.e.AbstractTransferListenerAdapter - Downloaded https://repo.maven.apache.org/maven2/org/ow2/asm/asm/9.6/asm-9.6-sources.jar
2026-09-14 15:09:58,830 [Worker-78: Download sources and javadoc] INFO  o.e.m.j.internal.DownloadSourcesJob - Downloaded sources for org.ow2.asm:asm:9.6
2026-09-14 15:09:58,971 [Worker-78: Download sources and javadoc] INFO  o.e.m.c.i.e.AbstractTransferListenerAdapter - Downloading https://repo.maven.apache.org/maven2/org/assertj/assertj-core/3.24.2/assertj-core-3.24.2-sources.jar
2026-09-14 15:10:00,272 [Worker-78: Download sources and javadoc] INFO  o.e.m.c.i.e.AbstractTransferListenerAdapter - Downloaded https://repo.maven.apache.org/maven2/org/assertj/assertj-core/3.24.2/assertj-core-3.24.2-sources.jar
2026-09-14 15:10:00,283 [Worker-78: Download sources and javadoc] INFO  o.e.m.j.internal.DownloadSourcesJob - Downloaded sources for org.assertj:assertj-core:3.24.2
2026-09-14 15:10:00,508 [Worker-78: Download sources and javadoc] INFO  o.e.m.c.i.e.AbstractTransferListenerAdapter - Downloading https://repo.maven.apache.org/maven2/org/awaitility/awaitility/4.2.1/awaitility-4.2.1-sources.jar
2026-09-14 15:10:00,719 [Worker-78: Download sources and javadoc] INFO  o.e.m.c.i.e.AbstractTransferListenerAdapter - Downloaded https://repo.maven.apache.org/maven2/org/awaitility/awaitility/4.2.1/awaitility-4.2.1-sources.jar
2026-09-14 15:10:00,727 [Worker-78: Download sources and javadoc] INFO  o.e.m.j.internal.DownloadSourcesJob - Downloaded sources for org.awaitility:awaitility:4.2.1
2026-09-14 15:10:00,896 [Worker-78: Download sources and javadoc] INFO  o.e.m.c.i.e.AbstractTransferListenerAdapter - Downloading https://repo.maven.apache.org/maven2/org/hamcrest/hamcrest/2.2/hamcrest-2.2-sources.jar
2026-09-14 15:10:00,996 [Worker-78: Download sources and javadoc] INFO  o.e.m.c.i.e.AbstractTransferListenerAdapter - Downloaded https://repo.maven.apache.org/maven2/org/hamcrest/hamcrest/2.2/hamcrest-2.2-sources.jar
2026-09-14 15:10:01,002 [Worker-78: Download sources and javadoc] INFO  o.e.m.j.internal.DownloadSourcesJob - Downloaded sources for org.hamcrest:hamcrest:2.2
2026-09-14 15:10:01,441 [Worker-78: Download sources and javadoc] INFO  o.e.m.c.i.e.AbstractTransferListenerAdapter - Downloading https://repo.maven.apache.org/maven2/org/junit/jupiter/junit-jupiter/5.10.2/junit-jupiter-5.10.2-sources.jar
2026-09-14 15:10:01,447 [Worker-78: Download sources and javadoc] INFO  o.e.m.c.i.e.AbstractTransferListenerAdapter - Downloaded https://repo.maven.apache.org/maven2/org/junit/jupiter/junit-jupiter/5.10.2/junit-jupiter-5.10.2-sources.jar
2026-09-14 15:10:01,456 [Worker-78: Download sources and javadoc] INFO  o.e.m.j.internal.DownloadSourcesJob - Downloaded sources for org.junit.jupiter:junit-jupiter:5.10.2
2026-09-14 15:10:01,597 [Worker-78: Download sources and javadoc] INFO  o.e.m.c.i.e.AbstractTransferListenerAdapter - Downloading https://repo.maven.apache.org/maven2/org/junit/jupiter/junit-jupiter-api/5.10.2/junit-jupiter-api-5.10.2-sources.jar
2026-09-14 15:10:01,808 [Worker-78: Download sources and javadoc] INFO  o.e.m.c.i.e.AbstractTransferListenerAdapter - Downloaded https://repo.maven.apache.org/maven2/org/junit/jupiter/junit-jupiter-api/5.10.2/junit-jupiter-api-5.10.2-sources.jar
2026-09-14 15:10:01,814 [Worker-78: Download sources and javadoc] INFO  o.e.m.j.internal.DownloadSourcesJob - Downloaded sources for org.junit.jupiter:junit-jupiter-api:5.10.2
2026-09-14 15:10:01,986 [Worker-78: Download sources and javadoc] INFO  o.e.m.c.i.e.AbstractTransferListenerAdapter - Downloading https://repo.maven.apache.org/maven2/org/junit/platform/junit-platform-commons/1.10.2/junit-platform-commons-1.10.2-sources.jar
2026-09-14 15:10:02,115 [Worker-78: Download sources and javadoc] INFO  o.e.m.c.i.e.AbstractTransferListenerAdapter - Downloaded https://repo.maven.apache.org/maven2/org/junit/platform/junit-platform-commons/1.10.2/junit-platform-commons-1.10.2-sources.jar
2026-09-14 15:10:02,122 [Worker-78: Download sources and javadoc] INFO  o.e.m.j.internal.DownloadSourcesJob - Downloaded sources for org.junit.platform:junit-platform-commons:1.10.2
2026-09-14 15:10:02,296 [Worker-78: Download sources and javadoc] INFO  o.e.m.c.i.e.AbstractTransferListenerAdapter - Downloading https://repo.maven.apache.org/maven2/org/junit/jupiter/junit-jupiter-params/5.10.2/junit-jupiter-params-5.10.2-sources.jar
2026-09-14 15:10:02,395 [Worker-78: Download sources and javadoc] INFO  o.e.m.c.i.e.AbstractTransferListenerAdapter - Downloaded https://repo.maven.apache.org/maven2/org/junit/jupiter/junit-jupiter-params/5.10.2/junit-jupiter-params-5.10.2-sources.jar
2026-09-14 15:10:02,403 [Worker-78: Download sources and javadoc] INFO  o.e.m.j.internal.DownloadSourcesJob - Downloaded sources for org.junit.jupiter:junit-jupiter-params:5.10.2
2026-09-14 15:10:02,562 [Worker-78: Download sources and javadoc] INFO  o.e.m.c.i.e.AbstractTransferListenerAdapter - Downloading https://repo.maven.apache.org/maven2/org/junit/jupiter/junit-jupiter-engine/5.10.2/junit-jupiter-engine-5.10.2-sources.jar
2026-09-14 15:10:02,725 [Worker-78: Download sources and javadoc] INFO  o.e.m.c.i.e.AbstractTransferListenerAdapter - Downloaded https://repo.maven.apache.org/maven2/org/junit/jupiter/junit-jupiter-engine/5.10.2/junit-jupiter-engine-5.10.2-sources.jar
2026-09-14 15:10:02,732 [Worker-78: Download sources and javadoc] INFO  o.e.m.j.internal.DownloadSourcesJob - Downloaded sources for org.junit.jupiter:junit-jupiter-engine:5.10.2
2026-09-14 15:10:02,878 [Worker-78: Download sources and javadoc] INFO  o.e.m.c.i.e.AbstractTransferListenerAdapter - Downloading https://repo.maven.apache.org/maven2/org/junit/platform/junit-platform-engine/1.10.2/junit-platform-engine-1.10.2-sources.jar
2026-09-14 15:10:03,038 [Worker-78: Download sources and javadoc] INFO  o.e.m.c.i.e.AbstractTransferListenerAdapter - Downloaded https://repo.maven.apache.org/maven2/org/junit/platform/junit-platform-engine/1.10.2/junit-platform-engine-1.10.2-sources.jar
2026-09-14 15:10:03,045 [Worker-78: Download sources and javadoc] INFO  o.e.m.j.internal.DownloadSourcesJob - Downloaded sources for org.junit.platform:junit-platform-engine:1.10.2
2026-09-14 15:10:03,196 [Worker-78: Download sources and javadoc] INFO  o.e.m.c.i.e.AbstractTransferListenerAdapter - Downloading https://repo.maven.apache.org/maven2/org/mockito/mockito-core/5.7.0/mockito-core-5.7.0-sources.jar
2026-09-14 15:10:03,662 [Worker-78: Download sources and javadoc] INFO  o.e.m.c.i.e.AbstractTransferListenerAdapter - Downloaded https://repo.maven.apache.org/maven2/org/mockito/mockito-core/5.7.0/mockito-core-5.7.0-sources.jar
2026-09-14 15:10:03,669 [Worker-78: Download sources and javadoc] INFO  o.e.m.j.internal.DownloadSourcesJob - Downloaded sources for org.mockito:mockito-core:5.7.0
2026-09-14 15:10:03,808 [Worker-78: Download sources and javadoc] INFO  o.e.m.c.i.e.AbstractTransferListenerAdapter - Downloading https://repo.maven.apache.org/maven2/net/bytebuddy/byte-buddy-agent/1.14.13/byte-buddy-agent-1.14.13-sources.jar
2026-09-14 15:10:03,919 [Worker-78: Download sources and javadoc] INFO  o.e.m.c.i.e.AbstractTransferListenerAdapter - Downloaded https://repo.maven.apache.org/maven2/net/bytebuddy/byte-buddy-agent/1.14.13/byte-buddy-agent-1.14.13-sources.jar
2026-09-14 15:10:03,927 [Worker-78: Download sources and javadoc] INFO  o.e.m.j.internal.DownloadSourcesJob - Downloaded sources for net.bytebuddy:byte-buddy-agent:1.14.13
2026-09-14 15:10:04,104 [Worker-78: Download sources and javadoc] INFO  o.e.m.c.i.e.AbstractTransferListenerAdapter - Downloading https://repo.maven.apache.org/maven2/org/mockito/mockito-junit-jupiter/5.7.0/mockito-junit-jupiter-5.7.0-sources.jar
2026-09-14 15:10:04,110 [Worker-78: Download sources and javadoc] INFO  o.e.m.c.i.e.AbstractTransferListenerAdapter - Downloaded https://repo.maven.apache.org/maven2/org/mockito/mockito-junit-jupiter/5.7.0/mockito-junit-jupiter-5.7.0-sources.jar
2026-09-14 15:10:04,117 [Worker-78: Download sources and javadoc] INFO  o.e.m.j.internal.DownloadSourcesJob - Downloaded sources for org.mockito:mockito-junit-jupiter:5.7.0
2026-09-14 15:10:04,372 [Worker-78: Download sources and javadoc] INFO  o.e.m.c.i.e.AbstractTransferListenerAdapter - Downloading https://repo.maven.apache.org/maven2/org/skyscreamer/jsonassert/1.5.1/jsonassert-1.5.1-sources.jar
2026-09-14 15:10:04,403 [Worker-78: Download sources and javadoc] INFO  o.e.m.c.i.e.AbstractTransferListenerAdapter - Downloaded https://repo.maven.apache.org/maven2/org/skyscreamer/jsonassert/1.5.1/jsonassert-1.5.1-sources.jar
2026-09-14 15:10:04,408 [Worker-78: Download sources and javadoc] INFO  o.e.m.j.internal.DownloadSourcesJob - Downloaded sources for org.skyscreamer:jsonassert:1.5.1
2026-09-14 15:10:04,553 [Worker-78: Download sources and javadoc] INFO  o.e.m.c.i.e.AbstractTransferListenerAdapter - Downloading https://repo.maven.apache.org/maven2/org/springframework/spring-core/6.1.6/spring-core-6.1.6-sources.jar
2026-09-14 15:10:04,825 [Worker-78: Download sources and javadoc] INFO  o.e.m.c.i.e.AbstractTransferListenerAdapter - Downloaded https://repo.maven.apache.org/maven2/org/springframework/spring-core/6.1.6/spring-core-6.1.6-sources.jar
2026-09-14 15:10:04,831 [Worker-78: Download sources and javadoc] INFO  o.e.m.j.internal.DownloadSourcesJob - Downloaded sources for org.springframework:spring-core:6.1.6
2026-09-14 15:10:04,965 [Worker-78: Download sources and javadoc] INFO  o.e.m.c.i.e.AbstractTransferListenerAdapter - Downloading https://repo.maven.apache.org/maven2/org/springframework/spring-jcl/6.1.6/spring-jcl-6.1.6-sources.jar
2026-09-14 15:10:04,999 [Worker-78: Download sources and javadoc] INFO  o.e.m.c.i.e.AbstractTransferListenerAdapter - Downloaded https://repo.maven.apache.org/maven2/org/springframework/spring-jcl/6.1.6/spring-jcl-6.1.6-sources.jar
2026-09-14 15:10:05,006 [Worker-78: Download sources and javadoc] INFO  o.e.m.j.internal.DownloadSourcesJob - Downloaded sources for org.springframework:spring-jcl:6.1.6
2026-09-14 15:10:05,179 [Worker-78: Download sources and javadoc] INFO  o.e.m.c.i.e.AbstractTransferListenerAdapter - Downloading https://repo.maven.apache.org/maven2/org/springframework/spring-test/6.1.6/spring-test-6.1.6-sources.jar
2026-09-14 15:10:05,363 [Worker-78: Download sources and javadoc] INFO  o.e.m.c.i.e.AbstractTransferListenerAdapter - Downloaded https://repo.maven.apache.org/maven2/org/springframework/spring-test/6.1.6/spring-test-6.1.6-sources.jar
2026-09-14 15:10:05,369 [Worker-78: Download sources and javadoc] INFO  o.e.m.j.internal.DownloadSourcesJob - Downloaded sources for org.springframework:spring-test:6.1.6
2026-09-14 15:10:05,516 [Worker-78: Download sources and javadoc] INFO  o.e.m.c.i.e.AbstractTransferListenerAdapter - Downloading https://repo.maven.apache.org/maven2/org/xmlunit/xmlunit-core/2.9.1/xmlunit-core-2.9.1-sources.jar
2026-09-14 15:10:05,618 [Worker-78: Download sources and javadoc] INFO  o.e.m.c.i.e.AbstractTransferListenerAdapter - Downloaded https://repo.maven.apache.org/maven2/org/xmlunit/xmlunit-core/2.9.1/xmlunit-core-2.9.1-sources.jar
2026-09-14 15:10:05,624 [Worker-78: Download sources and javadoc] INFO  o.e.m.j.internal.DownloadSourcesJob - Downloaded sources for org.xmlunit:xmlunit-core:2.9.1
2026-09-14 15:12:45,547 [Worker-85: Updating Maven Project] INFO  o.e.m.c.i.p.ProjectConfigurationManager - Update started
2026-09-14 15:12:45,861 [Worker-85: Updating Maven Project] INFO  o.e.m.c.i.l.LifecycleMappingFactory - Using org.eclipse.m2e.jdt.JarLifecycleMapping lifecycle mapping for MavenProject: com.example:demo:0.0.1-SNAPSHOT @ C:\Users\andre\eclipse-workspace\proyecto_web2\web_2\bin\pom.xml.
2026-09-14 15:12:46,207 [Worker-85: Updating Maven Project] ERROR o.e.m.c.i.p.ProjectConfigurationManager - Could not read maven project
org.eclipse.core.runtime.CoreException: Could not read maven project
	at org.eclipse.m2e.core.internal.embedder.MavenImpl.lambda$4(MavenImpl.java:412)
	at org.eclipse.m2e.core.internal.embedder.MavenExecutionContext.executeBare(MavenExecutionContext.java:462)
	at org.eclipse.m2e.core.internal.embedder.MavenExecutionContext.execute(MavenExecutionContext.java:295)
	at org.eclipse.m2e.core.internal.embedder.MavenExecutionContext.execute(MavenExecutionContext.java:281)
	at org.eclipse.m2e.core.internal.embedder.MavenImpl.readProject(MavenImpl.java:402)
	at org.eclipse.m2e.mavenarchiver.internal.AbstractMavenArchiverConfigurator.lambda$4(AbstractMavenArchiverConfigurator.java:576)
	at org.eclipse.m2e.core.internal.embedder.MavenExecutionContext.executeBare(MavenExecutionContext.java:462)
	at org.eclipse.m2e.core.internal.embedder.MavenExecutionContext.execute(MavenExecutionContext.java:342)
	at org.eclipse.m2e.mavenarchiver.internal.AbstractMavenArchiverConfigurator.loadParentHierarchy(AbstractMavenArchiverConfigurator.java:568)
	at org.eclipse.m2e.mavenarchiver.internal.AbstractMavenArchiverConfigurator.generateManifest(AbstractMavenArchiverConfigurator.java:365)
	at org.eclipse.m2e.mavenarchiver.internal.AbstractMavenArchiverConfigurator.mavenProjectChanged(AbstractMavenArchiverConfigurator.java:228)
	at org.eclipse.m2e.mavenarchiver.internal.AbstractMavenArchiverConfigurator.mavenProjectChanged(AbstractMavenArchiverConfigurator.java:220)
	at org.eclipse.m2e.core.internal.project.ProjectConfigurationManager.mavenProjectChanged(ProjectConfigurationManager.java:885)
	at org.eclipse.m2e.core.internal.project.registry.ProjectRegistryManager.notifyProjectChangeListeners(ProjectRegistryManager.java:897)
	at org.eclipse.m2e.core.internal.project.registry.ProjectRegistryManager.applyMutableProjectRegistry(ProjectRegistryManager.java:1047)
	at org.eclipse.m2e.core.internal.project.registry.ProjectRegistryManager.refresh(ProjectRegistryManager.java:324)
	at org.eclipse.m2e.core.internal.project.ProjectConfigurationManager.updateProjectConfiguration0(ProjectConfigurationManager.java:388)
	at org.eclipse.m2e.core.internal.project.ProjectConfigurationManager.lambda$3(ProjectConfigurationManager.java:340)
	at org.eclipse.m2e.core.internal.embedder.MavenExecutionContext.executeBare(MavenExecutionContext.java:462)
	at org.eclipse.m2e.core.internal.embedder.MavenExecutionContext.execute(MavenExecutionContext.java:342)
	at org.eclipse.m2e.core.internal.embedder.MavenExecutionContext.execute(MavenExecutionContext.java:281)
	at org.eclipse.m2e.core.internal.embedder.MavenImpl.execute(MavenImpl.java:1100)
	at org.eclipse.m2e.core.internal.project.ProjectConfigurationManager.updateProjectConfiguration(ProjectConfigurationManager.java:339)
	at org.eclipse.m2e.core.ui.internal.UpdateMavenProjectJob.runInWorkspace(UpdateMavenProjectJob.java:80)
	at org.eclipse.core.internal.resources.InternalWorkspaceJob.run(InternalWorkspaceJob.java:43)
	at org.eclipse.core.internal.jobs.Worker.run(Worker.java:63)
Caused by: org.apache.maven.project.ProjectBuildingException: 1 problem was encountered while building the effective model
[FATAL] Non-readable POM C:\Users\andre\eclipse-workspace\proyecto_web2\web_2\bin: C:\Users\andre\eclipse-workspace\proyecto_web2\web_2\bin (Acceso denegado) @ 
 for project  at C:\Users\andre\eclipse-workspace\proyecto_web2\web_2\bin
	at org.apache.maven.project.DefaultProjectBuilder.build(DefaultProjectBuilder.java:180)
	at org.apache.maven.project.DefaultProjectBuilder.build(DefaultProjectBuilder.java:123)
	at org.eclipse.m2e.core.internal.embedder.MavenImpl.lambda$4(MavenImpl.java:410)
	... 25 common frames omitted
Caused by: org.apache.maven.model.building.ModelBuildingException: 1 problem was encountered while building the effective model
[FATAL] Non-readable POM C:\Users\andre\eclipse-workspace\proyecto_web2\web_2\bin: C:\Users\andre\eclipse-workspace\proyecto_web2\web_2\bin (Acceso denegado) @ 

	at org.apache.maven.model.building.DefaultModelProblemCollector.newModelBuildingException(DefaultModelProblemCollector.java:176)
	at org.apache.maven.model.building.DefaultModelBuilder.readModel(DefaultModelBuilder.java:643)
	at org.apache.maven.model.building.DefaultModelBuilder.build(DefaultModelBuilder.java:262)
	at org.apache.maven.model.building.DefaultModelBuilder.build(DefaultModelBuilder.java:248)
	at org.apache.maven.project.DefaultProjectBuilder.build(DefaultProjectBuilder.java:176)
	... 27 common frames omitted
2026-09-14 15:12:46,519 [Worker-85: Updating Maven Project] INFO  o.e.m.j.i.AbstractJavaProjectConfigurator - Adding resource folder /demo/src/main/resources
2026-09-14 15:12:46,520 [Worker-85: Updating Maven Project] INFO  o.e.m.j.i.AbstractJavaProjectConfigurator - Adding resource folder /demo/src/main/resources
2026-09-14 15:12:46,522 [Worker-85: Updating Maven Project] INFO  o.e.m.j.i.AbstractJavaProjectConfigurator - Adding resource folder /demo/src/test/resources
2026-09-14 15:12:46,811 [Worker-85: Updating Maven Project] WARN  o.apache.maven.project.MavenProject - Plugin is modifying compileSourceRoots through clear(), which will not work in Maven 4.0.0. Use MavenProject.addCompileSourceRoot()/removeCompileSourceRoot() methods instead. If using a plugin, please upgrade to the latest version or report the issue to the plugin maintainer. To disable these warnings, set -Dmaven.project.sourceRoots.warningsDisabled=true on the command line, in the .mvn/maven.config file, or in project POM properties.
2026-09-14 15:12:46,812 [Worker-85: Updating Maven Project] WARN  o.apache.maven.project.MavenProject - Plugin is modifying testCompileSourceRoots through clear(), which will not work in Maven 4.0.0. Use MavenProject.addTestCompileSourceRoot()/removeTestCompileSourceRoot() methods instead. If using a plugin, please upgrade to the latest version or report the issue to the plugin maintainer. To disable these warnings, set -Dmaven.project.sourceRoots.warningsDisabled=true on the command line, in the .mvn/maven.config file, or in project POM properties.
2026-09-14 15:12:46,896 [Worker-85: Updating Maven Project] INFO  o.e.m.c.i.p.ProjectConfigurationManager - Update completed for 1 poms: local refresh takes 0,00 sec, refresh facades takes 0,00 sec, update config takes 0,00 sec 
2026-09-14 15:12:47,026 [Worker-78: Building] WARN  o.apache.maven.project.MavenProject - Plugin is modifying compileSourceRoots through clear(), which will not work in Maven 4.0.0. Use MavenProject.addCompileSourceRoot()/removeCompileSourceRoot() methods instead. If using a plugin, please upgrade to the latest version or report the issue to the plugin maintainer. To disable these warnings, set -Dmaven.project.sourceRoots.warningsDisabled=true on the command line, in the .mvn/maven.config file, or in project POM properties.
2026-09-14 15:12:47,027 [Worker-78: Building] WARN  o.apache.maven.project.MavenProject - Plugin is modifying testCompileSourceRoots through clear(), which will not work in Maven 4.0.0. Use MavenProject.addTestCompileSourceRoot()/removeTestCompileSourceRoot() methods instead. If using a plugin, please upgrade to the latest version or report the issue to the plugin maintainer. To disable these warnings, set -Dmaven.project.sourceRoots.warningsDisabled=true on the command line, in the .mvn/maven.config file, or in project POM properties.
2026-09-14 15:12:53,166 [Worker-79: Building] WARN  o.apache.maven.project.MavenProject - Plugin is modifying compileSourceRoots through clear(), which will not work in Maven 4.0.0. Use MavenProject.addCompileSourceRoot()/removeCompileSourceRoot() methods instead. If using a plugin, please upgrade to the latest version or report the issue to the plugin maintainer. To disable these warnings, set -Dmaven.project.sourceRoots.warningsDisabled=true on the command line, in the .mvn/maven.config file, or in project POM properties.
2026-09-14 15:12:53,167 [Worker-79: Building] WARN  o.apache.maven.project.MavenProject - Plugin is modifying testCompileSourceRoots through clear(), which will not work in Maven 4.0.0. Use MavenProject.addTestCompileSourceRoot()/removeTestCompileSourceRoot() methods instead. If using a plugin, please upgrade to the latest version or report the issue to the plugin maintainer. To disable these warnings, set -Dmaven.project.sourceRoots.warningsDisabled=true on the command line, in the .mvn/maven.config file, or in project POM properties.
2026-09-14 15:32:50,912 [main] ERROR o.e.m.c.i.p.r.ProjectRegistryManager - Failed to read Maven project: Some problems were encountered while processing the POMs:
[FATAL] Non-readable POM C:\Users\andre\eclipse-workspace\proyecto_web2\web_2\pom.xml: C:\Users\andre\eclipse-workspace\proyecto_web2\web_2\pom.xml (El sistema no puede encontrar el archivo especificado) @ 

org.apache.maven.project.ProjectBuildingException: Some problems were encountered while processing the POMs:
[FATAL] Non-readable POM C:\Users\andre\eclipse-workspace\proyecto_web2\web_2\pom.xml: C:\Users\andre\eclipse-workspace\proyecto_web2\web_2\pom.xml (El sistema no puede encontrar el archivo especificado) @ 

	at org.eclipse.m2e.core.internal.IMavenToolbox.readMavenProjects(IMavenToolbox.java:140)
	at org.eclipse.m2e.core.internal.project.registry.ProjectRegistryManager.lambda$22(ProjectRegistryManager.java:948)
	at org.eclipse.m2e.core.internal.embedder.MavenExecutionContext.executeBare(MavenExecutionContext.java:462)
	at org.eclipse.m2e.core.internal.embedder.MavenExecutionContext.execute(MavenExecutionContext.java:342)
	at org.eclipse.m2e.core.internal.embedder.MavenExecutionContext.execute(MavenExecutionContext.java:281)
	at org.eclipse.m2e.core.internal.project.registry.ProjectRegistryManager.readProjectsWithDependencies(ProjectRegistryManager.java:944)
	at org.eclipse.m2e.core.internal.project.registry.ProjectRegistryManager.create(ProjectRegistryManager.java:219)
	at org.eclipse.m2e.core.internal.project.registry.MavenProjectManager.create(MavenProjectManager.java:105)
	at org.eclipse.m2e.profiles.ui.internal.actions.ProfileSelectionHandler.getMavenProjects(ProfileSelectionHandler.java:169)
	at org.eclipse.m2e.profiles.ui.internal.actions.ProfileSelectionHandler.execute(ProfileSelectionHandler.java:112)
	at org.eclipse.m2e.profiles.ui.internal.actions.ProfileSelectionHandler.execute(ProfileSelectionHandler.java:95)
	at org.eclipse.ui.internal.handlers.HandlerProxy.execute(HandlerProxy.java:277)
	at org.eclipse.ui.internal.handlers.E4HandlerProxy.execute(E4HandlerProxy.java:98)
	at java.base/jdk.internal.reflect.DirectMethodHandleAccessor.invoke(DirectMethodHandleAccessor.java:103)
	at java.base/java.lang.reflect.Method.invoke(Method.java:580)
	at org.eclipse.e4.core.internal.di.MethodRequestor.execute(MethodRequestor.java:58)
	at org.eclipse.e4.core.internal.di.InjectorImpl.invokeUsingClass(InjectorImpl.java:301)
	at org.eclipse.e4.core.internal.di.InjectorImpl.invoke(InjectorImpl.java:233)
	at org.eclipse.e4.core.contexts.ContextInjectionFactory.invoke(ContextInjectionFactory.java:174)
	at org.eclipse.e4.core.commands.internal.HandlerServiceHandler.execute(HandlerServiceHandler.java:165)
	at org.eclipse.core.commands.Command.executeWithChecks(Command.java:488)
	at org.eclipse.core.commands.ParameterizedCommand.executeWithChecks(ParameterizedCommand.java:484)
	at org.eclipse.e4.core.commands.internal.HandlerServiceImpl.executeHandler(HandlerServiceImpl.java:204)
	at org.eclipse.ui.internal.handlers.LegacyHandlerService.executeCommand(LegacyHandlerService.java:386)
	at org.eclipse.ui.internal.handlers.LegacyHandlerService.executeCommand(LegacyHandlerService.java:363)
	at org.eclipse.m2e.profiles.ui.internal.actions.GenericCommandActionDelegate.run(GenericCommandActionDelegate.java:90)
	at org.eclipse.ui.internal.PluginAction.runWithEvent(PluginAction.java:239)
	at org.eclipse.jface.action.ActionContributionItem.handleWidgetSelection(ActionContributionItem.java:581)
	at org.eclipse.jface.action.ActionContributionItem.lambda$4(ActionContributionItem.java:415)
	at org.eclipse.swt.widgets.EventTable.sendEvent(EventTable.java:91)
	at org.eclipse.swt.widgets.Display.sendEvent(Display.java:4363)
	at org.eclipse.swt.widgets.Widget.sendEvent(Widget.java:1217)
	at org.eclipse.swt.widgets.Display.runDeferredEvents(Display.java:4161)
	at org.eclipse.swt.widgets.Display.readAndDispatch(Display.java:3749)
	at org.eclipse.e4.ui.internal.workbench.swt.PartRenderingEngine$5.run(PartRenderingEngine.java:1160)
	at org.eclipse.core.databinding.observable.Realm.runWithDefault(Realm.java:339)
	at org.eclipse.e4.ui.internal.workbench.swt.PartRenderingEngine.run(PartRenderingEngine.java:1051)
	at org.eclipse.e4.ui.internal.workbench.E4Workbench.createAndRunUI(E4Workbench.java:153)
	at org.eclipse.ui.internal.Workbench.lambda$3(Workbench.java:684)
	at org.eclipse.core.databinding.observable.Realm.runWithDefault(Realm.java:339)
	at org.eclipse.ui.internal.Workbench.createAndRunWorkbench(Workbench.java:583)
	at org.eclipse.ui.PlatformUI.createAndRunWorkbench(PlatformUI.java:173)
	at org.eclipse.ui.internal.ide.application.IDEApplication.start(IDEApplication.java:193)
	at org.eclipse.equinox.internal.app.EclipseAppHandle.run(EclipseAppHandle.java:219)
	at org.eclipse.core.runtime.internal.adaptor.EclipseAppLauncher.runApplication(EclipseAppLauncher.java:149)
	at org.eclipse.core.runtime.internal.adaptor.EclipseAppLauncher.start(EclipseAppLauncher.java:115)
	at org.eclipse.core.runtime.adaptor.EclipseStarter.run(EclipseStarter.java:467)
	at org.eclipse.core.runtime.adaptor.EclipseStarter.run(EclipseStarter.java:298)
	at java.base/jdk.internal.reflect.DirectMethodHandleAccessor.invoke(DirectMethodHandleAccessor.java:103)
	at java.base/java.lang.reflect.Method.invoke(Method.java:580)
	at org.eclipse.equinox.launcher.Main.invokeFramework(Main.java:615)
	at org.eclipse.equinox.launcher.Main.basicRun(Main.java:563)
	at org.eclipse.equinox.launcher.Main.run(Main.java:1415)
2026-09-14 15:33:17,629 [Worker-86: Updating Maven Project] INFO  o.e.m.c.i.p.ProjectConfigurationManager - Update started
2026-09-14 15:33:18,032 [Worker-86: Updating Maven Project] INFO  o.e.m.c.i.l.LifecycleMappingFactory - Using org.eclipse.m2e.jdt.JarLifecycleMapping lifecycle mapping for MavenProject: com.example:demo:0.0.1-SNAPSHOT @ C:\Users\andre\eclipse-workspace\proyecto_web2\web_2\bin\pom.xml.
2026-09-14 15:33:18,497 [Worker-86: Updating Maven Project] ERROR o.e.m.c.i.p.ProjectConfigurationManager - Could not read maven project
org.eclipse.core.runtime.CoreException: Could not read maven project
	at org.eclipse.m2e.core.internal.embedder.MavenImpl.lambda$4(MavenImpl.java:412)
	at org.eclipse.m2e.core.internal.embedder.MavenExecutionContext.executeBare(MavenExecutionContext.java:462)
	at org.eclipse.m2e.core.internal.embedder.MavenExecutionContext.execute(MavenExecutionContext.java:295)
	at org.eclipse.m2e.core.internal.embedder.MavenExecutionContext.execute(MavenExecutionContext.java:281)
	at org.eclipse.m2e.core.internal.embedder.MavenImpl.readProject(MavenImpl.java:402)
	at org.eclipse.m2e.mavenarchiver.internal.AbstractMavenArchiverConfigurator.lambda$4(AbstractMavenArchiverConfigurator.java:576)
	at org.eclipse.m2e.core.internal.embedder.MavenExecutionContext.executeBare(MavenExecutionContext.java:462)
	at org.eclipse.m2e.core.internal.embedder.MavenExecutionContext.execute(MavenExecutionContext.java:342)
	at org.eclipse.m2e.mavenarchiver.internal.AbstractMavenArchiverConfigurator.loadParentHierarchy(AbstractMavenArchiverConfigurator.java:568)
	at org.eclipse.m2e.mavenarchiver.internal.AbstractMavenArchiverConfigurator.generateManifest(AbstractMavenArchiverConfigurator.java:365)
	at org.eclipse.m2e.mavenarchiver.internal.AbstractMavenArchiverConfigurator.mavenProjectChanged(AbstractMavenArchiverConfigurator.java:228)
	at org.eclipse.m2e.mavenarchiver.internal.AbstractMavenArchiverConfigurator.mavenProjectChanged(AbstractMavenArchiverConfigurator.java:220)
	at org.eclipse.m2e.core.internal.project.ProjectConfigurationManager.mavenProjectChanged(ProjectConfigurationManager.java:885)
	at org.eclipse.m2e.core.internal.project.registry.ProjectRegistryManager.notifyProjectChangeListeners(ProjectRegistryManager.java:897)
	at org.eclipse.m2e.core.internal.project.registry.ProjectRegistryManager.applyMutableProjectRegistry(ProjectRegistryManager.java:1047)
	at org.eclipse.m2e.core.internal.project.registry.ProjectRegistryManager.refresh(ProjectRegistryManager.java:324)
	at org.eclipse.m2e.core.internal.project.ProjectConfigurationManager.updateProjectConfiguration0(ProjectConfigurationManager.java:388)
	at org.eclipse.m2e.core.internal.project.ProjectConfigurationManager.lambda$3(ProjectConfigurationManager.java:340)
	at org.eclipse.m2e.core.internal.embedder.MavenExecutionContext.executeBare(MavenExecutionContext.java:462)
	at org.eclipse.m2e.core.internal.embedder.MavenExecutionContext.execute(MavenExecutionContext.java:342)
	at org.eclipse.m2e.core.internal.embedder.MavenExecutionContext.execute(MavenExecutionContext.java:281)
	at org.eclipse.m2e.core.internal.embedder.MavenImpl.execute(MavenImpl.java:1100)
	at org.eclipse.m2e.core.internal.project.ProjectConfigurationManager.updateProjectConfiguration(ProjectConfigurationManager.java:339)
	at org.eclipse.m2e.core.ui.internal.UpdateMavenProjectJob.runInWorkspace(UpdateMavenProjectJob.java:80)
	at org.eclipse.core.internal.resources.InternalWorkspaceJob.run(InternalWorkspaceJob.java:43)
	at org.eclipse.core.internal.jobs.Worker.run(Worker.java:63)
Caused by: org.apache.maven.project.ProjectBuildingException: 1 problem was encountered while building the effective model
[FATAL] Non-readable POM C:\Users\andre\eclipse-workspace\proyecto_web2\web_2\bin: C:\Users\andre\eclipse-workspace\proyecto_web2\web_2\bin (Acceso denegado) @ 
 for project  at C:\Users\andre\eclipse-workspace\proyecto_web2\web_2\bin
	at org.apache.maven.project.DefaultProjectBuilder.build(DefaultProjectBuilder.java:180)
	at org.apache.maven.project.DefaultProjectBuilder.build(DefaultProjectBuilder.java:123)
	at org.eclipse.m2e.core.internal.embedder.MavenImpl.lambda$4(MavenImpl.java:410)
	... 25 common frames omitted
Caused by: org.apache.maven.model.building.ModelBuildingException: 1 problem was encountered while building the effective model
[FATAL] Non-readable POM C:\Users\andre\eclipse-workspace\proyecto_web2\web_2\bin: C:\Users\andre\eclipse-workspace\proyecto_web2\web_2\bin (Acceso denegado) @ 

	at org.apache.maven.model.building.DefaultModelProblemCollector.newModelBuildingException(DefaultModelProblemCollector.java:176)
	at org.apache.maven.model.building.DefaultModelBuilder.readModel(DefaultModelBuilder.java:643)
	at org.apache.maven.model.building.DefaultModelBuilder.build(DefaultModelBuilder.java:262)
	at org.apache.maven.model.building.DefaultModelBuilder.build(DefaultModelBuilder.java:248)
	at org.apache.maven.project.DefaultProjectBuilder.build(DefaultProjectBuilder.java:176)
	... 27 common frames omitted
2026-09-14 15:33:18,917 [Worker-86: Updating Maven Project] INFO  o.e.m.j.i.AbstractJavaProjectConfigurator - Adding resource folder /demo/src/main/resources
2026-09-14 15:33:18,917 [Worker-86: Updating Maven Project] INFO  o.e.m.j.i.AbstractJavaProjectConfigurator - Adding resource folder /demo/src/main/resources
2026-09-14 15:33:18,919 [Worker-86: Updating Maven Project] INFO  o.e.m.j.i.AbstractJavaProjectConfigurator - Adding resource folder /demo/src/test/resources
2026-09-14 15:33:19,179 [Worker-86: Updating Maven Project] WARN  o.apache.maven.project.MavenProject - Plugin is modifying compileSourceRoots through clear(), which will not work in Maven 4.0.0. Use MavenProject.addCompileSourceRoot()/removeCompileSourceRoot() methods instead. If using a plugin, please upgrade to the latest version or report the issue to the plugin maintainer. To disable these warnings, set -Dmaven.project.sourceRoots.warningsDisabled=true on the command line, in the .mvn/maven.config file, or in project POM properties.
2026-09-14 15:33:19,180 [Worker-86: Updating Maven Project] WARN  o.apache.maven.project.MavenProject - Plugin is modifying testCompileSourceRoots through clear(), which will not work in Maven 4.0.0. Use MavenProject.addTestCompileSourceRoot()/removeTestCompileSourceRoot() methods instead. If using a plugin, please upgrade to the latest version or report the issue to the plugin maintainer. To disable these warnings, set -Dmaven.project.sourceRoots.warningsDisabled=true on the command line, in the .mvn/maven.config file, or in project POM properties.
2026-09-14 15:33:19,231 [Worker-86: Updating Maven Project] INFO  o.e.m.c.i.p.ProjectConfigurationManager - Update completed for 2 poms: local refresh takes 0,00 sec, refresh facades takes 1,00 sec, update config takes 0,00 sec 
2026-09-14 15:33:19,367 [Worker-76: Building] WARN  o.apache.maven.project.MavenProject - Plugin is modifying compileSourceRoots through clear(), which will not work in Maven 4.0.0. Use MavenProject.addCompileSourceRoot()/removeCompileSourceRoot() methods instead. If using a plugin, please upgrade to the latest version or report the issue to the plugin maintainer. To disable these warnings, set -Dmaven.project.sourceRoots.warningsDisabled=true on the command line, in the .mvn/maven.config file, or in project POM properties.
2026-09-14 15:33:19,368 [Worker-76: Building] WARN  o.apache.maven.project.MavenProject - Plugin is modifying testCompileSourceRoots through clear(), which will not work in Maven 4.0.0. Use MavenProject.addTestCompileSourceRoot()/removeTestCompileSourceRoot() methods instead. If using a plugin, please upgrade to the latest version or report the issue to the plugin maintainer. To disable these warnings, set -Dmaven.project.sourceRoots.warningsDisabled=true on the command line, in the .mvn/maven.config file, or in project POM properties.
2026-09-14 15:33:40,266 [Worker-88: Launching New_configuration] INFO  o.e.m.c.i.e.AbstractTransferListenerAdapter - Downloading https://repo.maven.apache.org/maven2/mysql/mysql-connector-java/8.0.33/mysql-connector-java-8.0.33.pom
2026-09-14 15:33:40,271 [Worker-88: Launching New_configuration] INFO  o.e.m.c.i.e.AbstractTransferListenerAdapter - Downloaded https://repo.maven.apache.org/maven2/mysql/mysql-connector-java/8.0.33/mysql-connector-java-8.0.33.pom
2026-09-14 15:33:40,336 [Worker-88: Launching New_configuration] INFO  o.e.m.c.i.e.AbstractTransferListenerAdapter - Downloading https://repo.maven.apache.org/maven2/com/mysql/mysql-connector-j/8.0.33/mysql-connector-j-8.0.33.pom
2026-09-14 15:33:40,344 [Worker-88: Launching New_configuration] INFO  o.e.m.c.i.e.AbstractTransferListenerAdapter - Downloaded https://repo.maven.apache.org/maven2/com/mysql/mysql-connector-j/8.0.33/mysql-connector-j-8.0.33.pom
2026-09-14 15:33:40,414 [Worker-88: Launching New_configuration] WARN  o.e.m.c.i.embedder.EclipseLogger - The artifact mysql:mysql-connector-java:jar:8.0.33 has been relocated to com.mysql:mysql-connector-j:jar:8.0.33: MySQL Connector/J artifacts moved to reverse-DNS compliant Maven 2+ coordinates.
2026-09-14 15:33:40,619 [Worker-88: Launching New_configuration] INFO  o.e.m.c.i.e.AbstractTransferListenerAdapter - Downloading https://repo.maven.apache.org/maven2/com/mysql/mysql-connector-j/8.0.33/mysql-connector-j-8.0.33.jar
2026-09-14 15:33:47,087 [Worker-88: Launching New_configuration] INFO  o.e.m.c.i.e.AbstractTransferListenerAdapter - Downloaded https://repo.maven.apache.org/maven2/com/mysql/mysql-connector-j/8.0.33/mysql-connector-j-8.0.33.jar
2026-09-14 15:33:47,237 [Worker-88: Launching New_configuration] INFO  o.e.m.c.i.l.LifecycleMappingFactory - Using org.eclipse.m2e.jdt.JarLifecycleMapping lifecycle mapping for MavenProject: com.example:web_2:0.0.1-SNAPSHOT @ C:\Users\andre\eclipse-workspace\proyecto_web2\web_2\bin\pom.xml.
2026-09-14 15:33:47,248 [Worker-88: Launching New_configuration] WARN  o.e.m.c.i.embedder.EclipseLogger - The artifact mysql:mysql-connector-java:jar:8.0.33 has been relocated to com.mysql:mysql-connector-j:jar:8.0.33: MySQL Connector/J artifacts moved to reverse-DNS compliant Maven 2+ coordinates.
2026-09-14 15:33:47,406 [Worker-88: Launching New_configuration] INFO  o.e.m.c.i.e.AbstractTransferListenerAdapter - Downloading https://repo.maven.apache.org/maven2/org/apache/maven/plugins/maven-surefire-plugin/3.1.2/maven-surefire-plugin-3.1.2.pom
2026-09-14 15:33:47,417 [Worker-88: Launching New_configuration] INFO  o.e.m.c.i.e.AbstractTransferListenerAdapter - Downloaded https://repo.maven.apache.org/maven2/org/apache/maven/plugins/maven-surefire-plugin/3.1.2/maven-surefire-plugin-3.1.2.pom
2026-09-14 15:33:47,503 [Worker-88: Launching New_configuration] INFO  o.e.m.c.i.e.AbstractTransferListenerAdapter - Downloading https://repo.maven.apache.org/maven2/org/apache/maven/surefire/surefire/3.1.2/surefire-3.1.2.pom
2026-09-14 15:33:47,515 [Worker-88: Launching New_configuration] INFO  o.e.m.c.i.e.AbstractTransferListenerAdapter - Downloaded https://repo.maven.apache.org/maven2/org/apache/maven/surefire/surefire/3.1.2/surefire-3.1.2.pom
2026-09-14 15:33:47,622 [Worker-88: Launching New_configuration] INFO  o.e.m.c.i.e.AbstractTransferListenerAdapter - Downloading https://repo.maven.apache.org/maven2/org/apache/maven/shared/file-management/3.1.0/file-management-3.1.0.pom
2026-09-14 15:33:47,634 [Worker-88: Launching New_configuration] INFO  o.e.m.c.i.e.AbstractTransferListenerAdapter - Downloaded https://repo.maven.apache.org/maven2/org/apache/maven/shared/file-management/3.1.0/file-management-3.1.0.pom
2026-09-14 15:33:47,735 [Worker-88: Launching New_configuration] INFO  o.e.m.c.i.e.AbstractTransferListenerAdapter - Downloading https://repo.maven.apache.org/maven2/org/apache/maven/shared/maven-shared-components/36/maven-shared-components-36.pom
2026-09-14 15:33:47,744 [Worker-88: Launching New_configuration] INFO  o.e.m.c.i.e.AbstractTransferListenerAdapter - Downloaded https://repo.maven.apache.org/maven2/org/apache/maven/shared/maven-shared-components/36/maven-shared-components-36.pom
2026-09-14 15:33:48,099 [Worker-88: Launching New_configuration] INFO  o.e.m.c.i.e.AbstractTransferListenerAdapter - Downloading https://repo.maven.apache.org/maven2/org/codehaus/plexus/plexus-utils/3.3.0/plexus-utils-3.3.0.pom
2026-09-14 15:33:48,109 [Worker-88: Launching New_configuration] INFO  o.e.m.c.i.e.AbstractTransferListenerAdapter - Downloaded https://repo.maven.apache.org/maven2/org/codehaus/plexus/plexus-utils/3.3.0/plexus-utils-3.3.0.pom
2026-09-14 15:33:48,201 [Worker-88: Launching New_configuration] INFO  o.e.m.c.i.e.AbstractTransferListenerAdapter - Downloading https://repo.maven.apache.org/maven2/org/apache/maven/maven-archiver/3.6.0/maven-archiver-3.6.0.pom
2026-09-14 15:33:48,211 [Worker-88: Launching New_configuration] INFO  o.e.m.c.i.e.AbstractTransferListenerAdapter - Downloaded https://repo.maven.apache.org/maven2/org/apache/maven/maven-archiver/3.6.0/maven-archiver-3.6.0.pom
2026-09-14 15:33:48,278 [Worker-88: Launching New_configuration] INFO  o.e.m.c.i.e.AbstractTransferListenerAdapter - Downloading https://repo.maven.apache.org/maven2/org/codehaus/plexus/plexus-io/3.4.0/plexus-io-3.4.0.pom
2026-09-14 15:33:48,286 [Worker-88: Launching New_configuration] INFO  o.e.m.c.i.e.AbstractTransferListenerAdapter - Downloaded https://repo.maven.apache.org/maven2/org/codehaus/plexus/plexus-io/3.4.0/plexus-io-3.4.0.pom
2026-09-14 15:33:48,360 [Worker-88: Launching New_configuration] INFO  o.e.m.c.i.e.AbstractTransferListenerAdapter - Downloading https://repo.maven.apache.org/maven2/org/codehaus/plexus/plexus-archiver/4.4.0/plexus-archiver-4.4.0.pom
2026-09-14 15:33:48,366 [Worker-88: Launching New_configuration] INFO  o.e.m.c.i.e.AbstractTransferListenerAdapter - Downloaded https://repo.maven.apache.org/maven2/org/codehaus/plexus/plexus-archiver/4.4.0/plexus-archiver-4.4.0.pom
2026-09-14 15:33:48,451 [Worker-88: Launching New_configuration] INFO  o.e.m.c.i.e.AbstractTransferListenerAdapter - Downloading https://repo.maven.apache.org/maven2/org/apache/commons/commons-compress/1.21/commons-compress-1.21.pom
2026-09-14 15:33:48,461 [Worker-88: Launching New_configuration] INFO  o.e.m.c.i.e.AbstractTransferListenerAdapter - Downloaded https://repo.maven.apache.org/maven2/org/apache/commons/commons-compress/1.21/commons-compress-1.21.pom
2026-09-14 15:33:48,545 [Worker-88: Launching New_configuration] INFO  o.e.m.c.i.e.AbstractTransferListenerAdapter - Downloading https://repo.maven.apache.org/maven2/org/iq80/snappy/snappy/0.4/snappy-0.4.pom
2026-09-14 15:33:48,560 [Worker-88: Launching New_configuration] INFO  o.e.m.c.i.e.AbstractTransferListenerAdapter - Downloaded https://repo.maven.apache.org/maven2/org/iq80/snappy/snappy/0.4/snappy-0.4.pom
2026-09-14 15:33:48,634 [Worker-88: Launching New_configuration] INFO  o.e.m.c.i.e.AbstractTransferListenerAdapter - Downloading https://repo.maven.apache.org/maven2/org/codehaus/plexus/plexus-utils/3.4.2/plexus-utils-3.4.2.pom
2026-09-14 15:33:48,644 [Worker-88: Launching New_configuration] INFO  o.e.m.c.i.e.AbstractTransferListenerAdapter - Downloaded https://repo.maven.apache.org/maven2/org/codehaus/plexus/plexus-utils/3.4.2/plexus-utils-3.4.2.pom
2026-09-14 15:33:48,714 [Worker-88: Launching New_configuration] INFO  o.e.m.c.i.e.AbstractTransferListenerAdapter - Downloading https://repo.maven.apache.org/maven2/org/codehaus/plexus/plexus/8/plexus-8.pom
2026-09-14 15:33:48,725 [Worker-88: Launching New_configuration] INFO  o.e.m.c.i.e.AbstractTransferListenerAdapter - Downloaded https://repo.maven.apache.org/maven2/org/codehaus/plexus/plexus/8/plexus-8.pom
2026-09-14 15:33:48,824 [Worker-88: Launching New_configuration] INFO  o.e.m.c.i.e.AbstractTransferListenerAdapter - Downloading https://repo.maven.apache.org/maven2/org/apache/maven/shared/file-management/3.1.0/file-management-3.1.0.jar
2026-09-14 15:33:48,890 [Worker-88: Launching New_configuration] INFO  o.e.m.c.i.e.AbstractTransferListenerAdapter - Downloaded https://repo.maven.apache.org/maven2/org/apache/maven/shared/file-management/3.1.0/file-management-3.1.0.jar
2026-09-14 15:33:48,969 [BasicRepositoryConnector-repo.maven.apache.org-6-1] INFO  o.e.m.c.i.e.AbstractTransferListenerAdapter - Downloading https://repo.maven.apache.org/maven2/org/codehaus/plexus/plexus-io/3.4.0/plexus-io-3.4.0.jar
2026-09-14 15:33:49,054 [BasicRepositoryConnector-repo.maven.apache.org-6-2] INFO  o.e.m.c.i.e.AbstractTransferListenerAdapter - Downloading https://repo.maven.apache.org/maven2/org/codehaus/plexus/plexus-archiver/4.4.0/plexus-archiver-4.4.0.jar
2026-09-14 15:33:49,089 [BasicRepositoryConnector-repo.maven.apache.org-6-4] INFO  o.e.m.c.i.e.AbstractTransferListenerAdapter - Downloading https://repo.maven.apache.org/maven2/org/iq80/snappy/snappy/0.4/snappy-0.4.jar
2026-09-14 15:33:49,113 [BasicRepositoryConnector-repo.maven.apache.org-6-0] INFO  o.e.m.c.i.e.AbstractTransferListenerAdapter - Downloading https://repo.maven.apache.org/maven2/org/apache/maven/maven-archiver/3.6.0/maven-archiver-3.6.0.jar
2026-09-14 15:33:49,160 [BasicRepositoryConnector-repo.maven.apache.org-6-3] INFO  o.e.m.c.i.e.AbstractTransferListenerAdapter - Downloading https://repo.maven.apache.org/maven2/org/apache/commons/commons-compress/1.21/commons-compress-1.21.jar
2026-09-14 15:33:49,223 [BasicRepositoryConnector-repo.maven.apache.org-6-0] INFO  o.e.m.c.i.e.AbstractTransferListenerAdapter - Downloaded https://repo.maven.apache.org/maven2/org/apache/maven/maven-archiver/3.6.0/maven-archiver-3.6.0.jar
2026-09-14 15:33:49,257 [BasicRepositoryConnector-repo.maven.apache.org-6-1] INFO  o.e.m.c.i.e.AbstractTransferListenerAdapter - Downloaded https://repo.maven.apache.org/maven2/org/codehaus/plexus/plexus-io/3.4.0/plexus-io-3.4.0.jar
2026-09-14 15:33:49,304 [BasicRepositoryConnector-repo.maven.apache.org-6-4] INFO  o.e.m.c.i.e.AbstractTransferListenerAdapter - Downloaded https://repo.maven.apache.org/maven2/org/iq80/snappy/snappy/0.4/snappy-0.4.jar
2026-09-14 15:33:49,314 [BasicRepositoryConnector-repo.maven.apache.org-6-0] INFO  o.e.m.c.i.e.AbstractTransferListenerAdapter - Downloading https://repo.maven.apache.org/maven2/org/tukaani/xz/1.9/xz-1.9.jar
2026-09-14 15:33:49,389 [BasicRepositoryConnector-repo.maven.apache.org-6-1] INFO  o.e.m.c.i.e.AbstractTransferListenerAdapter - Downloading https://repo.maven.apache.org/maven2/org/codehaus/plexus/plexus-utils/3.4.2/plexus-utils-3.4.2.jar
2026-09-14 15:33:49,549 [BasicRepositoryConnector-repo.maven.apache.org-6-2] INFO  o.e.m.c.i.e.AbstractTransferListenerAdapter - Downloaded https://repo.maven.apache.org/maven2/org/codehaus/plexus/plexus-archiver/4.4.0/plexus-archiver-4.4.0.jar
2026-09-14 15:33:49,559 [BasicRepositoryConnector-repo.maven.apache.org-6-0] INFO  o.e.m.c.i.e.AbstractTransferListenerAdapter - Downloaded https://repo.maven.apache.org/maven2/org/tukaani/xz/1.9/xz-1.9.jar
2026-09-14 15:33:50,658 [BasicRepositoryConnector-repo.maven.apache.org-6-3] INFO  o.e.m.c.i.e.AbstractTransferListenerAdapter - Downloaded https://repo.maven.apache.org/maven2/org/apache/commons/commons-compress/1.21/commons-compress-1.21.jar
2026-09-14 15:33:50,845 [BasicRepositoryConnector-repo.maven.apache.org-6-1] INFO  o.e.m.c.i.e.AbstractTransferListenerAdapter - Downloaded https://repo.maven.apache.org/maven2/org/codehaus/plexus/plexus-utils/3.4.2/plexus-utils-3.4.2.jar
2026-09-14 15:33:51,224 [Worker-88: Launching New_configuration] INFO  o.a.m.s.f.DefaultMavenResourcesFiltering - skip non existing resourceDirectory C:\Users\andre\eclipse-workspace\proyecto_web2\web_2\bin\src\main\resources
2026-09-14 15:33:51,224 [Worker-88: Launching New_configuration] INFO  o.a.m.s.f.DefaultMavenResourcesFiltering - skip non existing resourceDirectory C:\Users\andre\eclipse-workspace\proyecto_web2\web_2\bin\src\main\resources
2026-09-14 15:33:51,227 [Worker-88: Launching New_configuration] INFO  o.a.m.s.f.DefaultMavenResourcesFiltering - skip non existing resourceDirectory C:\Users\andre\eclipse-workspace\proyecto_web2\web_2\bin\src\test\resources
2026-09-14 15:33:51,239 [Worker-88: Launching New_configuration] WARN  o.apache.maven.project.MavenProject - Plugin is modifying compileSourceRoots through clear(), which will not work in Maven 4.0.0. Use MavenProject.addCompileSourceRoot()/removeCompileSourceRoot() methods instead. If using a plugin, please upgrade to the latest version or report the issue to the plugin maintainer. To disable these warnings, set -Dmaven.project.sourceRoots.warningsDisabled=true on the command line, in the .mvn/maven.config file, or in project POM properties.
2026-09-14 15:33:51,240 [Worker-88: Launching New_configuration] WARN  o.apache.maven.project.MavenProject - Plugin is modifying compileSourceRoots through add(), which will not work in Maven 4.0.0. Use MavenProject.addCompileSourceRoot()/removeCompileSourceRoot() methods instead. If using a plugin, please upgrade to the latest version or report the issue to the plugin maintainer. To disable these warnings, set -Dmaven.project.sourceRoots.warningsDisabled=true on the command line, in the .mvn/maven.config file, or in project POM properties.
2026-09-14 15:33:51,240 [Worker-88: Launching New_configuration] WARN  o.apache.maven.project.MavenProject - Plugin is modifying testCompileSourceRoots through clear(), which will not work in Maven 4.0.0. Use MavenProject.addTestCompileSourceRoot()/removeTestCompileSourceRoot() methods instead. If using a plugin, please upgrade to the latest version or report the issue to the plugin maintainer. To disable these warnings, set -Dmaven.project.sourceRoots.warningsDisabled=true on the command line, in the .mvn/maven.config file, or in project POM properties.
2026-09-14 15:33:51,241 [Worker-88: Launching New_configuration] WARN  o.apache.maven.project.MavenProject - Plugin is modifying testCompileSourceRoots through add(), which will not work in Maven 4.0.0. Use MavenProject.addTestCompileSourceRoot()/removeTestCompileSourceRoot() methods instead. If using a plugin, please upgrade to the latest version or report the issue to the plugin maintainer. To disable these warnings, set -Dmaven.project.sourceRoots.warningsDisabled=true on the command line, in the .mvn/maven.config file, or in project POM properties.
2026-09-14 15:33:52,340 [Worker-89: Download sources and javadoc] INFO  o.e.m.c.i.e.AbstractTransferListenerAdapter - Downloading https://repo.maven.apache.org/maven2/com/mysql/mysql-connector-j/8.0.33/mysql-connector-j-8.0.33-sources.jar
2026-09-14 15:33:53,804 [Worker-89: Download sources and javadoc] INFO  o.e.m.c.i.e.AbstractTransferListenerAdapter - Downloaded https://repo.maven.apache.org/maven2/com/mysql/mysql-connector-j/8.0.33/mysql-connector-j-8.0.33-sources.jar
2026-09-14 15:33:53,807 [Worker-89: Download sources and javadoc] INFO  o.e.m.j.internal.DownloadSourcesJob - Downloaded sources for com.mysql:mysql-connector-j:8.0.33
2026-09-14 15:33:54,020 [Worker-79: Building] INFO  o.a.m.s.f.DefaultMavenResourcesFiltering - skip non existing resourceDirectory C:\Users\andre\eclipse-workspace\proyecto_web2\web_2\bin\src\main\resources
2026-09-14 15:33:54,020 [Worker-79: Building] INFO  o.a.m.s.f.DefaultMavenResourcesFiltering - skip non existing resourceDirectory C:\Users\andre\eclipse-workspace\proyecto_web2\web_2\bin\src\main\resources
2026-09-14 15:33:54,022 [Worker-79: Building] INFO  o.a.m.s.f.DefaultMavenResourcesFiltering - skip non existing resourceDirectory C:\Users\andre\eclipse-workspace\proyecto_web2\web_2\bin\src\test\resources
2026-09-14 15:33:54,032 [Worker-79: Building] WARN  o.apache.maven.project.MavenProject - Plugin is modifying compileSourceRoots through clear(), which will not work in Maven 4.0.0. Use MavenProject.addCompileSourceRoot()/removeCompileSourceRoot() methods instead. If using a plugin, please upgrade to the latest version or report the issue to the plugin maintainer. To disable these warnings, set -Dmaven.project.sourceRoots.warningsDisabled=true on the command line, in the .mvn/maven.config file, or in project POM properties.
2026-09-14 15:33:54,032 [Worker-79: Building] WARN  o.apache.maven.project.MavenProject - Plugin is modifying compileSourceRoots through add(), which will not work in Maven 4.0.0. Use MavenProject.addCompileSourceRoot()/removeCompileSourceRoot() methods instead. If using a plugin, please upgrade to the latest version or report the issue to the plugin maintainer. To disable these warnings, set -Dmaven.project.sourceRoots.warningsDisabled=true on the command line, in the .mvn/maven.config file, or in project POM properties.
2026-09-14 15:33:54,032 [Worker-79: Building] WARN  o.apache.maven.project.MavenProject - Plugin is modifying testCompileSourceRoots through clear(), which will not work in Maven 4.0.0. Use MavenProject.addTestCompileSourceRoot()/removeTestCompileSourceRoot() methods instead. If using a plugin, please upgrade to the latest version or report the issue to the plugin maintainer. To disable these warnings, set -Dmaven.project.sourceRoots.warningsDisabled=true on the command line, in the .mvn/maven.config file, or in project POM properties.
2026-09-14 15:33:54,033 [Worker-79: Building] WARN  o.apache.maven.project.MavenProject - Plugin is modifying testCompileSourceRoots through add(), which will not work in Maven 4.0.0. Use MavenProject.addTestCompileSourceRoot()/removeTestCompileSourceRoot() methods instead. If using a plugin, please upgrade to the latest version or report the issue to the plugin maintainer. To disable these warnings, set -Dmaven.project.sourceRoots.warningsDisabled=true on the command line, in the .mvn/maven.config file, or in project POM properties.
2026-09-14 15:34:51,045 [Worker-86: Building] INFO  o.a.m.s.f.DefaultMavenResourcesFiltering - skip non existing resourceDirectory C:\Users\andre\eclipse-workspace\proyecto_web2\web_2\bin\src\main\resources
2026-09-14 15:34:51,045 [Worker-86: Building] INFO  o.a.m.s.f.DefaultMavenResourcesFiltering - skip non existing resourceDirectory C:\Users\andre\eclipse-workspace\proyecto_web2\web_2\bin\src\main\resources
2026-09-14 15:34:51,048 [Worker-86: Building] INFO  o.a.m.s.f.DefaultMavenResourcesFiltering - skip non existing resourceDirectory C:\Users\andre\eclipse-workspace\proyecto_web2\web_2\bin\src\test\resources
2026-09-14 15:34:51,062 [Worker-86: Building] WARN  o.apache.maven.project.MavenProject - Plugin is modifying compileSourceRoots through clear(), which will not work in Maven 4.0.0. Use MavenProject.addCompileSourceRoot()/removeCompileSourceRoot() methods instead. If using a plugin, please upgrade to the latest version or report the issue to the plugin maintainer. To disable these warnings, set -Dmaven.project.sourceRoots.warningsDisabled=true on the command line, in the .mvn/maven.config file, or in project POM properties.
2026-09-14 15:34:51,063 [Worker-86: Building] WARN  o.apache.maven.project.MavenProject - Plugin is modifying compileSourceRoots through add(), which will not work in Maven 4.0.0. Use MavenProject.addCompileSourceRoot()/removeCompileSourceRoot() methods instead. If using a plugin, please upgrade to the latest version or report the issue to the plugin maintainer. To disable these warnings, set -Dmaven.project.sourceRoots.warningsDisabled=true on the command line, in the .mvn/maven.config file, or in project POM properties.
2026-09-14 15:34:51,063 [Worker-86: Building] WARN  o.apache.maven.project.MavenProject - Plugin is modifying testCompileSourceRoots through clear(), which will not work in Maven 4.0.0. Use MavenProject.addTestCompileSourceRoot()/removeTestCompileSourceRoot() methods instead. If using a plugin, please upgrade to the latest version or report the issue to the plugin maintainer. To disable these warnings, set -Dmaven.project.sourceRoots.warningsDisabled=true on the command line, in the .mvn/maven.config file, or in project POM properties.
2026-09-14 15:34:51,064 [Worker-86: Building] WARN  o.apache.maven.project.MavenProject - Plugin is modifying testCompileSourceRoots through add(), which will not work in Maven 4.0.0. Use MavenProject.addTestCompileSourceRoot()/removeTestCompileSourceRoot() methods instead. If using a plugin, please upgrade to the latest version or report the issue to the plugin maintainer. To disable these warnings, set -Dmaven.project.sourceRoots.warningsDisabled=true on the command line, in the .mvn/maven.config file, or in project POM properties.
2026-09-14 15:35:46,614 [Worker-89: Updating Maven Project] INFO  o.e.m.c.i.p.ProjectConfigurationManager - Update started
2026-09-14 15:35:47,074 [Worker-89: Updating Maven Project] INFO  o.e.m.c.i.l.LifecycleMappingFactory - Using org.eclipse.m2e.jdt.JarLifecycleMapping lifecycle mapping for MavenProject: com.example:web_2:0.0.1-SNAPSHOT @ C:\Users\andre\eclipse-workspace\proyecto_web2\web_2\bin\pom.xml.
2026-09-14 15:35:47,324 [Worker-89: Updating Maven Project] WARN  o.e.m.c.i.embedder.EclipseLogger - The artifact mysql:mysql-connector-java:jar:8.0.33 has been relocated to com.mysql:mysql-connector-j:jar:8.0.33: MySQL Connector/J artifacts moved to reverse-DNS compliant Maven 2+ coordinates.
2026-09-14 15:35:47,679 [Worker-89: Updating Maven Project] INFO  o.e.m.j.i.AbstractJavaProjectConfigurator - Adding source folder /demo/src/main/java
2026-09-14 15:35:47,680 [Worker-89: Updating Maven Project] INFO  o.e.m.j.i.AbstractJavaProjectConfigurator - Adding resource folder /demo/src/main/resources
2026-09-14 15:35:47,681 [Worker-89: Updating Maven Project] INFO  o.e.m.j.i.AbstractJavaProjectConfigurator - Adding resource folder /demo/src/main/resources
2026-09-14 15:35:47,681 [Worker-89: Updating Maven Project] INFO  o.e.m.j.i.AbstractJavaProjectConfigurator - Adding source folder /demo/src/test/java
2026-09-14 15:35:47,682 [Worker-89: Updating Maven Project] INFO  o.e.m.j.i.AbstractJavaProjectConfigurator - Adding resource folder /demo/src/test/resources
2026-09-14 15:35:47,971 [Worker-89: Updating Maven Project] WARN  o.apache.maven.project.MavenProject - Plugin is modifying compileSourceRoots through clear(), which will not work in Maven 4.0.0. Use MavenProject.addCompileSourceRoot()/removeCompileSourceRoot() methods instead. If using a plugin, please upgrade to the latest version or report the issue to the plugin maintainer. To disable these warnings, set -Dmaven.project.sourceRoots.warningsDisabled=true on the command line, in the .mvn/maven.config file, or in project POM properties.
2026-09-14 15:35:47,972 [Worker-89: Updating Maven Project] WARN  o.apache.maven.project.MavenProject - Plugin is modifying compileSourceRoots through add(), which will not work in Maven 4.0.0. Use MavenProject.addCompileSourceRoot()/removeCompileSourceRoot() methods instead. If using a plugin, please upgrade to the latest version or report the issue to the plugin maintainer. To disable these warnings, set -Dmaven.project.sourceRoots.warningsDisabled=true on the command line, in the .mvn/maven.config file, or in project POM properties.
2026-09-14 15:35:47,973 [Worker-89: Updating Maven Project] WARN  o.apache.maven.project.MavenProject - Plugin is modifying testCompileSourceRoots through clear(), which will not work in Maven 4.0.0. Use MavenProject.addTestCompileSourceRoot()/removeTestCompileSourceRoot() methods instead. If using a plugin, please upgrade to the latest version or report the issue to the plugin maintainer. To disable these warnings, set -Dmaven.project.sourceRoots.warningsDisabled=true on the command line, in the .mvn/maven.config file, or in project POM properties.
2026-09-14 15:35:47,973 [Worker-89: Updating Maven Project] WARN  o.apache.maven.project.MavenProject - Plugin is modifying testCompileSourceRoots through add(), which will not work in Maven 4.0.0. Use MavenProject.addTestCompileSourceRoot()/removeTestCompileSourceRoot() methods instead. If using a plugin, please upgrade to the latest version or report the issue to the plugin maintainer. To disable these warnings, set -Dmaven.project.sourceRoots.warningsDisabled=true on the command line, in the .mvn/maven.config file, or in project POM properties.
2026-09-14 15:35:48,045 [Worker-89: Updating Maven Project] INFO  o.e.m.c.i.p.ProjectConfigurationManager - Update completed for 2 poms: local refresh takes 0,00 sec, refresh facades takes 0,00 sec, update config takes 0,00 sec 
2026-09-14 15:35:48,201 [Worker-87: Building] INFO  o.a.m.s.f.DefaultMavenResourcesFiltering - skip non existing resourceDirectory C:\Users\andre\eclipse-workspace\proyecto_web2\web_2\bin\src\main\resources
2026-09-14 15:35:48,202 [Worker-87: Building] INFO  o.a.m.s.f.DefaultMavenResourcesFiltering - skip non existing resourceDirectory C:\Users\andre\eclipse-workspace\proyecto_web2\web_2\bin\src\main\resources
2026-09-14 15:35:48,207 [Worker-87: Building] INFO  o.a.m.s.f.DefaultMavenResourcesFiltering - skip non existing resourceDirectory C:\Users\andre\eclipse-workspace\proyecto_web2\web_2\bin\src\test\resources
2026-09-14 15:35:48,403 [Worker-87: Building] WARN  o.apache.maven.project.MavenProject - Plugin is modifying compileSourceRoots through clear(), which will not work in Maven 4.0.0. Use MavenProject.addCompileSourceRoot()/removeCompileSourceRoot() methods instead. If using a plugin, please upgrade to the latest version or report the issue to the plugin maintainer. To disable these warnings, set -Dmaven.project.sourceRoots.warningsDisabled=true on the command line, in the .mvn/maven.config file, or in project POM properties.
2026-09-14 15:35:48,403 [Worker-87: Building] WARN  o.apache.maven.project.MavenProject - Plugin is modifying compileSourceRoots through add(), which will not work in Maven 4.0.0. Use MavenProject.addCompileSourceRoot()/removeCompileSourceRoot() methods instead. If using a plugin, please upgrade to the latest version or report the issue to the plugin maintainer. To disable these warnings, set -Dmaven.project.sourceRoots.warningsDisabled=true on the command line, in the .mvn/maven.config file, or in project POM properties.
2026-09-14 15:35:48,404 [Worker-87: Building] WARN  o.apache.maven.project.MavenProject - Plugin is modifying testCompileSourceRoots through clear(), which will not work in Maven 4.0.0. Use MavenProject.addTestCompileSourceRoot()/removeTestCompileSourceRoot() methods instead. If using a plugin, please upgrade to the latest version or report the issue to the plugin maintainer. To disable these warnings, set -Dmaven.project.sourceRoots.warningsDisabled=true on the command line, in the .mvn/maven.config file, or in project POM properties.
2026-09-14 15:35:48,405 [Worker-87: Building] WARN  o.apache.maven.project.MavenProject - Plugin is modifying testCompileSourceRoots through add(), which will not work in Maven 4.0.0. Use MavenProject.addTestCompileSourceRoot()/removeTestCompileSourceRoot() methods instead. If using a plugin, please upgrade to the latest version or report the issue to the plugin maintainer. To disable these warnings, set -Dmaven.project.sourceRoots.warningsDisabled=true on the command line, in the .mvn/maven.config file, or in project POM properties.
2026-09-14 15:36:05,877 [Worker-88: Launching New_configuration] INFO  o.e.m.c.i.e.AbstractTransferListenerAdapter - Downloading https://repo.maven.apache.org/maven2/org/springframework/boot/spring-boot-starter-parent/3.3.4/spring-boot-starter-parent-3.3.4.pom
2026-09-14 15:36:05,893 [Worker-88: Launching New_configuration] INFO  o.e.m.c.i.e.AbstractTransferListenerAdapter - Downloaded https://repo.maven.apache.org/maven2/org/springframework/boot/spring-boot-starter-parent/3.3.4/spring-boot-starter-parent-3.3.4.pom
2026-09-14 15:36:05,978 [Worker-88: Launching New_configuration] INFO  o.e.m.c.i.e.AbstractTransferListenerAdapter - Downloading https://repo.maven.apache.org/maven2/org/springframework/boot/spring-boot-dependencies/3.3.4/spring-boot-dependencies-3.3.4.pom
2026-09-14 15:36:05,989 [Worker-88: Launching New_configuration] INFO  o.e.m.c.i.e.AbstractTransferListenerAdapter - Downloaded https://repo.maven.apache.org/maven2/org/springframework/boot/spring-boot-dependencies/3.3.4/spring-boot-dependencies-3.3.4.pom
2026-09-14 15:36:06,093 [Worker-88: Launching New_configuration] INFO  o.e.m.c.i.e.AbstractTransferListenerAdapter - Downloading https://repo.maven.apache.org/maven2/org/apache/activemq/activemq-bom/6.1.3/activemq-bom-6.1.3.pom
2026-09-14 15:36:06,101 [Worker-88: Launching New_configuration] INFO  o.e.m.c.i.e.AbstractTransferListenerAdapter - Downloaded https://repo.maven.apache.org/maven2/org/apache/activemq/activemq-bom/6.1.3/activemq-bom-6.1.3.pom
2026-09-14 15:36:06,248 [Worker-88: Launching New_configuration] INFO  o.e.m.c.i.e.AbstractTransferListenerAdapter - Downloading https://repo.maven.apache.org/maven2/org/apache/activemq/artemis-bom/2.33.0/artemis-bom-2.33.0.pom
2026-09-14 15:36:06,261 [Worker-88: Launching New_configuration] INFO  o.e.m.c.i.e.AbstractTransferListenerAdapter - Downloaded https://repo.maven.apache.org/maven2/org/apache/activemq/artemis-bom/2.33.0/artemis-bom-2.33.0.pom
2026-09-14 15:36:06,381 [Worker-88: Launching New_configuration] INFO  o.e.m.c.i.e.AbstractTransferListenerAdapter - Downloading https://repo.maven.apache.org/maven2/org/apache/activemq/artemis-project/2.33.0/artemis-project-2.33.0.pom
2026-09-14 15:36:06,394 [Worker-88: Launching New_configuration] INFO  o.e.m.c.i.e.AbstractTransferListenerAdapter - Downloaded https://repo.maven.apache.org/maven2/org/apache/activemq/artemis-project/2.33.0/artemis-project-2.33.0.pom
2026-09-14 15:36:06,554 [Worker-88: Launching New_configuration] INFO  o.e.m.c.i.e.AbstractTransferListenerAdapter - Downloading https://repo.maven.apache.org/maven2/org/assertj/assertj-bom/3.25.3/assertj-bom-3.25.3.pom
2026-09-14 15:36:06,559 [Worker-88: Launching New_configuration] INFO  o.e.m.c.i.e.AbstractTransferListenerAdapter - Downloaded https://repo.maven.apache.org/maven2/org/assertj/assertj-bom/3.25.3/assertj-bom-3.25.3.pom
2026-09-14 15:36:06,753 [Worker-88: Launching New_configuration] INFO  o.e.m.c.i.e.AbstractTransferListenerAdapter - Downloading https://repo.maven.apache.org/maven2/io/zipkin/reporter2/zipkin-reporter-bom/3.4.2/zipkin-reporter-bom-3.4.2.pom
2026-09-14 15:36:06,768 [Worker-88: Launching New_configuration] INFO  o.e.m.c.i.e.AbstractTransferListenerAdapter - Downloaded https://repo.maven.apache.org/maven2/io/zipkin/reporter2/zipkin-reporter-bom/3.4.2/zipkin-reporter-bom-3.4.2.pom
2026-09-14 15:36:06,913 [Worker-88: Launching New_configuration] INFO  o.e.m.c.i.e.AbstractTransferListenerAdapter - Downloading https://repo.maven.apache.org/maven2/io/zipkin/brave/brave-bom/6.0.3/brave-bom-6.0.3.pom
2026-09-14 15:36:06,923 [Worker-88: Launching New_configuration] INFO  o.e.m.c.i.e.AbstractTransferListenerAdapter - Downloaded https://repo.maven.apache.org/maven2/io/zipkin/brave/brave-bom/6.0.3/brave-bom-6.0.3.pom
2026-09-14 15:36:07,021 [Worker-88: Launching New_configuration] INFO  o.e.m.c.i.e.AbstractTransferListenerAdapter - Downloading https://repo.maven.apache.org/maven2/org/apache/cassandra/java-driver-bom/4.18.1/java-driver-bom-4.18.1.pom
2026-09-14 15:36:07,030 [Worker-88: Launching New_configuration] INFO  o.e.m.c.i.e.AbstractTransferListenerAdapter - Downloaded https://repo.maven.apache.org/maven2/org/apache/cassandra/java-driver-bom/4.18.1/java-driver-bom-4.18.1.pom
2026-09-14 15:36:07,121 [Worker-88: Launching New_configuration] INFO  o.e.m.c.i.e.AbstractTransferListenerAdapter - Downloading https://repo.maven.apache.org/maven2/org/apache/groovy/groovy-bom/4.0.23/groovy-bom-4.0.23.pom
2026-09-14 15:36:07,128 [Worker-88: Launching New_configuration] INFO  o.e.m.c.i.e.AbstractTransferListenerAdapter - Downloaded https://repo.maven.apache.org/maven2/org/apache/groovy/groovy-bom/4.0.23/groovy-bom-4.0.23.pom
2026-09-14 15:36:07,215 [Worker-88: Launching New_configuration] INFO  o.e.m.c.i.e.AbstractTransferListenerAdapter - Downloading https://repo.maven.apache.org/maven2/org/infinispan/infinispan-bom/15.0.8.Final/infinispan-bom-15.0.8.Final.pom
2026-09-14 15:36:07,228 [Worker-88: Launching New_configuration] INFO  o.e.m.c.i.e.AbstractTransferListenerAdapter - Downloaded https://repo.maven.apache.org/maven2/org/infinispan/infinispan-bom/15.0.8.Final/infinispan-bom-15.0.8.Final.pom
2026-09-14 15:36:07,315 [Worker-88: Launching New_configuration] INFO  o.e.m.c.i.e.AbstractTransferListenerAdapter - Downloading https://repo.maven.apache.org/maven2/org/infinispan/infinispan-build-configuration-parent/15.0.8.Final/infinispan-build-configuration-parent-15.0.8.Final.pom
2026-09-14 15:36:07,324 [Worker-88: Launching New_configuration] INFO  o.e.m.c.i.e.AbstractTransferListenerAdapter - Downloaded https://repo.maven.apache.org/maven2/org/infinispan/infinispan-build-configuration-parent/15.0.8.Final/infinispan-build-configuration-parent-15.0.8.Final.pom
2026-09-14 15:36:07,407 [Worker-88: Launching New_configuration] INFO  o.e.m.c.i.e.AbstractTransferListenerAdapter - Downloading https://repo.maven.apache.org/maven2/org/jboss/jboss-parent/43/jboss-parent-43.pom
2026-09-14 15:36:07,418 [Worker-88: Launching New_configuration] INFO  o.e.m.c.i.e.AbstractTransferListenerAdapter - Downloaded https://repo.maven.apache.org/maven2/org/jboss/jboss-parent/43/jboss-parent-43.pom
2026-09-14 15:36:07,549 [Worker-88: Launching New_configuration] INFO  o.e.m.c.i.e.AbstractTransferListenerAdapter - Downloading https://repo.maven.apache.org/maven2/org/glassfish/jersey/jersey-bom/3.1.8/jersey-bom-3.1.8.pom
2026-09-14 15:36:07,564 [Worker-88: Launching New_configuration] INFO  o.e.m.c.i.e.AbstractTransferListenerAdapter - Downloaded https://repo.maven.apache.org/maven2/org/glassfish/jersey/jersey-bom/3.1.8/jersey-bom-3.1.8.pom
2026-09-14 15:36:07,682 [Worker-88: Launching New_configuration] INFO  o.e.m.c.i.e.AbstractTransferListenerAdapter - Downloading https://repo.maven.apache.org/maven2/org/eclipse/jetty/ee10/jetty-ee10-bom/12.0.13/jetty-ee10-bom-12.0.13.pom
2026-09-14 15:36:07,692 [Worker-88: Launching New_configuration] INFO  o.e.m.c.i.e.AbstractTransferListenerAdapter - Downloaded https://repo.maven.apache.org/maven2/org/eclipse/jetty/ee10/jetty-ee10-bom/12.0.13/jetty-ee10-bom-12.0.13.pom
2026-09-14 15:36:07,794 [Worker-88: Launching New_configuration] INFO  o.e.m.c.i.e.AbstractTransferListenerAdapter - Downloading https://repo.maven.apache.org/maven2/org/eclipse/jetty/jetty-bom/12.0.13/jetty-bom-12.0.13.pom
2026-09-14 15:36:07,806 [Worker-88: Launching New_configuration] INFO  o.e.m.c.i.e.AbstractTransferListenerAdapter - Downloaded https://repo.maven.apache.org/maven2/org/eclipse/jetty/jetty-bom/12.0.13/jetty-bom-12.0.13.pom
2026-09-14 15:36:07,911 [Worker-88: Launching New_configuration] INFO  o.e.m.c.i.e.AbstractTransferListenerAdapter - Downloading https://repo.maven.apache.org/maven2/org/jetbrains/kotlin/kotlin-bom/1.9.25/kotlin-bom-1.9.25.pom
2026-09-14 15:36:07,925 [Worker-88: Launching New_configuration] INFO  o.e.m.c.i.e.AbstractTransferListenerAdapter - Downloaded https://repo.maven.apache.org/maven2/org/jetbrains/kotlin/kotlin-bom/1.9.25/kotlin-bom-1.9.25.pom
2026-09-14 15:36:08,017 [Worker-88: Launching New_configuration] INFO  o.e.m.c.i.e.AbstractTransferListenerAdapter - Downloading https://repo.maven.apache.org/maven2/org/jetbrains/kotlinx/kotlinx-coroutines-bom/1.8.1/kotlinx-coroutines-bom-1.8.1.pom
2026-09-14 15:36:08,033 [Worker-88: Launching New_configuration] INFO  o.e.m.c.i.e.AbstractTransferListenerAdapter - Downloaded https://repo.maven.apache.org/maven2/org/jetbrains/kotlinx/kotlinx-coroutines-bom/1.8.1/kotlinx-coroutines-bom-1.8.1.pom
2026-09-14 15:36:08,155 [Worker-88: Launching New_configuration] INFO  o.e.m.c.i.e.AbstractTransferListenerAdapter - Downloading https://repo.maven.apache.org/maven2/org/apache/logging/log4j/log4j-bom/2.23.1/log4j-bom-2.23.1.pom
2026-09-14 15:36:08,163 [Worker-88: Launching New_configuration] INFO  o.e.m.c.i.e.AbstractTransferListenerAdapter - Downloaded https://repo.maven.apache.org/maven2/org/apache/logging/log4j/log4j-bom/2.23.1/log4j-bom-2.23.1.pom
2026-09-14 15:36:08,241 [Worker-88: Launching New_configuration] INFO  o.e.m.c.i.e.AbstractTransferListenerAdapter - Downloading https://repo.maven.apache.org/maven2/org/apache/logging/logging-parent/10.6.0/logging-parent-10.6.0.pom
2026-09-14 15:36:08,252 [Worker-88: Launching New_configuration] INFO  o.e.m.c.i.e.AbstractTransferListenerAdapter - Downloaded https://repo.maven.apache.org/maven2/org/apache/logging/logging-parent/10.6.0/logging-parent-10.6.0.pom
2026-09-14 15:36:08,349 [Worker-88: Launching New_configuration] INFO  o.e.m.c.i.e.AbstractTransferListenerAdapter - Downloading https://repo.maven.apache.org/maven2/io/micrometer/micrometer-bom/1.13.4/micrometer-bom-1.13.4.pom
2026-09-14 15:36:08,358 [Worker-88: Launching New_configuration] INFO  o.e.m.c.i.e.AbstractTransferListenerAdapter - Downloaded https://repo.maven.apache.org/maven2/io/micrometer/micrometer-bom/1.13.4/micrometer-bom-1.13.4.pom
2026-09-14 15:36:08,461 [Worker-88: Launching New_configuration] INFO  o.e.m.c.i.e.AbstractTransferListenerAdapter - Downloading https://repo.maven.apache.org/maven2/io/micrometer/micrometer-tracing-bom/1.3.4/micrometer-tracing-bom-1.3.4.pom
2026-09-14 15:36:08,467 [Worker-88: Launching New_configuration] INFO  o.e.m.c.i.e.AbstractTransferListenerAdapter - Downloaded https://repo.maven.apache.org/maven2/io/micrometer/micrometer-tracing-bom/1.3.4/micrometer-tracing-bom-1.3.4.pom
2026-09-14 15:36:08,538 [Worker-88: Launching New_configuration] INFO  o.e.m.c.i.e.AbstractTransferListenerAdapter - Downloading https://repo.maven.apache.org/maven2/org/mockito/mockito-bom/5.11.0/mockito-bom-5.11.0.pom
2026-09-14 15:36:08,548 [Worker-88: Launching New_configuration] INFO  o.e.m.c.i.e.AbstractTransferListenerAdapter - Downloaded https://repo.maven.apache.org/maven2/org/mockito/mockito-bom/5.11.0/mockito-bom-5.11.0.pom
2026-09-14 15:36:08,630 [Worker-88: Launching New_configuration] INFO  o.e.m.c.i.e.AbstractTransferListenerAdapter - Downloading https://repo.maven.apache.org/maven2/io/netty/netty-bom/4.1.113.Final/netty-bom-4.1.113.Final.pom
2026-09-14 15:36:08,645 [Worker-88: Launching New_configuration] INFO  o.e.m.c.i.e.AbstractTransferListenerAdapter - Downloaded https://repo.maven.apache.org/maven2/io/netty/netty-bom/4.1.113.Final/netty-bom-4.1.113.Final.pom
2026-09-14 15:36:08,792 [Worker-88: Launching New_configuration] INFO  o.e.m.c.i.e.AbstractTransferListenerAdapter - Downloading https://repo.maven.apache.org/maven2/io/opentelemetry/opentelemetry-bom/1.37.0/opentelemetry-bom-1.37.0.pom
2026-09-14 15:36:08,805 [Worker-88: Launching New_configuration] INFO  o.e.m.c.i.e.AbstractTransferListenerAdapter - Downloaded https://repo.maven.apache.org/maven2/io/opentelemetry/opentelemetry-bom/1.37.0/opentelemetry-bom-1.37.0.pom
2026-09-14 15:36:08,923 [Worker-88: Launching New_configuration] INFO  o.e.m.c.i.e.AbstractTransferListenerAdapter - Downloading https://repo.maven.apache.org/maven2/io/prometheus/prometheus-metrics-bom/1.2.1/prometheus-metrics-bom-1.2.1.pom
2026-09-14 15:36:08,937 [Worker-88: Launching New_configuration] INFO  o.e.m.c.i.e.AbstractTransferListenerAdapter - Downloaded https://repo.maven.apache.org/maven2/io/prometheus/prometheus-metrics-bom/1.2.1/prometheus-metrics-bom-1.2.1.pom
2026-09-14 15:36:09,068 [Worker-88: Launching New_configuration] INFO  o.e.m.c.i.e.AbstractTransferListenerAdapter - Downloading https://repo.maven.apache.org/maven2/io/prometheus/client_java/1.2.1/client_java-1.2.1.pom
2026-09-14 15:36:09,080 [Worker-88: Launching New_configuration] INFO  o.e.m.c.i.e.AbstractTransferListenerAdapter - Downloaded https://repo.maven.apache.org/maven2/io/prometheus/client_java/1.2.1/client_java-1.2.1.pom
2026-09-14 15:36:09,245 [Worker-88: Launching New_configuration] INFO  o.e.m.c.i.e.AbstractTransferListenerAdapter - Downloading https://repo.maven.apache.org/maven2/org/apache/pulsar/pulsar-bom/3.2.4/pulsar-bom-3.2.4.pom
2026-09-14 15:36:09,259 [Worker-88: Launching New_configuration] INFO  o.e.m.c.i.e.AbstractTransferListenerAdapter - Downloaded https://repo.maven.apache.org/maven2/org/apache/pulsar/pulsar-bom/3.2.4/pulsar-bom-3.2.4.pom
2026-09-14 15:36:09,455 [Worker-88: Launching New_configuration] INFO  o.e.m.c.i.e.AbstractTransferListenerAdapter - Downloading https://repo.maven.apache.org/maven2/io/projectreactor/reactor-bom/2023.0.10/reactor-bom-2023.0.10.pom
2026-09-14 15:36:09,467 [Worker-88: Launching New_configuration] INFO  o.e.m.c.i.e.AbstractTransferListenerAdapter - Downloaded https://repo.maven.apache.org/maven2/io/projectreactor/reactor-bom/2023.0.10/reactor-bom-2023.0.10.pom
2026-09-14 15:36:09,568 [Worker-88: Launching New_configuration] INFO  o.e.m.c.i.e.AbstractTransferListenerAdapter - Downloading https://repo.maven.apache.org/maven2/io/rest-assured/rest-assured-bom/5.4.0/rest-assured-bom-5.4.0.pom
2026-09-14 15:36:09,580 [Worker-88: Launching New_configuration] INFO  o.e.m.c.i.e.AbstractTransferListenerAdapter - Downloaded https://repo.maven.apache.org/maven2/io/rest-assured/rest-assured-bom/5.4.0/rest-assured-bom-5.4.0.pom
2026-09-14 15:36:09,674 [Worker-88: Launching New_configuration] INFO  o.e.m.c.i.e.AbstractTransferListenerAdapter - Downloading https://repo.maven.apache.org/maven2/org/seleniumhq/selenium/selenium-bom/4.19.1/selenium-bom-4.19.1.pom
2026-09-14 15:36:09,683 [Worker-88: Launching New_configuration] INFO  o.e.m.c.i.e.AbstractTransferListenerAdapter - Downloaded https://repo.maven.apache.org/maven2/org/seleniumhq/selenium/selenium-bom/4.19.1/selenium-bom-4.19.1.pom
2026-09-14 15:36:09,775 [Worker-88: Launching New_configuration] INFO  o.e.m.c.i.e.AbstractTransferListenerAdapter - Downloading https://repo.maven.apache.org/maven2/org/springframework/amqp/spring-amqp-bom/3.1.7/spring-amqp-bom-3.1.7.pom
2026-09-14 15:36:09,783 [Worker-88: Launching New_configuration] INFO  o.e.m.c.i.e.AbstractTransferListenerAdapter - Downloaded https://repo.maven.apache.org/maven2/org/springframework/amqp/spring-amqp-bom/3.1.7/spring-amqp-bom-3.1.7.pom
2026-09-14 15:36:09,872 [Worker-88: Launching New_configuration] INFO  o.e.m.c.i.e.AbstractTransferListenerAdapter - Downloading https://repo.maven.apache.org/maven2/org/springframework/batch/spring-batch-bom/5.1.2/spring-batch-bom-5.1.2.pom
2026-09-14 15:36:09,881 [Worker-88: Launching New_configuration] INFO  o.e.m.c.i.e.AbstractTransferListenerAdapter - Downloaded https://repo.maven.apache.org/maven2/org/springframework/batch/spring-batch-bom/5.1.2/spring-batch-bom-5.1.2.pom
2026-09-14 15:36:09,970 [Worker-88: Launching New_configuration] INFO  o.e.m.c.i.e.AbstractTransferListenerAdapter - Downloading https://repo.maven.apache.org/maven2/org/springframework/data/spring-data-bom/2024.0.4/spring-data-bom-2024.0.4.pom
2026-09-14 15:36:09,977 [Worker-88: Launching New_configuration] INFO  o.e.m.c.i.e.AbstractTransferListenerAdapter - Downloaded https://repo.maven.apache.org/maven2/org/springframework/data/spring-data-bom/2024.0.4/spring-data-bom-2024.0.4.pom
2026-09-14 15:36:10,084 [Worker-88: Launching New_configuration] INFO  o.e.m.c.i.e.AbstractTransferListenerAdapter - Downloading https://repo.maven.apache.org/maven2/org/springframework/spring-framework-bom/6.1.13/spring-framework-bom-6.1.13.pom
2026-09-14 15:36:10,096 [Worker-88: Launching New_configuration] INFO  o.e.m.c.i.e.AbstractTransferListenerAdapter - Downloaded https://repo.maven.apache.org/maven2/org/springframework/spring-framework-bom/6.1.13/spring-framework-bom-6.1.13.pom
2026-09-14 15:36:10,291 [Worker-88: Launching New_configuration] INFO  o.e.m.c.i.e.AbstractTransferListenerAdapter - Downloading https://repo.maven.apache.org/maven2/org/springframework/integration/spring-integration-bom/6.3.4/spring-integration-bom-6.3.4.pom
2026-09-14 15:36:10,304 [Worker-88: Launching New_configuration] INFO  o.e.m.c.i.e.AbstractTransferListenerAdapter - Downloaded https://repo.maven.apache.org/maven2/org/springframework/integration/spring-integration-bom/6.3.4/spring-integration-bom-6.3.4.pom
2026-09-14 15:36:10,457 [Worker-88: Launching New_configuration] INFO  o.e.m.c.i.e.AbstractTransferListenerAdapter - Downloading https://repo.maven.apache.org/maven2/org/springframework/pulsar/spring-pulsar-bom/1.1.4/spring-pulsar-bom-1.1.4.pom
2026-09-14 15:36:10,471 [Worker-88: Launching New_configuration] INFO  o.e.m.c.i.e.AbstractTransferListenerAdapter - Downloaded https://repo.maven.apache.org/maven2/org/springframework/pulsar/spring-pulsar-bom/1.1.4/spring-pulsar-bom-1.1.4.pom
2026-09-14 15:36:10,559 [Worker-88: Launching New_configuration] INFO  o.e.m.c.i.e.AbstractTransferListenerAdapter - Downloading https://repo.maven.apache.org/maven2/org/springframework/security/spring-security-bom/6.3.3/spring-security-bom-6.3.3.pom
2026-09-14 15:36:10,570 [Worker-88: Launching New_configuration] INFO  o.e.m.c.i.e.AbstractTransferListenerAdapter - Downloaded https://repo.maven.apache.org/maven2/org/springframework/security/spring-security-bom/6.3.3/spring-security-bom-6.3.3.pom
2026-09-14 15:36:10,718 [Worker-88: Launching New_configuration] INFO  o.e.m.c.i.e.AbstractTransferListenerAdapter - Downloading https://repo.maven.apache.org/maven2/org/springframework/session/spring-session-bom/3.3.2/spring-session-bom-3.3.2.pom
2026-09-14 15:36:10,727 [Worker-88: Launching New_configuration] INFO  o.e.m.c.i.e.AbstractTransferListenerAdapter - Downloaded https://repo.maven.apache.org/maven2/org/springframework/session/spring-session-bom/3.3.2/spring-session-bom-3.3.2.pom
2026-09-14 15:36:10,883 [Worker-88: Launching New_configuration] INFO  o.e.m.c.i.e.AbstractTransferListenerAdapter - Downloading https://repo.maven.apache.org/maven2/org/springframework/ws/spring-ws-bom/4.0.11/spring-ws-bom-4.0.11.pom
2026-09-14 15:36:10,893 [Worker-88: Launching New_configuration] INFO  o.e.m.c.i.e.AbstractTransferListenerAdapter - Downloaded https://repo.maven.apache.org/maven2/org/springframework/ws/spring-ws-bom/4.0.11/spring-ws-bom-4.0.11.pom
2026-09-14 15:36:11,045 [Worker-88: Launching New_configuration] INFO  o.e.m.c.i.e.AbstractTransferListenerAdapter - Downloading https://repo.maven.apache.org/maven2/org/testcontainers/testcontainers-bom/1.19.8/testcontainers-bom-1.19.8.pom
2026-09-14 15:36:11,059 [Worker-88: Launching New_configuration] INFO  o.e.m.c.i.e.AbstractTransferListenerAdapter - Downloaded https://repo.maven.apache.org/maven2/org/testcontainers/testcontainers-bom/1.19.8/testcontainers-bom-1.19.8.pom
2026-09-14 15:36:11,430 [Worker-88: Launching New_configuration] INFO  o.e.m.c.i.e.AbstractTransferListenerAdapter - Downloading https://repo.maven.apache.org/maven2/org/springframework/boot/spring-boot-maven-plugin/3.3.4/spring-boot-maven-plugin-3.3.4.pom
2026-09-14 15:36:11,440 [Worker-88: Launching New_configuration] INFO  o.e.m.c.i.e.AbstractTransferListenerAdapter - Downloaded https://repo.maven.apache.org/maven2/org/springframework/boot/spring-boot-maven-plugin/3.3.4/spring-boot-maven-plugin-3.3.4.pom
2026-09-14 15:36:11,612 [Worker-88: Launching New_configuration] INFO  o.e.m.c.i.e.AbstractTransferListenerAdapter - Downloading https://repo.maven.apache.org/maven2/org/springframework/boot/spring-boot-maven-plugin/3.3.4/spring-boot-maven-plugin-3.3.4.jar
2026-09-14 15:36:11,872 [Worker-88: Launching New_configuration] INFO  o.e.m.c.i.e.AbstractTransferListenerAdapter - Downloaded https://repo.maven.apache.org/maven2/org/springframework/boot/spring-boot-maven-plugin/3.3.4/spring-boot-maven-plugin-3.3.4.jar
2026-09-14 15:36:12,008 [Worker-88: Launching New_configuration] INFO  o.e.m.c.i.e.AbstractTransferListenerAdapter - Downloading https://repo.maven.apache.org/maven2/org/apache/maven/plugins/maven-surefire-plugin/3.2.5/maven-surefire-plugin-3.2.5.jar
2026-09-14 15:36:12,102 [Worker-88: Launching New_configuration] INFO  o.e.m.c.i.e.AbstractTransferListenerAdapter - Downloaded https://repo.maven.apache.org/maven2/org/apache/maven/plugins/maven-surefire-plugin/3.2.5/maven-surefire-plugin-3.2.5.jar
2026-09-14 15:36:12,188 [Worker-88: Launching New_configuration] INFO  o.e.m.c.i.e.AbstractTransferListenerAdapter - Downloading https://repo.maven.apache.org/maven2/org/apache/maven/plugins/maven-jar-plugin/3.4.2/maven-jar-plugin-3.4.2.jar
2026-09-14 15:36:12,271 [Worker-88: Launching New_configuration] INFO  o.e.m.c.i.e.AbstractTransferListenerAdapter - Downloaded https://repo.maven.apache.org/maven2/org/apache/maven/plugins/maven-jar-plugin/3.4.2/maven-jar-plugin-3.4.2.jar
2026-09-14 15:36:12,397 [Worker-88: Launching New_configuration] INFO  o.e.m.c.i.e.AbstractTransferListenerAdapter - Downloading https://repo.maven.apache.org/maven2/org/apache/maven/plugins/maven-install-plugin/3.1.3/maven-install-plugin-3.1.3.jar
2026-09-14 15:36:12,440 [Worker-88: Launching New_configuration] INFO  o.e.m.c.i.e.AbstractTransferListenerAdapter - Downloaded https://repo.maven.apache.org/maven2/org/apache/maven/plugins/maven-install-plugin/3.1.3/maven-install-plugin-3.1.3.jar
2026-09-14 15:36:12,533 [Worker-88: Launching New_configuration] INFO  o.e.m.c.i.e.AbstractTransferListenerAdapter - Downloading https://repo.maven.apache.org/maven2/org/apache/maven/plugins/maven-deploy-plugin/3.1.3/maven-deploy-plugin-3.1.3.jar
2026-09-14 15:36:12,620 [Worker-88: Launching New_configuration] INFO  o.e.m.c.i.e.AbstractTransferListenerAdapter - Downloaded https://repo.maven.apache.org/maven2/org/apache/maven/plugins/maven-deploy-plugin/3.1.3/maven-deploy-plugin-3.1.3.jar
2026-09-14 15:36:12,823 [Worker-88: Launching New_configuration] INFO  o.e.m.c.i.l.LifecycleMappingFactory - Using org.eclipse.m2e.jdt.JarLifecycleMapping lifecycle mapping for MavenProject: com.example:web_2:0.0.1-SNAPSHOT @ C:\Users\andre\eclipse-workspace\proyecto_web2\web_2\bin\pom.xml.
2026-09-14 15:36:12,893 [Worker-88: Launching New_configuration] INFO  o.e.m.c.i.e.AbstractTransferListenerAdapter - Downloading https://repo.maven.apache.org/maven2/org/springframework/boot/spring-boot-starter-web/3.3.4/spring-boot-starter-web-3.3.4.pom
2026-09-14 15:36:12,904 [Worker-88: Launching New_configuration] INFO  o.e.m.c.i.e.AbstractTransferListenerAdapter - Downloaded https://repo.maven.apache.org/maven2/org/springframework/boot/spring-boot-starter-web/3.3.4/spring-boot-starter-web-3.3.4.pom
2026-09-14 15:36:12,996 [Worker-88: Launching New_configuration] INFO  o.e.m.c.i.e.AbstractTransferListenerAdapter - Downloading https://repo.maven.apache.org/maven2/org/springframework/boot/spring-boot-starter/3.3.4/spring-boot-starter-3.3.4.pom
2026-09-14 15:36:13,009 [Worker-88: Launching New_configuration] INFO  o.e.m.c.i.e.AbstractTransferListenerAdapter - Downloaded https://repo.maven.apache.org/maven2/org/springframework/boot/spring-boot-starter/3.3.4/spring-boot-starter-3.3.4.pom
2026-09-14 15:36:13,094 [Worker-88: Launching New_configuration] INFO  o.e.m.c.i.e.AbstractTransferListenerAdapter - Downloading https://repo.maven.apache.org/maven2/org/springframework/boot/spring-boot/3.3.4/spring-boot-3.3.4.pom
2026-09-14 15:36:13,105 [Worker-88: Launching New_configuration] INFO  o.e.m.c.i.e.AbstractTransferListenerAdapter - Downloaded https://repo.maven.apache.org/maven2/org/springframework/boot/spring-boot/3.3.4/spring-boot-3.3.4.pom
2026-09-14 15:36:13,203 [Worker-88: Launching New_configuration] INFO  o.e.m.c.i.e.AbstractTransferListenerAdapter - Downloading https://repo.maven.apache.org/maven2/org/springframework/spring-core/6.1.13/spring-core-6.1.13.pom
2026-09-14 15:36:13,216 [Worker-88: Launching New_configuration] INFO  o.e.m.c.i.e.AbstractTransferListenerAdapter - Downloaded https://repo.maven.apache.org/maven2/org/springframework/spring-core/6.1.13/spring-core-6.1.13.pom
2026-09-14 15:36:13,340 [Worker-88: Launching New_configuration] INFO  o.e.m.c.i.e.AbstractTransferListenerAdapter - Downloading https://repo.maven.apache.org/maven2/org/springframework/spring-jcl/6.1.13/spring-jcl-6.1.13.pom
2026-09-14 15:36:13,356 [Worker-88: Launching New_configuration] INFO  o.e.m.c.i.e.AbstractTransferListenerAdapter - Downloaded https://repo.maven.apache.org/maven2/org/springframework/spring-jcl/6.1.13/spring-jcl-6.1.13.pom
2026-09-14 15:36:13,450 [Worker-88: Launching New_configuration] INFO  o.e.m.c.i.e.AbstractTransferListenerAdapter - Downloading https://repo.maven.apache.org/maven2/org/springframework/spring-context/6.1.13/spring-context-6.1.13.pom
2026-09-14 15:36:13,462 [Worker-88: Launching New_configuration] INFO  o.e.m.c.i.e.AbstractTransferListenerAdapter - Downloaded https://repo.maven.apache.org/maven2/org/springframework/spring-context/6.1.13/spring-context-6.1.13.pom
2026-09-14 15:36:13,609 [Worker-88: Launching New_configuration] INFO  o.e.m.c.i.e.AbstractTransferListenerAdapter - Downloading https://repo.maven.apache.org/maven2/org/springframework/spring-aop/6.1.13/spring-aop-6.1.13.pom
2026-09-14 15:36:13,621 [Worker-88: Launching New_configuration] INFO  o.e.m.c.i.e.AbstractTransferListenerAdapter - Downloaded https://repo.maven.apache.org/maven2/org/springframework/spring-aop/6.1.13/spring-aop-6.1.13.pom
2026-09-14 15:36:13,735 [Worker-88: Launching New_configuration] INFO  o.e.m.c.i.e.AbstractTransferListenerAdapter - Downloading https://repo.maven.apache.org/maven2/org/springframework/spring-beans/6.1.13/spring-beans-6.1.13.pom
2026-09-14 15:36:13,745 [Worker-88: Launching New_configuration] INFO  o.e.m.c.i.e.AbstractTransferListenerAdapter - Downloaded https://repo.maven.apache.org/maven2/org/springframework/spring-beans/6.1.13/spring-beans-6.1.13.pom
2026-09-14 15:36:13,841 [Worker-88: Launching New_configuration] INFO  o.e.m.c.i.e.AbstractTransferListenerAdapter - Downloading https://repo.maven.apache.org/maven2/org/springframework/spring-expression/6.1.13/spring-expression-6.1.13.pom
2026-09-14 15:36:13,852 [Worker-88: Launching New_configuration] INFO  o.e.m.c.i.e.AbstractTransferListenerAdapter - Downloaded https://repo.maven.apache.org/maven2/org/springframework/spring-expression/6.1.13/spring-expression-6.1.13.pom
2026-09-14 15:36:13,949 [Worker-88: Launching New_configuration] INFO  o.e.m.c.i.e.AbstractTransferListenerAdapter - Downloading https://repo.maven.apache.org/maven2/io/micrometer/micrometer-observation/1.13.4/micrometer-observation-1.13.4.pom
2026-09-14 15:36:13,959 [Worker-88: Launching New_configuration] INFO  o.e.m.c.i.e.AbstractTransferListenerAdapter - Downloaded https://repo.maven.apache.org/maven2/io/micrometer/micrometer-observation/1.13.4/micrometer-observation-1.13.4.pom
2026-09-14 15:36:14,074 [Worker-88: Launching New_configuration] INFO  o.e.m.c.i.e.AbstractTransferListenerAdapter - Downloading https://repo.maven.apache.org/maven2/io/micrometer/micrometer-commons/1.13.4/micrometer-commons-1.13.4.pom
2026-09-14 15:36:14,087 [Worker-88: Launching New_configuration] INFO  o.e.m.c.i.e.AbstractTransferListenerAdapter - Downloaded https://repo.maven.apache.org/maven2/io/micrometer/micrometer-commons/1.13.4/micrometer-commons-1.13.4.pom
2026-09-14 15:36:14,175 [Worker-88: Launching New_configuration] INFO  o.e.m.c.i.e.AbstractTransferListenerAdapter - Downloading https://repo.maven.apache.org/maven2/org/springframework/boot/spring-boot-autoconfigure/3.3.4/spring-boot-autoconfigure-3.3.4.pom
2026-09-14 15:36:14,185 [Worker-88: Launching New_configuration] INFO  o.e.m.c.i.e.AbstractTransferListenerAdapter - Downloaded https://repo.maven.apache.org/maven2/org/springframework/boot/spring-boot-autoconfigure/3.3.4/spring-boot-autoconfigure-3.3.4.pom
2026-09-14 15:36:14,275 [Worker-88: Launching New_configuration] INFO  o.e.m.c.i.e.AbstractTransferListenerAdapter - Downloading https://repo.maven.apache.org/maven2/org/springframework/boot/spring-boot-starter-logging/3.3.4/spring-boot-starter-logging-3.3.4.pom
2026-09-14 15:36:14,285 [Worker-88: Launching New_configuration] INFO  o.e.m.c.i.e.AbstractTransferListenerAdapter - Downloaded https://repo.maven.apache.org/maven2/org/springframework/boot/spring-boot-starter-logging/3.3.4/spring-boot-starter-logging-3.3.4.pom
2026-09-14 15:36:14,390 [Worker-88: Launching New_configuration] INFO  o.e.m.c.i.e.AbstractTransferListenerAdapter - Downloading https://repo.maven.apache.org/maven2/ch/qos/logback/logback-classic/1.5.8/logback-classic-1.5.8.pom
2026-09-14 15:36:14,399 [Worker-88: Launching New_configuration] INFO  o.e.m.c.i.e.AbstractTransferListenerAdapter - Downloaded https://repo.maven.apache.org/maven2/ch/qos/logback/logback-classic/1.5.8/logback-classic-1.5.8.pom
2026-09-14 15:36:14,522 [Worker-88: Launching New_configuration] INFO  o.e.m.c.i.e.AbstractTransferListenerAdapter - Downloading https://repo.maven.apache.org/maven2/ch/qos/logback/logback-parent/1.5.8/logback-parent-1.5.8.pom
2026-09-14 15:36:14,535 [Worker-88: Launching New_configuration] INFO  o.e.m.c.i.e.AbstractTransferListenerAdapter - Downloaded https://repo.maven.apache.org/maven2/ch/qos/logback/logback-parent/1.5.8/logback-parent-1.5.8.pom
2026-09-14 15:36:14,613 [Worker-88: Launching New_configuration] INFO  o.e.m.c.i.e.AbstractTransferListenerAdapter - Downloading https://repo.maven.apache.org/maven2/ch/qos/logback/logback-core/1.5.8/logback-core-1.5.8.pom
2026-09-14 15:36:14,625 [Worker-88: Launching New_configuration] INFO  o.e.m.c.i.e.AbstractTransferListenerAdapter - Downloaded https://repo.maven.apache.org/maven2/ch/qos/logback/logback-core/1.5.8/logback-core-1.5.8.pom
2026-09-14 15:36:14,715 [Worker-88: Launching New_configuration] INFO  o.e.m.c.i.e.AbstractTransferListenerAdapter - Downloading https://repo.maven.apache.org/maven2/org/slf4j/slf4j-api/2.0.16/slf4j-api-2.0.16.pom
2026-09-14 15:36:14,724 [Worker-88: Launching New_configuration] INFO  o.e.m.c.i.e.AbstractTransferListenerAdapter - Downloaded https://repo.maven.apache.org/maven2/org/slf4j/slf4j-api/2.0.16/slf4j-api-2.0.16.pom
2026-09-14 15:36:14,799 [Worker-88: Launching New_configuration] INFO  o.e.m.c.i.e.AbstractTransferListenerAdapter - Downloading https://repo.maven.apache.org/maven2/org/slf4j/slf4j-parent/2.0.16/slf4j-parent-2.0.16.pom
2026-09-14 15:36:14,813 [Worker-88: Launching New_configuration] INFO  o.e.m.c.i.e.AbstractTransferListenerAdapter - Downloaded https://repo.maven.apache.org/maven2/org/slf4j/slf4j-parent/2.0.16/slf4j-parent-2.0.16.pom
2026-09-14 15:36:15,240 [Worker-88: Launching New_configuration] INFO  o.e.m.c.i.e.AbstractTransferListenerAdapter - Downloading https://repo.maven.apache.org/maven2/org/slf4j/slf4j-bom/2.0.16/slf4j-bom-2.0.16.pom
2026-09-14 15:36:15,246 [Worker-88: Launching New_configuration] INFO  o.e.m.c.i.e.AbstractTransferListenerAdapter - Downloaded https://repo.maven.apache.org/maven2/org/slf4j/slf4j-bom/2.0.16/slf4j-bom-2.0.16.pom
2026-09-14 15:36:15,333 [Worker-88: Launching New_configuration] INFO  o.e.m.c.i.e.AbstractTransferListenerAdapter - Downloading https://repo.maven.apache.org/maven2/org/apache/logging/log4j/log4j-to-slf4j/2.23.1/log4j-to-slf4j-2.23.1.pom
2026-09-14 15:36:15,343 [Worker-88: Launching New_configuration] INFO  o.e.m.c.i.e.AbstractTransferListenerAdapter - Downloaded https://repo.maven.apache.org/maven2/org/apache/logging/log4j/log4j-to-slf4j/2.23.1/log4j-to-slf4j-2.23.1.pom
2026-09-14 15:36:15,434 [Worker-88: Launching New_configuration] INFO  o.e.m.c.i.e.AbstractTransferListenerAdapter - Downloading https://repo.maven.apache.org/maven2/org/apache/logging/log4j/log4j/2.23.1/log4j-2.23.1.pom
2026-09-14 15:36:15,445 [Worker-88: Launching New_configuration] INFO  o.e.m.c.i.e.AbstractTransferListenerAdapter - Downloaded https://repo.maven.apache.org/maven2/org/apache/logging/log4j/log4j/2.23.1/log4j-2.23.1.pom
2026-09-14 15:36:15,542 [Worker-88: Launching New_configuration] INFO  o.e.m.c.i.e.AbstractTransferListenerAdapter - Downloading https://repo.maven.apache.org/maven2/org/codehaus/groovy/groovy-bom/3.0.21/groovy-bom-3.0.21.pom
2026-09-14 15:36:15,554 [Worker-88: Launching New_configuration] INFO  o.e.m.c.i.e.AbstractTransferListenerAdapter - Downloaded https://repo.maven.apache.org/maven2/org/codehaus/groovy/groovy-bom/3.0.21/groovy-bom-3.0.21.pom
2026-09-14 15:36:15,634 [Worker-88: Launching New_configuration] INFO  o.e.m.c.i.e.AbstractTransferListenerAdapter - Downloading https://repo.maven.apache.org/maven2/com/fasterxml/jackson/jackson-bom/2.16.1/jackson-bom-2.16.1.pom
2026-09-14 15:36:15,645 [Worker-88: Launching New_configuration] INFO  o.e.m.c.i.e.AbstractTransferListenerAdapter - Downloaded https://repo.maven.apache.org/maven2/com/fasterxml/jackson/jackson-bom/2.16.1/jackson-bom-2.16.1.pom
2026-09-14 15:36:15,735 [Worker-88: Launching New_configuration] INFO  o.e.m.c.i.e.AbstractTransferListenerAdapter - Downloading https://repo.maven.apache.org/maven2/com/fasterxml/jackson/jackson-parent/2.16/jackson-parent-2.16.pom
2026-09-14 15:36:15,743 [Worker-88: Launching New_configuration] INFO  o.e.m.c.i.e.AbstractTransferListenerAdapter - Downloaded https://repo.maven.apache.org/maven2/com/fasterxml/jackson/jackson-parent/2.16/jackson-parent-2.16.pom
2026-09-14 15:36:15,817 [Worker-88: Launching New_configuration] INFO  o.e.m.c.i.e.AbstractTransferListenerAdapter - Downloading https://repo.maven.apache.org/maven2/com/fasterxml/oss-parent/56/oss-parent-56.pom
2026-09-14 15:36:15,828 [Worker-88: Launching New_configuration] INFO  o.e.m.c.i.e.AbstractTransferListenerAdapter - Downloaded https://repo.maven.apache.org/maven2/com/fasterxml/oss-parent/56/oss-parent-56.pom
2026-09-14 15:36:15,919 [Worker-88: Launching New_configuration] INFO  o.e.m.c.i.e.AbstractTransferListenerAdapter - Downloading https://repo.maven.apache.org/maven2/org/eclipse/jetty/jetty-bom/9.4.54.v20240208/jetty-bom-9.4.54.v20240208.pom
2026-09-14 15:36:15,930 [Worker-88: Launching New_configuration] INFO  o.e.m.c.i.e.AbstractTransferListenerAdapter - Downloaded https://repo.maven.apache.org/maven2/org/eclipse/jetty/jetty-bom/9.4.54.v20240208/jetty-bom-9.4.54.v20240208.pom
2026-09-14 15:36:16,017 [Worker-88: Launching New_configuration] INFO  o.e.m.c.i.e.AbstractTransferListenerAdapter - Downloading https://repo.maven.apache.org/maven2/io/netty/netty-bom/4.1.107.Final/netty-bom-4.1.107.Final.pom
2026-09-14 15:36:16,028 [Worker-88: Launching New_configuration] INFO  o.e.m.c.i.e.AbstractTransferListenerAdapter - Downloaded https://repo.maven.apache.org/maven2/io/netty/netty-bom/4.1.107.Final/netty-bom-4.1.107.Final.pom
2026-09-14 15:36:16,120 [Worker-88: Launching New_configuration] INFO  o.e.m.c.i.e.AbstractTransferListenerAdapter - Downloading https://repo.maven.apache.org/maven2/org/springframework/spring-framework-bom/5.3.32/spring-framework-bom-5.3.32.pom
2026-09-14 15:36:16,129 [Worker-88: Launching New_configuration] INFO  o.e.m.c.i.e.AbstractTransferListenerAdapter - Downloaded https://repo.maven.apache.org/maven2/org/springframework/spring-framework-bom/5.3.32/spring-framework-bom-5.3.32.pom
2026-09-14 15:36:16,263 [Worker-88: Launching New_configuration] INFO  o.e.m.c.i.e.AbstractTransferListenerAdapter - Downloading https://repo.maven.apache.org/maven2/org/apache/logging/log4j/log4j-api/2.23.1/log4j-api-2.23.1.pom
2026-09-14 15:36:16,275 [Worker-88: Launching New_configuration] INFO  o.e.m.c.i.e.AbstractTransferListenerAdapter - Downloaded https://repo.maven.apache.org/maven2/org/apache/logging/log4j/log4j-api/2.23.1/log4j-api-2.23.1.pom
2026-09-14 15:36:16,395 [Worker-88: Launching New_configuration] INFO  o.e.m.c.i.e.AbstractTransferListenerAdapter - Downloading https://repo.maven.apache.org/maven2/org/slf4j/jul-to-slf4j/2.0.16/jul-to-slf4j-2.0.16.pom
2026-09-14 15:36:16,404 [Worker-88: Launching New_configuration] INFO  o.e.m.c.i.e.AbstractTransferListenerAdapter - Downloaded https://repo.maven.apache.org/maven2/org/slf4j/jul-to-slf4j/2.0.16/jul-to-slf4j-2.0.16.pom
2026-09-14 15:36:16,504 [Worker-88: Launching New_configuration] INFO  o.e.m.c.i.e.AbstractTransferListenerAdapter - Downloading https://repo.maven.apache.org/maven2/org/springframework/boot/spring-boot-starter-json/3.3.4/spring-boot-starter-json-3.3.4.pom
2026-09-14 15:36:16,515 [Worker-88: Launching New_configuration] INFO  o.e.m.c.i.e.AbstractTransferListenerAdapter - Downloaded https://repo.maven.apache.org/maven2/org/springframework/boot/spring-boot-starter-json/3.3.4/spring-boot-starter-json-3.3.4.pom
2026-09-14 15:36:16,585 [Worker-88: Launching New_configuration] INFO  o.e.m.c.i.e.AbstractTransferListenerAdapter - Downloading https://repo.maven.apache.org/maven2/org/springframework/spring-web/6.1.13/spring-web-6.1.13.pom
2026-09-14 15:36:16,593 [Worker-88: Launching New_configuration] INFO  o.e.m.c.i.e.AbstractTransferListenerAdapter - Downloaded https://repo.maven.apache.org/maven2/org/springframework/spring-web/6.1.13/spring-web-6.1.13.pom
2026-09-14 15:36:16,677 [Worker-88: Launching New_configuration] INFO  o.e.m.c.i.e.AbstractTransferListenerAdapter - Downloading https://repo.maven.apache.org/maven2/com/fasterxml/jackson/core/jackson-databind/2.17.2/jackson-databind-2.17.2.pom
2026-09-14 15:36:16,686 [Worker-88: Launching New_configuration] INFO  o.e.m.c.i.e.AbstractTransferListenerAdapter - Downloaded https://repo.maven.apache.org/maven2/com/fasterxml/jackson/core/jackson-databind/2.17.2/jackson-databind-2.17.2.pom
2026-09-14 15:36:16,771 [Worker-88: Launching New_configuration] INFO  o.e.m.c.i.e.AbstractTransferListenerAdapter - Downloading https://repo.maven.apache.org/maven2/com/fasterxml/jackson/jackson-base/2.17.2/jackson-base-2.17.2.pom
2026-09-14 15:36:16,780 [Worker-88: Launching New_configuration] INFO  o.e.m.c.i.e.AbstractTransferListenerAdapter - Downloaded https://repo.maven.apache.org/maven2/com/fasterxml/jackson/jackson-base/2.17.2/jackson-base-2.17.2.pom
2026-09-14 15:36:16,859 [Worker-88: Launching New_configuration] INFO  o.e.m.c.i.e.AbstractTransferListenerAdapter - Downloading https://repo.maven.apache.org/maven2/com/fasterxml/jackson/core/jackson-annotations/2.17.2/jackson-annotations-2.17.2.pom
2026-09-14 15:36:16,870 [Worker-88: Launching New_configuration] INFO  o.e.m.c.i.e.AbstractTransferListenerAdapter - Downloaded https://repo.maven.apache.org/maven2/com/fasterxml/jackson/core/jackson-annotations/2.17.2/jackson-annotations-2.17.2.pom
2026-09-14 15:36:16,953 [Worker-88: Launching New_configuration] INFO  o.e.m.c.i.e.AbstractTransferListenerAdapter - Downloading https://repo.maven.apache.org/maven2/com/fasterxml/jackson/core/jackson-core/2.17.2/jackson-core-2.17.2.pom
2026-09-14 15:36:16,963 [Worker-88: Launching New_configuration] INFO  o.e.m.c.i.e.AbstractTransferListenerAdapter - Downloaded https://repo.maven.apache.org/maven2/com/fasterxml/jackson/core/jackson-core/2.17.2/jackson-core-2.17.2.pom
2026-09-14 15:36:17,040 [Worker-88: Launching New_configuration] INFO  o.e.m.c.i.e.AbstractTransferListenerAdapter - Downloading https://repo.maven.apache.org/maven2/com/fasterxml/jackson/datatype/jackson-datatype-jdk8/2.17.2/jackson-datatype-jdk8-2.17.2.pom
2026-09-14 15:36:17,049 [Worker-88: Launching New_configuration] INFO  o.e.m.c.i.e.AbstractTransferListenerAdapter - Downloaded https://repo.maven.apache.org/maven2/com/fasterxml/jackson/datatype/jackson-datatype-jdk8/2.17.2/jackson-datatype-jdk8-2.17.2.pom
2026-09-14 15:36:17,138 [Worker-88: Launching New_configuration] INFO  o.e.m.c.i.e.AbstractTransferListenerAdapter - Downloading https://repo.maven.apache.org/maven2/com/fasterxml/jackson/module/jackson-modules-java8/2.17.2/jackson-modules-java8-2.17.2.pom
2026-09-14 15:36:17,145 [Worker-88: Launching New_configuration] INFO  o.e.m.c.i.e.AbstractTransferListenerAdapter - Downloaded https://repo.maven.apache.org/maven2/com/fasterxml/jackson/module/jackson-modules-java8/2.17.2/jackson-modules-java8-2.17.2.pom
2026-09-14 15:36:17,243 [Worker-88: Launching New_configuration] INFO  o.e.m.c.i.e.AbstractTransferListenerAdapter - Downloading https://repo.maven.apache.org/maven2/com/fasterxml/jackson/datatype/jackson-datatype-jsr310/2.17.2/jackson-datatype-jsr310-2.17.2.pom
2026-09-14 15:36:17,254 [Worker-88: Launching New_configuration] INFO  o.e.m.c.i.e.AbstractTransferListenerAdapter - Downloaded https://repo.maven.apache.org/maven2/com/fasterxml/jackson/datatype/jackson-datatype-jsr310/2.17.2/jackson-datatype-jsr310-2.17.2.pom
2026-09-14 15:36:17,359 [Worker-88: Launching New_configuration] INFO  o.e.m.c.i.e.AbstractTransferListenerAdapter - Downloading https://repo.maven.apache.org/maven2/com/fasterxml/jackson/module/jackson-module-parameter-names/2.17.2/jackson-module-parameter-names-2.17.2.pom
2026-09-14 15:36:17,369 [Worker-88: Launching New_configuration] INFO  o.e.m.c.i.e.AbstractTransferListenerAdapter - Downloaded https://repo.maven.apache.org/maven2/com/fasterxml/jackson/module/jackson-module-parameter-names/2.17.2/jackson-module-parameter-names-2.17.2.pom
2026-09-14 15:36:17,450 [Worker-88: Launching New_configuration] INFO  o.e.m.c.i.e.AbstractTransferListenerAdapter - Downloading https://repo.maven.apache.org/maven2/org/springframework/boot/spring-boot-starter-tomcat/3.3.4/spring-boot-starter-tomcat-3.3.4.pom
2026-09-14 15:36:17,455 [Worker-88: Launching New_configuration] INFO  o.e.m.c.i.e.AbstractTransferListenerAdapter - Downloaded https://repo.maven.apache.org/maven2/org/springframework/boot/spring-boot-starter-tomcat/3.3.4/spring-boot-starter-tomcat-3.3.4.pom
2026-09-14 15:36:17,545 [Worker-88: Launching New_configuration] INFO  o.e.m.c.i.e.AbstractTransferListenerAdapter - Downloading https://repo.maven.apache.org/maven2/org/apache/tomcat/embed/tomcat-embed-core/10.1.30/tomcat-embed-core-10.1.30.pom
2026-09-14 15:36:17,551 [Worker-88: Launching New_configuration] INFO  o.e.m.c.i.e.AbstractTransferListenerAdapter - Downloaded https://repo.maven.apache.org/maven2/org/apache/tomcat/embed/tomcat-embed-core/10.1.30/tomcat-embed-core-10.1.30.pom
2026-09-14 15:36:17,623 [Worker-88: Launching New_configuration] INFO  o.e.m.c.i.e.AbstractTransferListenerAdapter - Downloading https://repo.maven.apache.org/maven2/org/apache/tomcat/embed/tomcat-embed-el/10.1.30/tomcat-embed-el-10.1.30.pom
2026-09-14 15:36:17,635 [Worker-88: Launching New_configuration] INFO  o.e.m.c.i.e.AbstractTransferListenerAdapter - Downloaded https://repo.maven.apache.org/maven2/org/apache/tomcat/embed/tomcat-embed-el/10.1.30/tomcat-embed-el-10.1.30.pom
2026-09-14 15:36:17,707 [Worker-88: Launching New_configuration] INFO  o.e.m.c.i.e.AbstractTransferListenerAdapter - Downloading https://repo.maven.apache.org/maven2/org/apache/tomcat/embed/tomcat-embed-websocket/10.1.30/tomcat-embed-websocket-10.1.30.pom
2026-09-14 15:36:17,719 [Worker-88: Launching New_configuration] INFO  o.e.m.c.i.e.AbstractTransferListenerAdapter - Downloaded https://repo.maven.apache.org/maven2/org/apache/tomcat/embed/tomcat-embed-websocket/10.1.30/tomcat-embed-websocket-10.1.30.pom
2026-09-14 15:36:17,789 [Worker-88: Launching New_configuration] INFO  o.e.m.c.i.e.AbstractTransferListenerAdapter - Downloading https://repo.maven.apache.org/maven2/org/springframework/spring-webmvc/6.1.13/spring-webmvc-6.1.13.pom
2026-09-14 15:36:17,798 [Worker-88: Launching New_configuration] INFO  o.e.m.c.i.e.AbstractTransferListenerAdapter - Downloaded https://repo.maven.apache.org/maven2/org/springframework/spring-webmvc/6.1.13/spring-webmvc-6.1.13.pom
2026-09-14 15:36:17,875 [Worker-88: Launching New_configuration] INFO  o.e.m.c.i.e.AbstractTransferListenerAdapter - Downloading https://repo.maven.apache.org/maven2/org/springframework/boot/spring-boot-starter-data-jpa/3.3.4/spring-boot-starter-data-jpa-3.3.4.pom
2026-09-14 15:36:17,884 [Worker-88: Launching New_configuration] INFO  o.e.m.c.i.e.AbstractTransferListenerAdapter - Downloaded https://repo.maven.apache.org/maven2/org/springframework/boot/spring-boot-starter-data-jpa/3.3.4/spring-boot-starter-data-jpa-3.3.4.pom
2026-09-14 15:36:17,965 [Worker-88: Launching New_configuration] INFO  o.e.m.c.i.e.AbstractTransferListenerAdapter - Downloading https://repo.maven.apache.org/maven2/org/springframework/boot/spring-boot-starter-aop/3.3.4/spring-boot-starter-aop-3.3.4.pom
2026-09-14 15:36:17,977 [Worker-88: Launching New_configuration] INFO  o.e.m.c.i.e.AbstractTransferListenerAdapter - Downloaded https://repo.maven.apache.org/maven2/org/springframework/boot/spring-boot-starter-aop/3.3.4/spring-boot-starter-aop-3.3.4.pom
2026-09-14 15:36:18,054 [Worker-88: Launching New_configuration] INFO  o.e.m.c.i.e.AbstractTransferListenerAdapter - Downloading https://repo.maven.apache.org/maven2/org/aspectj/aspectjweaver/1.9.22.1/aspectjweaver-1.9.22.1.pom
2026-09-14 15:36:18,064 [Worker-88: Launching New_configuration] INFO  o.e.m.c.i.e.AbstractTransferListenerAdapter - Downloaded https://repo.maven.apache.org/maven2/org/aspectj/aspectjweaver/1.9.22.1/aspectjweaver-1.9.22.1.pom
2026-09-14 15:36:18,139 [Worker-88: Launching New_configuration] INFO  o.e.m.c.i.e.AbstractTransferListenerAdapter - Downloading https://repo.maven.apache.org/maven2/org/springframework/boot/spring-boot-starter-jdbc/3.3.4/spring-boot-starter-jdbc-3.3.4.pom
2026-09-14 15:36:18,150 [Worker-88: Launching New_configuration] INFO  o.e.m.c.i.e.AbstractTransferListenerAdapter - Downloaded https://repo.maven.apache.org/maven2/org/springframework/boot/spring-boot-starter-jdbc/3.3.4/spring-boot-starter-jdbc-3.3.4.pom
2026-09-14 15:36:18,224 [Worker-88: Launching New_configuration] INFO  o.e.m.c.i.e.AbstractTransferListenerAdapter - Downloading https://repo.maven.apache.org/maven2/com/zaxxer/HikariCP/5.1.0/HikariCP-5.1.0.pom
2026-09-14 15:36:18,235 [Worker-88: Launching New_configuration] INFO  o.e.m.c.i.e.AbstractTransferListenerAdapter - Downloaded https://repo.maven.apache.org/maven2/com/zaxxer/HikariCP/5.1.0/HikariCP-5.1.0.pom
2026-09-14 15:36:18,308 [Worker-88: Launching New_configuration] INFO  o.e.m.c.i.e.AbstractTransferListenerAdapter - Downloading https://repo.maven.apache.org/maven2/org/springframework/spring-jdbc/6.1.13/spring-jdbc-6.1.13.pom
2026-09-14 15:36:18,319 [Worker-88: Launching New_configuration] INFO  o.e.m.c.i.e.AbstractTransferListenerAdapter - Downloaded https://repo.maven.apache.org/maven2/org/springframework/spring-jdbc/6.1.13/spring-jdbc-6.1.13.pom
2026-09-14 15:36:18,409 [Worker-88: Launching New_configuration] INFO  o.e.m.c.i.e.AbstractTransferListenerAdapter - Downloading https://repo.maven.apache.org/maven2/org/springframework/spring-tx/6.1.13/spring-tx-6.1.13.pom
2026-09-14 15:36:18,422 [Worker-88: Launching New_configuration] INFO  o.e.m.c.i.e.AbstractTransferListenerAdapter - Downloaded https://repo.maven.apache.org/maven2/org/springframework/spring-tx/6.1.13/spring-tx-6.1.13.pom
2026-09-14 15:36:18,507 [Worker-88: Launching New_configuration] INFO  o.e.m.c.i.e.AbstractTransferListenerAdapter - Downloading https://repo.maven.apache.org/maven2/org/hibernate/orm/hibernate-core/6.5.3.Final/hibernate-core-6.5.3.Final.pom
2026-09-14 15:36:18,517 [Worker-88: Launching New_configuration] INFO  o.e.m.c.i.e.AbstractTransferListenerAdapter - Downloaded https://repo.maven.apache.org/maven2/org/hibernate/orm/hibernate-core/6.5.3.Final/hibernate-core-6.5.3.Final.pom
2026-09-14 15:36:18,626 [Worker-88: Launching New_configuration] INFO  o.e.m.c.i.e.AbstractTransferListenerAdapter - Downloading https://repo.maven.apache.org/maven2/com/fasterxml/classmate/1.7.0/classmate-1.7.0.pom
2026-09-14 15:36:18,636 [Worker-88: Launching New_configuration] INFO  o.e.m.c.i.e.AbstractTransferListenerAdapter - Downloaded https://repo.maven.apache.org/maven2/com/fasterxml/classmate/1.7.0/classmate-1.7.0.pom
2026-09-14 15:36:18,704 [Worker-88: Launching New_configuration] INFO  o.e.m.c.i.e.AbstractTransferListenerAdapter - Downloading https://repo.maven.apache.org/maven2/net/bytebuddy/byte-buddy/1.14.19/byte-buddy-1.14.19.pom
2026-09-14 15:36:18,713 [Worker-88: Launching New_configuration] INFO  o.e.m.c.i.e.AbstractTransferListenerAdapter - Downloaded https://repo.maven.apache.org/maven2/net/bytebuddy/byte-buddy/1.14.19/byte-buddy-1.14.19.pom
2026-09-14 15:36:18,809 [Worker-88: Launching New_configuration] INFO  o.e.m.c.i.e.AbstractTransferListenerAdapter - Downloading https://repo.maven.apache.org/maven2/net/bytebuddy/byte-buddy-parent/1.14.19/byte-buddy-parent-1.14.19.pom
2026-09-14 15:36:18,820 [Worker-88: Launching New_configuration] INFO  o.e.m.c.i.e.AbstractTransferListenerAdapter - Downloaded https://repo.maven.apache.org/maven2/net/bytebuddy/byte-buddy-parent/1.14.19/byte-buddy-parent-1.14.19.pom
2026-09-14 15:36:18,939 [Worker-88: Launching New_configuration] INFO  o.e.m.c.i.e.AbstractTransferListenerAdapter - Downloading https://repo.maven.apache.org/maven2/org/springframework/data/spring-data-jpa/3.3.4/spring-data-jpa-3.3.4.pom
2026-09-14 15:36:18,949 [Worker-88: Launching New_configuration] INFO  o.e.m.c.i.e.AbstractTransferListenerAdapter - Downloaded https://repo.maven.apache.org/maven2/org/springframework/data/spring-data-jpa/3.3.4/spring-data-jpa-3.3.4.pom
2026-09-14 15:36:19,022 [Worker-88: Launching New_configuration] INFO  o.e.m.c.i.e.AbstractTransferListenerAdapter - Downloading https://repo.maven.apache.org/maven2/org/springframework/data/spring-data-jpa-parent/3.3.4/spring-data-jpa-parent-3.3.4.pom
2026-09-14 15:36:19,033 [Worker-88: Launching New_configuration] INFO  o.e.m.c.i.e.AbstractTransferListenerAdapter - Downloaded https://repo.maven.apache.org/maven2/org/springframework/data/spring-data-jpa-parent/3.3.4/spring-data-jpa-parent-3.3.4.pom
2026-09-14 15:36:19,131 [Worker-88: Launching New_configuration] INFO  o.e.m.c.i.e.AbstractTransferListenerAdapter - Downloading https://repo.maven.apache.org/maven2/org/springframework/data/build/spring-data-parent/3.3.4/spring-data-parent-3.3.4.pom
2026-09-14 15:36:19,144 [Worker-88: Launching New_configuration] INFO  o.e.m.c.i.e.AbstractTransferListenerAdapter - Downloaded https://repo.maven.apache.org/maven2/org/springframework/data/build/spring-data-parent/3.3.4/spring-data-parent-3.3.4.pom
2026-09-14 15:36:19,247 [Worker-88: Launching New_configuration] INFO  o.e.m.c.i.e.AbstractTransferListenerAdapter - Downloading https://repo.maven.apache.org/maven2/org/springframework/data/build/spring-data-build/3.3.4/spring-data-build-3.3.4.pom
2026-09-14 15:36:19,257 [Worker-88: Launching New_configuration] INFO  o.e.m.c.i.e.AbstractTransferListenerAdapter - Downloaded https://repo.maven.apache.org/maven2/org/springframework/data/build/spring-data-build/3.3.4/spring-data-build-3.3.4.pom
2026-09-14 15:36:19,349 [Worker-88: Launching New_configuration] INFO  o.e.m.c.i.e.AbstractTransferListenerAdapter - Downloading https://repo.maven.apache.org/maven2/org/springframework/data/spring-data-commons/3.3.4/spring-data-commons-3.3.4.pom
2026-09-14 15:36:19,357 [Worker-88: Launching New_configuration] INFO  o.e.m.c.i.e.AbstractTransferListenerAdapter - Downloaded https://repo.maven.apache.org/maven2/org/springframework/data/spring-data-commons/3.3.4/spring-data-commons-3.3.4.pom
2026-09-14 15:36:19,441 [Worker-88: Launching New_configuration] INFO  o.e.m.c.i.e.AbstractTransferListenerAdapter - Downloading https://repo.maven.apache.org/maven2/org/springframework/spring-orm/6.1.13/spring-orm-6.1.13.pom
2026-09-14 15:36:19,450 [Worker-88: Launching New_configuration] INFO  o.e.m.c.i.e.AbstractTransferListenerAdapter - Downloaded https://repo.maven.apache.org/maven2/org/springframework/spring-orm/6.1.13/spring-orm-6.1.13.pom
2026-09-14 15:36:19,553 [Worker-88: Launching New_configuration] INFO  o.e.m.c.i.e.AbstractTransferListenerAdapter - Downloading https://repo.maven.apache.org/maven2/org/springframework/spring-aspects/6.1.13/spring-aspects-6.1.13.pom
2026-09-14 15:36:19,564 [Worker-88: Launching New_configuration] INFO  o.e.m.c.i.e.AbstractTransferListenerAdapter - Downloaded https://repo.maven.apache.org/maven2/org/springframework/spring-aspects/6.1.13/spring-aspects-6.1.13.pom
2026-09-14 15:36:19,663 [Worker-88: Launching New_configuration] INFO  o.e.m.c.i.e.AbstractTransferListenerAdapter - Downloading https://repo.maven.apache.org/maven2/org/projectlombok/lombok/1.18.34/lombok-1.18.34.pom
2026-09-14 15:36:19,674 [Worker-88: Launching New_configuration] INFO  o.e.m.c.i.e.AbstractTransferListenerAdapter - Downloaded https://repo.maven.apache.org/maven2/org/projectlombok/lombok/1.18.34/lombok-1.18.34.pom
2026-09-14 15:36:19,755 [Worker-88: Launching New_configuration] INFO  o.e.m.c.i.e.AbstractTransferListenerAdapter - Downloading https://repo.maven.apache.org/maven2/org/springframework/boot/spring-boot-starter-test/3.3.4/spring-boot-starter-test-3.3.4.pom
2026-09-14 15:36:19,761 [Worker-88: Launching New_configuration] INFO  o.e.m.c.i.e.AbstractTransferListenerAdapter - Downloaded https://repo.maven.apache.org/maven2/org/springframework/boot/spring-boot-starter-test/3.3.4/spring-boot-starter-test-3.3.4.pom
2026-09-14 15:36:19,853 [Worker-88: Launching New_configuration] INFO  o.e.m.c.i.e.AbstractTransferListenerAdapter - Downloading https://repo.maven.apache.org/maven2/org/springframework/boot/spring-boot-test/3.3.4/spring-boot-test-3.3.4.pom
2026-09-14 15:36:19,861 [Worker-88: Launching New_configuration] INFO  o.e.m.c.i.e.AbstractTransferListenerAdapter - Downloaded https://repo.maven.apache.org/maven2/org/springframework/boot/spring-boot-test/3.3.4/spring-boot-test-3.3.4.pom
2026-09-14 15:36:19,972 [Worker-88: Launching New_configuration] INFO  o.e.m.c.i.e.AbstractTransferListenerAdapter - Downloading https://repo.maven.apache.org/maven2/org/springframework/spring-test/6.1.13/spring-test-6.1.13.pom
2026-09-14 15:36:19,983 [Worker-88: Launching New_configuration] INFO  o.e.m.c.i.e.AbstractTransferListenerAdapter - Downloaded https://repo.maven.apache.org/maven2/org/springframework/spring-test/6.1.13/spring-test-6.1.13.pom
2026-09-14 15:36:20,090 [Worker-88: Launching New_configuration] INFO  o.e.m.c.i.e.AbstractTransferListenerAdapter - Downloading https://repo.maven.apache.org/maven2/org/springframework/boot/spring-boot-test-autoconfigure/3.3.4/spring-boot-test-autoconfigure-3.3.4.pom
2026-09-14 15:36:20,101 [Worker-88: Launching New_configuration] INFO  o.e.m.c.i.e.AbstractTransferListenerAdapter - Downloaded https://repo.maven.apache.org/maven2/org/springframework/boot/spring-boot-test-autoconfigure/3.3.4/spring-boot-test-autoconfigure-3.3.4.pom
2026-09-14 15:36:20,213 [Worker-88: Launching New_configuration] INFO  o.e.m.c.i.e.AbstractTransferListenerAdapter - Downloading https://repo.maven.apache.org/maven2/org/assertj/assertj-core/3.25.3/assertj-core-3.25.3.pom
2026-09-14 15:36:20,222 [Worker-88: Launching New_configuration] INFO  o.e.m.c.i.e.AbstractTransferListenerAdapter - Downloaded https://repo.maven.apache.org/maven2/org/assertj/assertj-core/3.25.3/assertj-core-3.25.3.pom
2026-09-14 15:36:20,311 [Worker-88: Launching New_configuration] INFO  o.e.m.c.i.e.AbstractTransferListenerAdapter - Downloading https://repo.maven.apache.org/maven2/org/awaitility/awaitility/4.2.2/awaitility-4.2.2.pom
2026-09-14 15:36:20,323 [Worker-88: Launching New_configuration] INFO  o.e.m.c.i.e.AbstractTransferListenerAdapter - Downloaded https://repo.maven.apache.org/maven2/org/awaitility/awaitility/4.2.2/awaitility-4.2.2.pom
2026-09-14 15:36:20,450 [Worker-88: Launching New_configuration] INFO  o.e.m.c.i.e.AbstractTransferListenerAdapter - Downloading https://repo.maven.apache.org/maven2/org/awaitility/awaitility-parent/4.2.2/awaitility-parent-4.2.2.pom
2026-09-14 15:36:20,459 [Worker-88: Launching New_configuration] INFO  o.e.m.c.i.e.AbstractTransferListenerAdapter - Downloaded https://repo.maven.apache.org/maven2/org/awaitility/awaitility-parent/4.2.2/awaitility-parent-4.2.2.pom
2026-09-14 15:36:20,549 [Worker-88: Launching New_configuration] INFO  o.e.m.c.i.e.AbstractTransferListenerAdapter - Downloading https://repo.maven.apache.org/maven2/org/junit/jupiter/junit-jupiter/5.10.3/junit-jupiter-5.10.3.pom
2026-09-14 15:36:20,557 [Worker-88: Launching New_configuration] INFO  o.e.m.c.i.e.AbstractTransferListenerAdapter - Downloaded https://repo.maven.apache.org/maven2/org/junit/jupiter/junit-jupiter/5.10.3/junit-jupiter-5.10.3.pom
2026-09-14 15:36:20,644 [Worker-88: Launching New_configuration] INFO  o.e.m.c.i.e.AbstractTransferListenerAdapter - Downloading https://repo.maven.apache.org/maven2/org/junit/jupiter/junit-jupiter-api/5.10.3/junit-jupiter-api-5.10.3.pom
2026-09-14 15:36:20,650 [Worker-88: Launching New_configuration] INFO  o.e.m.c.i.e.AbstractTransferListenerAdapter - Downloaded https://repo.maven.apache.org/maven2/org/junit/jupiter/junit-jupiter-api/5.10.3/junit-jupiter-api-5.10.3.pom
2026-09-14 15:36:20,738 [Worker-88: Launching New_configuration] INFO  o.e.m.c.i.e.AbstractTransferListenerAdapter - Downloading https://repo.maven.apache.org/maven2/org/junit/platform/junit-platform-commons/1.10.3/junit-platform-commons-1.10.3.pom
2026-09-14 15:36:20,746 [Worker-88: Launching New_configuration] INFO  o.e.m.c.i.e.AbstractTransferListenerAdapter - Downloaded https://repo.maven.apache.org/maven2/org/junit/platform/junit-platform-commons/1.10.3/junit-platform-commons-1.10.3.pom
2026-09-14 15:36:20,839 [Worker-88: Launching New_configuration] INFO  o.e.m.c.i.e.AbstractTransferListenerAdapter - Downloading https://repo.maven.apache.org/maven2/org/junit/jupiter/junit-jupiter-params/5.10.3/junit-jupiter-params-5.10.3.pom
2026-09-14 15:36:20,851 [Worker-88: Launching New_configuration] INFO  o.e.m.c.i.e.AbstractTransferListenerAdapter - Downloaded https://repo.maven.apache.org/maven2/org/junit/jupiter/junit-jupiter-params/5.10.3/junit-jupiter-params-5.10.3.pom
2026-09-14 15:36:20,954 [Worker-88: Launching New_configuration] INFO  o.e.m.c.i.e.AbstractTransferListenerAdapter - Downloading https://repo.maven.apache.org/maven2/org/junit/jupiter/junit-jupiter-engine/5.10.3/junit-jupiter-engine-5.10.3.pom
2026-09-14 15:36:20,962 [Worker-88: Launching New_configuration] INFO  o.e.m.c.i.e.AbstractTransferListenerAdapter - Downloaded https://repo.maven.apache.org/maven2/org/junit/jupiter/junit-jupiter-engine/5.10.3/junit-jupiter-engine-5.10.3.pom
2026-09-14 15:36:21,058 [Worker-88: Launching New_configuration] INFO  o.e.m.c.i.e.AbstractTransferListenerAdapter - Downloading https://repo.maven.apache.org/maven2/org/junit/platform/junit-platform-engine/1.10.3/junit-platform-engine-1.10.3.pom
2026-09-14 15:36:21,065 [Worker-88: Launching New_configuration] INFO  o.e.m.c.i.e.AbstractTransferListenerAdapter - Downloaded https://repo.maven.apache.org/maven2/org/junit/platform/junit-platform-engine/1.10.3/junit-platform-engine-1.10.3.pom
2026-09-14 15:36:21,157 [Worker-88: Launching New_configuration] INFO  o.e.m.c.i.e.AbstractTransferListenerAdapter - Downloading https://repo.maven.apache.org/maven2/org/mockito/mockito-core/5.11.0/mockito-core-5.11.0.pom
2026-09-14 15:36:21,166 [Worker-88: Launching New_configuration] INFO  o.e.m.c.i.e.AbstractTransferListenerAdapter - Downloaded https://repo.maven.apache.org/maven2/org/mockito/mockito-core/5.11.0/mockito-core-5.11.0.pom
2026-09-14 15:36:21,311 [Worker-88: Launching New_configuration] INFO  o.e.m.c.i.e.AbstractTransferListenerAdapter - Downloading https://repo.maven.apache.org/maven2/net/bytebuddy/byte-buddy-agent/1.14.19/byte-buddy-agent-1.14.19.pom
2026-09-14 15:36:21,320 [Worker-88: Launching New_configuration] INFO  o.e.m.c.i.e.AbstractTransferListenerAdapter - Downloaded https://repo.maven.apache.org/maven2/net/bytebuddy/byte-buddy-agent/1.14.19/byte-buddy-agent-1.14.19.pom
2026-09-14 15:36:21,483 [Worker-88: Launching New_configuration] INFO  o.e.m.c.i.e.AbstractTransferListenerAdapter - Downloading https://repo.maven.apache.org/maven2/org/mockito/mockito-junit-jupiter/5.11.0/mockito-junit-jupiter-5.11.0.pom
2026-09-14 15:36:21,492 [Worker-88: Launching New_configuration] INFO  o.e.m.c.i.e.AbstractTransferListenerAdapter - Downloaded https://repo.maven.apache.org/maven2/org/mockito/mockito-junit-jupiter/5.11.0/mockito-junit-jupiter-5.11.0.pom
2026-09-14 15:36:21,512 [Worker-88: Launching New_configuration] WARN  o.e.m.c.i.embedder.EclipseLogger - The artifact mysql:mysql-connector-java:jar:8.0.33 has been relocated to com.mysql:mysql-connector-j:jar:8.0.33: MySQL Connector/J artifacts moved to reverse-DNS compliant Maven 2+ coordinates.
2026-09-14 15:36:21,652 [Worker-88: Launching New_configuration] INFO  o.e.m.c.i.e.AbstractTransferListenerAdapter - Downloading https://repo.maven.apache.org/maven2/org/springframework/boot/spring-boot-starter-web/3.3.4/spring-boot-starter-web-3.3.4.jar
2026-09-14 15:36:21,656 [Worker-88: Launching New_configuration] INFO  o.e.m.c.i.e.AbstractTransferListenerAdapter - Downloaded https://repo.maven.apache.org/maven2/org/springframework/boot/spring-boot-starter-web/3.3.4/spring-boot-starter-web-3.3.4.jar
2026-09-14 15:36:21,730 [BasicRepositoryConnector-repo.maven.apache.org-7-0] INFO  o.e.m.c.i.e.AbstractTransferListenerAdapter - Downloading https://repo.maven.apache.org/maven2/org/springframework/boot/spring-boot-starter/3.3.4/spring-boot-starter-3.3.4.jar
2026-09-14 15:36:21,741 [BasicRepositoryConnector-repo.maven.apache.org-7-0] INFO  o.e.m.c.i.e.AbstractTransferListenerAdapter - Downloaded https://repo.maven.apache.org/maven2/org/springframework/boot/spring-boot-starter/3.3.4/spring-boot-starter-3.3.4.jar
2026-09-14 15:36:21,824 [BasicRepositoryConnector-repo.maven.apache.org-7-1] INFO  o.e.m.c.i.e.AbstractTransferListenerAdapter - Downloading https://repo.maven.apache.org/maven2/org/springframework/boot/spring-boot/3.3.4/spring-boot-3.3.4.jar
2026-09-14 15:36:21,835 [BasicRepositoryConnector-repo.maven.apache.org-7-3] INFO  o.e.m.c.i.e.AbstractTransferListenerAdapter - Downloading https://repo.maven.apache.org/maven2/org/springframework/boot/spring-boot-starter-logging/3.3.4/spring-boot-starter-logging-3.3.4.jar
2026-09-14 15:36:21,845 [BasicRepositoryConnector-repo.maven.apache.org-7-2] INFO  o.e.m.c.i.e.AbstractTransferListenerAdapter - Downloading https://repo.maven.apache.org/maven2/org/springframework/boot/spring-boot-autoconfigure/3.3.4/spring-boot-autoconfigure-3.3.4.jar
2026-09-14 15:36:21,847 [BasicRepositoryConnector-repo.maven.apache.org-7-3] INFO  o.e.m.c.i.e.AbstractTransferListenerAdapter - Downloaded https://repo.maven.apache.org/maven2/org/springframework/boot/spring-boot-starter-logging/3.3.4/spring-boot-starter-logging-3.3.4.jar
2026-09-14 15:36:21,852 [BasicRepositoryConnector-repo.maven.apache.org-7-4] INFO  o.e.m.c.i.e.AbstractTransferListenerAdapter - Downloading https://repo.maven.apache.org/maven2/ch/qos/logback/logback-classic/1.5.8/logback-classic-1.5.8.jar
2026-09-14 15:36:21,868 [BasicRepositoryConnector-repo.maven.apache.org-7-0] INFO  o.e.m.c.i.e.AbstractTransferListenerAdapter - Downloading https://repo.maven.apache.org/maven2/ch/qos/logback/logback-core/1.5.8/logback-core-1.5.8.jar
2026-09-14 15:36:21,979 [BasicRepositoryConnector-repo.maven.apache.org-7-3] INFO  o.e.m.c.i.e.AbstractTransferListenerAdapter - Downloading https://repo.maven.apache.org/maven2/org/apache/logging/log4j/log4j-to-slf4j/2.23.1/log4j-to-slf4j-2.23.1.jar
2026-09-14 15:36:22,105 [BasicRepositoryConnector-repo.maven.apache.org-7-3] INFO  o.e.m.c.i.e.AbstractTransferListenerAdapter - Downloaded https://repo.maven.apache.org/maven2/org/apache/logging/log4j/log4j-to-slf4j/2.23.1/log4j-to-slf4j-2.23.1.jar
2026-09-14 15:36:22,268 [BasicRepositoryConnector-repo.maven.apache.org-7-3] INFO  o.e.m.c.i.e.AbstractTransferListenerAdapter - Downloading https://repo.maven.apache.org/maven2/org/apache/logging/log4j/log4j-api/2.23.1/log4j-api-2.23.1.jar
2026-09-14 15:36:22,704 [BasicRepositoryConnector-repo.maven.apache.org-7-4] INFO  o.e.m.c.i.e.AbstractTransferListenerAdapter - Downloaded https://repo.maven.apache.org/maven2/ch/qos/logback/logback-classic/1.5.8/logback-classic-1.5.8.jar
2026-09-14 15:36:23,001 [BasicRepositoryConnector-repo.maven.apache.org-7-3] INFO  o.e.m.c.i.e.AbstractTransferListenerAdapter - Downloaded https://repo.maven.apache.org/maven2/org/apache/logging/log4j/log4j-api/2.23.1/log4j-api-2.23.1.jar
2026-09-14 15:36:23,076 [BasicRepositoryConnector-repo.maven.apache.org-7-4] INFO  o.e.m.c.i.e.AbstractTransferListenerAdapter - Downloading https://repo.maven.apache.org/maven2/org/slf4j/jul-to-slf4j/2.0.16/jul-to-slf4j-2.0.16.jar
2026-09-14 15:36:23,087 [BasicRepositoryConnector-repo.maven.apache.org-7-4] INFO  o.e.m.c.i.e.AbstractTransferListenerAdapter - Downloaded https://repo.maven.apache.org/maven2/org/slf4j/jul-to-slf4j/2.0.16/jul-to-slf4j-2.0.16.jar
2026-09-14 15:36:23,185 [BasicRepositoryConnector-repo.maven.apache.org-7-3] INFO  o.e.m.c.i.e.AbstractTransferListenerAdapter - Downloading https://repo.maven.apache.org/maven2/org/springframework/boot/spring-boot-starter-json/3.3.4/spring-boot-starter-json-3.3.4.jar
2026-09-14 15:36:23,194 [BasicRepositoryConnector-repo.maven.apache.org-7-3] INFO  o.e.m.c.i.e.AbstractTransferListenerAdapter - Downloaded https://repo.maven.apache.org/maven2/org/springframework/boot/spring-boot-starter-json/3.3.4/spring-boot-starter-json-3.3.4.jar
2026-09-14 15:36:23,271 [BasicRepositoryConnector-repo.maven.apache.org-7-4] INFO  o.e.m.c.i.e.AbstractTransferListenerAdapter - Downloading https://repo.maven.apache.org/maven2/com/fasterxml/jackson/core/jackson-databind/2.17.2/jackson-databind-2.17.2.jar
2026-09-14 15:36:23,497 [BasicRepositoryConnector-repo.maven.apache.org-7-3] INFO  o.e.m.c.i.e.AbstractTransferListenerAdapter - Downloading https://repo.maven.apache.org/maven2/com/fasterxml/jackson/core/jackson-annotations/2.17.2/jackson-annotations-2.17.2.jar
2026-09-14 15:36:23,545 [BasicRepositoryConnector-repo.maven.apache.org-7-3] INFO  o.e.m.c.i.e.AbstractTransferListenerAdapter - Downloaded https://repo.maven.apache.org/maven2/com/fasterxml/jackson/core/jackson-annotations/2.17.2/jackson-annotations-2.17.2.jar
2026-09-14 15:36:23,750 [BasicRepositoryConnector-repo.maven.apache.org-7-3] INFO  o.e.m.c.i.e.AbstractTransferListenerAdapter - Downloading https://repo.maven.apache.org/maven2/com/fasterxml/jackson/core/jackson-core/2.17.2/jackson-core-2.17.2.jar
2026-09-14 15:36:25,118 [BasicRepositoryConnector-repo.maven.apache.org-7-3] INFO  o.e.m.c.i.e.AbstractTransferListenerAdapter - Downloaded https://repo.maven.apache.org/maven2/com/fasterxml/jackson/core/jackson-core/2.17.2/jackson-core-2.17.2.jar
2026-09-14 15:36:25,360 [BasicRepositoryConnector-repo.maven.apache.org-7-3] INFO  o.e.m.c.i.e.AbstractTransferListenerAdapter - Downloading https://repo.maven.apache.org/maven2/com/fasterxml/jackson/datatype/jackson-datatype-jdk8/2.17.2/jackson-datatype-jdk8-2.17.2.jar
2026-09-14 15:36:25,389 [BasicRepositoryConnector-repo.maven.apache.org-7-3] INFO  o.e.m.c.i.e.AbstractTransferListenerAdapter - Downloaded https://repo.maven.apache.org/maven2/com/fasterxml/jackson/datatype/jackson-datatype-jdk8/2.17.2/jackson-datatype-jdk8-2.17.2.jar
2026-09-14 15:36:25,727 [BasicRepositoryConnector-repo.maven.apache.org-7-3] INFO  o.e.m.c.i.e.AbstractTransferListenerAdapter - Downloading https://repo.maven.apache.org/maven2/com/fasterxml/jackson/datatype/jackson-datatype-jsr310/2.17.2/jackson-datatype-jsr310-2.17.2.jar
2026-09-14 15:36:25,962 [BasicRepositoryConnector-repo.maven.apache.org-7-3] INFO  o.e.m.c.i.e.AbstractTransferListenerAdapter - Downloaded https://repo.maven.apache.org/maven2/com/fasterxml/jackson/datatype/jackson-datatype-jsr310/2.17.2/jackson-datatype-jsr310-2.17.2.jar
2026-09-14 15:36:26,252 [BasicRepositoryConnector-repo.maven.apache.org-7-3] INFO  o.e.m.c.i.e.AbstractTransferListenerAdapter - Downloading https://repo.maven.apache.org/maven2/com/fasterxml/jackson/module/jackson-module-parameter-names/2.17.2/jackson-module-parameter-names-2.17.2.jar
2026-09-14 15:36:26,263 [BasicRepositoryConnector-repo.maven.apache.org-7-3] INFO  o.e.m.c.i.e.AbstractTransferListenerAdapter - Downloaded https://repo.maven.apache.org/maven2/com/fasterxml/jackson/module/jackson-module-parameter-names/2.17.2/jackson-module-parameter-names-2.17.2.jar
2026-09-14 15:36:26,293 [BasicRepositoryConnector-repo.maven.apache.org-7-2] INFO  o.e.m.c.i.e.AbstractTransferListenerAdapter - Downloaded https://repo.maven.apache.org/maven2/org/springframework/boot/spring-boot-autoconfigure/3.3.4/spring-boot-autoconfigure-3.3.4.jar
2026-09-14 15:36:26,467 [BasicRepositoryConnector-repo.maven.apache.org-7-3] INFO  o.e.m.c.i.e.AbstractTransferListenerAdapter - Downloading https://repo.maven.apache.org/maven2/org/springframework/boot/spring-boot-starter-tomcat/3.3.4/spring-boot-starter-tomcat-3.3.4.jar
2026-09-14 15:36:26,477 [BasicRepositoryConnector-repo.maven.apache.org-7-3] INFO  o.e.m.c.i.e.AbstractTransferListenerAdapter - Downloaded https://repo.maven.apache.org/maven2/org/springframework/boot/spring-boot-starter-tomcat/3.3.4/spring-boot-starter-tomcat-3.3.4.jar
2026-09-14 15:36:26,509 [BasicRepositoryConnector-repo.maven.apache.org-7-2] INFO  o.e.m.c.i.e.AbstractTransferListenerAdapter - Downloading https://repo.maven.apache.org/maven2/org/apache/tomcat/embed/tomcat-embed-core/10.1.30/tomcat-embed-core-10.1.30.jar
2026-09-14 15:36:26,639 [BasicRepositoryConnector-repo.maven.apache.org-7-0] INFO  o.e.m.c.i.e.AbstractTransferListenerAdapter - Downloaded https://repo.maven.apache.org/maven2/ch/qos/logback/logback-core/1.5.8/logback-core-1.5.8.jar
2026-09-14 15:36:26,747 [BasicRepositoryConnector-repo.maven.apache.org-7-3] INFO  o.e.m.c.i.e.AbstractTransferListenerAdapter - Downloading https://repo.maven.apache.org/maven2/org/apache/tomcat/embed/tomcat-embed-el/10.1.30/tomcat-embed-el-10.1.30.jar
2026-09-14 15:36:27,075 [BasicRepositoryConnector-repo.maven.apache.org-7-0] INFO  o.e.m.c.i.e.AbstractTransferListenerAdapter - Downloading https://repo.maven.apache.org/maven2/org/apache/tomcat/embed/tomcat-embed-websocket/10.1.30/tomcat-embed-websocket-10.1.30.jar
2026-09-14 15:36:27,332 [BasicRepositoryConnector-repo.maven.apache.org-7-3] INFO  o.e.m.c.i.e.AbstractTransferListenerAdapter - Downloaded https://repo.maven.apache.org/maven2/org/apache/tomcat/embed/tomcat-embed-el/10.1.30/tomcat-embed-el-10.1.30.jar
2026-09-14 15:36:27,596 [BasicRepositoryConnector-repo.maven.apache.org-7-3] INFO  o.e.m.c.i.e.AbstractTransferListenerAdapter - Downloading https://repo.maven.apache.org/maven2/org/springframework/spring-web/6.1.13/spring-web-6.1.13.jar
2026-09-14 15:36:27,817 [BasicRepositoryConnector-repo.maven.apache.org-7-1] INFO  o.e.m.c.i.e.AbstractTransferListenerAdapter - Downloaded https://repo.maven.apache.org/maven2/org/springframework/boot/spring-boot/3.3.4/spring-boot-3.3.4.jar
2026-09-14 15:36:28,241 [BasicRepositoryConnector-repo.maven.apache.org-7-1] INFO  o.e.m.c.i.e.AbstractTransferListenerAdapter - Downloading https://repo.maven.apache.org/maven2/org/springframework/spring-beans/6.1.13/spring-beans-6.1.13.jar
2026-09-14 15:36:29,468 [BasicRepositoryConnector-repo.maven.apache.org-7-0] INFO  o.e.m.c.i.e.AbstractTransferListenerAdapter - Downloaded https://repo.maven.apache.org/maven2/org/apache/tomcat/embed/tomcat-embed-websocket/10.1.30/tomcat-embed-websocket-10.1.30.jar
2026-09-14 15:36:29,800 [BasicRepositoryConnector-repo.maven.apache.org-7-0] INFO  o.e.m.c.i.e.AbstractTransferListenerAdapter - Downloading https://repo.maven.apache.org/maven2/io/micrometer/micrometer-observation/1.13.4/micrometer-observation-1.13.4.jar
2026-09-14 15:36:30,678 [BasicRepositoryConnector-repo.maven.apache.org-7-0] INFO  o.e.m.c.i.e.AbstractTransferListenerAdapter - Downloaded https://repo.maven.apache.org/maven2/io/micrometer/micrometer-observation/1.13.4/micrometer-observation-1.13.4.jar
2026-09-14 15:36:31,097 [BasicRepositoryConnector-repo.maven.apache.org-7-0] INFO  o.e.m.c.i.e.AbstractTransferListenerAdapter - Downloading https://repo.maven.apache.org/maven2/io/micrometer/micrometer-commons/1.13.4/micrometer-commons-1.13.4.jar
2026-09-14 15:36:31,513 [BasicRepositoryConnector-repo.maven.apache.org-7-0] INFO  o.e.m.c.i.e.AbstractTransferListenerAdapter - Downloaded https://repo.maven.apache.org/maven2/io/micrometer/micrometer-commons/1.13.4/micrometer-commons-1.13.4.jar
2026-09-14 15:36:31,847 [BasicRepositoryConnector-repo.maven.apache.org-7-0] INFO  o.e.m.c.i.e.AbstractTransferListenerAdapter - Downloading https://repo.maven.apache.org/maven2/org/springframework/spring-webmvc/6.1.13/spring-webmvc-6.1.13.jar
2026-09-14 15:36:32,051 [BasicRepositoryConnector-repo.maven.apache.org-7-3] INFO  o.e.m.c.i.e.AbstractTransferListenerAdapter - Downloaded https://repo.maven.apache.org/maven2/org/springframework/spring-web/6.1.13/spring-web-6.1.13.jar
2026-09-14 15:36:32,357 [BasicRepositoryConnector-repo.maven.apache.org-7-1] INFO  o.e.m.c.i.e.AbstractTransferListenerAdapter - Downloaded https://repo.maven.apache.org/maven2/org/springframework/spring-beans/6.1.13/spring-beans-6.1.13.jar
2026-09-14 15:36:32,433 [BasicRepositoryConnector-repo.maven.apache.org-7-3] INFO  o.e.m.c.i.e.AbstractTransferListenerAdapter - Downloading https://repo.maven.apache.org/maven2/org/springframework/spring-aop/6.1.13/spring-aop-6.1.13.jar
2026-09-14 15:36:32,608 [BasicRepositoryConnector-repo.maven.apache.org-7-1] INFO  o.e.m.c.i.e.AbstractTransferListenerAdapter - Downloading https://repo.maven.apache.org/maven2/org/springframework/spring-context/6.1.13/spring-context-6.1.13.jar
2026-09-14 15:36:33,305 [BasicRepositoryConnector-repo.maven.apache.org-7-3] INFO  o.e.m.c.i.e.AbstractTransferListenerAdapter - Downloaded https://repo.maven.apache.org/maven2/org/springframework/spring-aop/6.1.13/spring-aop-6.1.13.jar
2026-09-14 15:36:33,515 [BasicRepositoryConnector-repo.maven.apache.org-7-4] INFO  o.e.m.c.i.e.AbstractTransferListenerAdapter - Downloaded https://repo.maven.apache.org/maven2/com/fasterxml/jackson/core/jackson-databind/2.17.2/jackson-databind-2.17.2.jar
2026-09-14 15:36:33,566 [BasicRepositoryConnector-repo.maven.apache.org-7-3] INFO  o.e.m.c.i.e.AbstractTransferListenerAdapter - Downloading https://repo.maven.apache.org/maven2/org/springframework/spring-expression/6.1.13/spring-expression-6.1.13.jar
2026-09-14 15:36:33,849 [BasicRepositoryConnector-repo.maven.apache.org-7-4] INFO  o.e.m.c.i.e.AbstractTransferListenerAdapter - Downloading https://repo.maven.apache.org/maven2/org/springframework/boot/spring-boot-starter-data-jpa/3.3.4/spring-boot-starter-data-jpa-3.3.4.jar
2026-09-14 15:36:33,857 [BasicRepositoryConnector-repo.maven.apache.org-7-4] INFO  o.e.m.c.i.e.AbstractTransferListenerAdapter - Downloaded https://repo.maven.apache.org/maven2/org/springframework/boot/spring-boot-starter-data-jpa/3.3.4/spring-boot-starter-data-jpa-3.3.4.jar
2026-09-14 15:36:34,135 [BasicRepositoryConnector-repo.maven.apache.org-7-4] INFO  o.e.m.c.i.e.AbstractTransferListenerAdapter - Downloading https://repo.maven.apache.org/maven2/org/springframework/boot/spring-boot-starter-aop/3.3.4/spring-boot-starter-aop-3.3.4.jar
2026-09-14 15:36:34,145 [BasicRepositoryConnector-repo.maven.apache.org-7-4] INFO  o.e.m.c.i.e.AbstractTransferListenerAdapter - Downloaded https://repo.maven.apache.org/maven2/org/springframework/boot/spring-boot-starter-aop/3.3.4/spring-boot-starter-aop-3.3.4.jar
2026-09-14 15:36:34,312 [BasicRepositoryConnector-repo.maven.apache.org-7-3] INFO  o.e.m.c.i.e.AbstractTransferListenerAdapter - Downloaded https://repo.maven.apache.org/maven2/org/springframework/spring-expression/6.1.13/spring-expression-6.1.13.jar
2026-09-14 15:36:34,357 [BasicRepositoryConnector-repo.maven.apache.org-7-4] INFO  o.e.m.c.i.e.AbstractTransferListenerAdapter - Downloading https://repo.maven.apache.org/maven2/org/aspectj/aspectjweaver/1.9.22.1/aspectjweaver-1.9.22.1.jar
2026-09-14 15:36:34,577 [BasicRepositoryConnector-repo.maven.apache.org-7-3] INFO  o.e.m.c.i.e.AbstractTransferListenerAdapter - Downloading https://repo.maven.apache.org/maven2/org/springframework/boot/spring-boot-starter-jdbc/3.3.4/spring-boot-starter-jdbc-3.3.4.jar
2026-09-14 15:36:34,585 [BasicRepositoryConnector-repo.maven.apache.org-7-3] INFO  o.e.m.c.i.e.AbstractTransferListenerAdapter - Downloaded https://repo.maven.apache.org/maven2/org/springframework/boot/spring-boot-starter-jdbc/3.3.4/spring-boot-starter-jdbc-3.3.4.jar
2026-09-14 15:36:34,863 [BasicRepositoryConnector-repo.maven.apache.org-7-3] INFO  o.e.m.c.i.e.AbstractTransferListenerAdapter - Downloading https://repo.maven.apache.org/maven2/com/zaxxer/HikariCP/5.1.0/HikariCP-5.1.0.jar
2026-09-14 15:36:35,338 [BasicRepositoryConnector-repo.maven.apache.org-7-3] INFO  o.e.m.c.i.e.AbstractTransferListenerAdapter - Downloaded https://repo.maven.apache.org/maven2/com/zaxxer/HikariCP/5.1.0/HikariCP-5.1.0.jar
2026-09-14 15:36:35,559 [BasicRepositoryConnector-repo.maven.apache.org-7-3] INFO  o.e.m.c.i.e.AbstractTransferListenerAdapter - Downloading https://repo.maven.apache.org/maven2/org/springframework/spring-jdbc/6.1.13/spring-jdbc-6.1.13.jar
2026-09-14 15:36:36,038 [BasicRepositoryConnector-repo.maven.apache.org-7-0] INFO  o.e.m.c.i.e.AbstractTransferListenerAdapter - Downloaded https://repo.maven.apache.org/maven2/org/springframework/spring-webmvc/6.1.13/spring-webmvc-6.1.13.jar
2026-09-14 15:36:36,234 [BasicRepositoryConnector-repo.maven.apache.org-7-0] INFO  o.e.m.c.i.e.AbstractTransferListenerAdapter - Downloading https://repo.maven.apache.org/maven2/org/hibernate/orm/hibernate-core/6.5.3.Final/hibernate-core-6.5.3.Final.jar
2026-09-14 15:36:36,538 [BasicRepositoryConnector-repo.maven.apache.org-7-1] INFO  o.e.m.c.i.e.AbstractTransferListenerAdapter - Downloaded https://repo.maven.apache.org/maven2/org/springframework/spring-context/6.1.13/spring-context-6.1.13.jar
2026-09-14 15:36:36,705 [BasicRepositoryConnector-repo.maven.apache.org-7-1] INFO  o.e.m.c.i.e.AbstractTransferListenerAdapter - Downloading https://repo.maven.apache.org/maven2/com/fasterxml/classmate/1.7.0/classmate-1.7.0.jar
2026-09-14 15:36:36,869 [BasicRepositoryConnector-repo.maven.apache.org-7-1] INFO  o.e.m.c.i.e.AbstractTransferListenerAdapter - Downloaded https://repo.maven.apache.org/maven2/com/fasterxml/classmate/1.7.0/classmate-1.7.0.jar
2026-09-14 15:36:37,160 [BasicRepositoryConnector-repo.maven.apache.org-7-1] INFO  o.e.m.c.i.e.AbstractTransferListenerAdapter - Downloading https://repo.maven.apache.org/maven2/net/bytebuddy/byte-buddy/1.14.19/byte-buddy-1.14.19.jar
2026-09-14 15:36:37,539 [BasicRepositoryConnector-repo.maven.apache.org-7-3] INFO  o.e.m.c.i.e.AbstractTransferListenerAdapter - Downloaded https://repo.maven.apache.org/maven2/org/springframework/spring-jdbc/6.1.13/spring-jdbc-6.1.13.jar
2026-09-14 15:36:37,866 [BasicRepositoryConnector-repo.maven.apache.org-7-3] INFO  o.e.m.c.i.e.AbstractTransferListenerAdapter - Downloading https://repo.maven.apache.org/maven2/org/springframework/data/spring-data-jpa/3.3.4/spring-data-jpa-3.3.4.jar
2026-09-14 15:36:45,253 [BasicRepositoryConnector-repo.maven.apache.org-7-4] INFO  o.e.m.c.i.e.AbstractTransferListenerAdapter - Downloaded https://repo.maven.apache.org/maven2/org/aspectj/aspectjweaver/1.9.22.1/aspectjweaver-1.9.22.1.jar
2026-09-14 15:36:45,416 [BasicRepositoryConnector-repo.maven.apache.org-7-4] INFO  o.e.m.c.i.e.AbstractTransferListenerAdapter - Downloading https://repo.maven.apache.org/maven2/org/springframework/data/spring-data-commons/3.3.4/spring-data-commons-3.3.4.jar
2026-09-14 15:36:50,207 [BasicRepositoryConnector-repo.maven.apache.org-7-2] INFO  o.e.m.c.i.e.AbstractTransferListenerAdapter - Downloaded https://repo.maven.apache.org/maven2/org/apache/tomcat/embed/tomcat-embed-core/10.1.30/tomcat-embed-core-10.1.30.jar
2026-09-14 15:36:50,849 [BasicRepositoryConnector-repo.maven.apache.org-7-2] INFO  o.e.m.c.i.e.AbstractTransferListenerAdapter - Downloading https://repo.maven.apache.org/maven2/org/springframework/spring-orm/6.1.13/spring-orm-6.1.13.jar
2026-09-14 15:36:51,479 [BasicRepositoryConnector-repo.maven.apache.org-7-3] INFO  o.e.m.c.i.e.AbstractTransferListenerAdapter - Downloaded https://repo.maven.apache.org/maven2/org/springframework/data/spring-data-jpa/3.3.4/spring-data-jpa-3.3.4.jar
2026-09-14 15:36:51,913 [BasicRepositoryConnector-repo.maven.apache.org-7-3] INFO  o.e.m.c.i.e.AbstractTransferListenerAdapter - Downloading https://repo.maven.apache.org/maven2/org/springframework/spring-tx/6.1.13/spring-tx-6.1.13.jar
2026-09-14 15:36:53,229 [BasicRepositoryConnector-repo.maven.apache.org-7-2] INFO  o.e.m.c.i.e.AbstractTransferListenerAdapter - Downloaded https://repo.maven.apache.org/maven2/org/springframework/spring-orm/6.1.13/spring-orm-6.1.13.jar
2026-09-14 15:36:53,752 [BasicRepositoryConnector-repo.maven.apache.org-7-2] INFO  o.e.m.c.i.e.AbstractTransferListenerAdapter - Downloading https://repo.maven.apache.org/maven2/org/slf4j/slf4j-api/2.0.16/slf4j-api-2.0.16.jar
2026-09-14 15:36:54,435 [BasicRepositoryConnector-repo.maven.apache.org-7-2] INFO  o.e.m.c.i.e.AbstractTransferListenerAdapter - Downloaded https://repo.maven.apache.org/maven2/org/slf4j/slf4j-api/2.0.16/slf4j-api-2.0.16.jar
2026-09-14 15:36:54,845 [BasicRepositoryConnector-repo.maven.apache.org-7-2] INFO  o.e.m.c.i.e.AbstractTransferListenerAdapter - Downloading https://repo.maven.apache.org/maven2/org/springframework/spring-aspects/6.1.13/spring-aspects-6.1.13.jar
2026-09-14 15:36:54,892 [BasicRepositoryConnector-repo.maven.apache.org-7-2] INFO  o.e.m.c.i.e.AbstractTransferListenerAdapter - Downloaded https://repo.maven.apache.org/maven2/org/springframework/spring-aspects/6.1.13/spring-aspects-6.1.13.jar
2026-09-14 15:36:55,190 [BasicRepositoryConnector-repo.maven.apache.org-7-2] INFO  o.e.m.c.i.e.AbstractTransferListenerAdapter - Downloading https://repo.maven.apache.org/maven2/org/projectlombok/lombok/1.18.34/lombok-1.18.34.jar
2026-09-14 15:36:56,081 [BasicRepositoryConnector-repo.maven.apache.org-7-3] INFO  o.e.m.c.i.e.AbstractTransferListenerAdapter - Downloaded https://repo.maven.apache.org/maven2/org/springframework/spring-tx/6.1.13/spring-tx-6.1.13.jar
2026-09-14 15:36:56,261 [BasicRepositoryConnector-repo.maven.apache.org-7-3] INFO  o.e.m.c.i.e.AbstractTransferListenerAdapter - Downloading https://repo.maven.apache.org/maven2/org/springframework/boot/spring-boot-starter-test/3.3.4/spring-boot-starter-test-3.3.4.jar
2026-09-14 15:36:56,267 [BasicRepositoryConnector-repo.maven.apache.org-7-3] INFO  o.e.m.c.i.e.AbstractTransferListenerAdapter - Downloaded https://repo.maven.apache.org/maven2/org/springframework/boot/spring-boot-starter-test/3.3.4/spring-boot-starter-test-3.3.4.jar
2026-09-14 15:36:56,459 [BasicRepositoryConnector-repo.maven.apache.org-7-3] INFO  o.e.m.c.i.e.AbstractTransferListenerAdapter - Downloading https://repo.maven.apache.org/maven2/org/springframework/boot/spring-boot-test/3.3.4/spring-boot-test-3.3.4.jar
2026-09-14 15:36:56,495 [BasicRepositoryConnector-repo.maven.apache.org-7-4] INFO  o.e.m.c.i.e.AbstractTransferListenerAdapter - Downloaded https://repo.maven.apache.org/maven2/org/springframework/data/spring-data-commons/3.3.4/spring-data-commons-3.3.4.jar
2026-09-14 15:36:56,657 [BasicRepositoryConnector-repo.maven.apache.org-7-4] INFO  o.e.m.c.i.e.AbstractTransferListenerAdapter - Downloading https://repo.maven.apache.org/maven2/org/springframework/boot/spring-boot-test-autoconfigure/3.3.4/spring-boot-test-autoconfigure-3.3.4.jar
2026-09-14 15:36:57,182 [BasicRepositoryConnector-repo.maven.apache.org-7-4] INFO  o.e.m.c.i.e.AbstractTransferListenerAdapter - Downloaded https://repo.maven.apache.org/maven2/org/springframework/boot/spring-boot-test-autoconfigure/3.3.4/spring-boot-test-autoconfigure-3.3.4.jar
2026-09-14 15:36:57,315 [BasicRepositoryConnector-repo.maven.apache.org-7-4] INFO  o.e.m.c.i.e.AbstractTransferListenerAdapter - Downloading https://repo.maven.apache.org/maven2/org/assertj/assertj-core/3.25.3/assertj-core-3.25.3.jar
2026-09-14 15:36:57,578 [BasicRepositoryConnector-repo.maven.apache.org-7-1] INFO  o.e.m.c.i.e.AbstractTransferListenerAdapter - Downloaded https://repo.maven.apache.org/maven2/net/bytebuddy/byte-buddy/1.14.19/byte-buddy-1.14.19.jar
2026-09-14 15:36:57,731 [BasicRepositoryConnector-repo.maven.apache.org-7-3] INFO  o.e.m.c.i.e.AbstractTransferListenerAdapter - Downloaded https://repo.maven.apache.org/maven2/org/springframework/boot/spring-boot-test/3.3.4/spring-boot-test-3.3.4.jar
2026-09-14 15:36:57,777 [BasicRepositoryConnector-repo.maven.apache.org-7-1] INFO  o.e.m.c.i.e.AbstractTransferListenerAdapter - Downloading https://repo.maven.apache.org/maven2/org/awaitility/awaitility/4.2.2/awaitility-4.2.2.jar
2026-09-14 15:36:57,959 [BasicRepositoryConnector-repo.maven.apache.org-7-3] INFO  o.e.m.c.i.e.AbstractTransferListenerAdapter - Downloading https://repo.maven.apache.org/maven2/org/junit/jupiter/junit-jupiter/5.10.3/junit-jupiter-5.10.3.jar
2026-09-14 15:36:57,968 [BasicRepositoryConnector-repo.maven.apache.org-7-3] INFO  o.e.m.c.i.e.AbstractTransferListenerAdapter - Downloaded https://repo.maven.apache.org/maven2/org/junit/jupiter/junit-jupiter/5.10.3/junit-jupiter-5.10.3.jar
2026-09-14 15:36:58,149 [BasicRepositoryConnector-repo.maven.apache.org-7-1] INFO  o.e.m.c.i.e.AbstractTransferListenerAdapter - Downloaded https://repo.maven.apache.org/maven2/org/awaitility/awaitility/4.2.2/awaitility-4.2.2.jar
2026-09-14 15:36:58,190 [BasicRepositoryConnector-repo.maven.apache.org-7-3] INFO  o.e.m.c.i.e.AbstractTransferListenerAdapter - Downloading https://repo.maven.apache.org/maven2/org/junit/jupiter/junit-jupiter-api/5.10.3/junit-jupiter-api-5.10.3.jar
2026-09-14 15:36:58,382 [BasicRepositoryConnector-repo.maven.apache.org-7-1] INFO  o.e.m.c.i.e.AbstractTransferListenerAdapter - Downloading https://repo.maven.apache.org/maven2/org/junit/platform/junit-platform-commons/1.10.3/junit-platform-commons-1.10.3.jar
2026-09-14 15:36:58,655 [BasicRepositoryConnector-repo.maven.apache.org-7-1] INFO  o.e.m.c.i.e.AbstractTransferListenerAdapter - Downloaded https://repo.maven.apache.org/maven2/org/junit/platform/junit-platform-commons/1.10.3/junit-platform-commons-1.10.3.jar
2026-09-14 15:36:58,887 [BasicRepositoryConnector-repo.maven.apache.org-7-1] INFO  o.e.m.c.i.e.AbstractTransferListenerAdapter - Downloading https://repo.maven.apache.org/maven2/org/junit/jupiter/junit-jupiter-params/5.10.3/junit-jupiter-params-5.10.3.jar
2026-09-14 15:37:00,075 [BasicRepositoryConnector-repo.maven.apache.org-7-3] INFO  o.e.m.c.i.e.AbstractTransferListenerAdapter - Downloaded https://repo.maven.apache.org/maven2/org/junit/jupiter/junit-jupiter-api/5.10.3/junit-jupiter-api-5.10.3.jar
2026-09-14 15:37:00,672 [BasicRepositoryConnector-repo.maven.apache.org-7-3] INFO  o.e.m.c.i.e.AbstractTransferListenerAdapter - Downloading https://repo.maven.apache.org/maven2/org/junit/jupiter/junit-jupiter-engine/5.10.3/junit-jupiter-engine-5.10.3.jar
2026-09-14 15:37:01,693 [BasicRepositoryConnector-repo.maven.apache.org-7-2] INFO  o.e.m.c.i.e.AbstractTransferListenerAdapter - Downloaded https://repo.maven.apache.org/maven2/org/projectlombok/lombok/1.18.34/lombok-1.18.34.jar
2026-09-14 15:37:01,965 [BasicRepositoryConnector-repo.maven.apache.org-7-2] INFO  o.e.m.c.i.e.AbstractTransferListenerAdapter - Downloading https://repo.maven.apache.org/maven2/org/junit/platform/junit-platform-engine/1.10.3/junit-platform-engine-1.10.3.jar
2026-09-14 15:37:02,639 [BasicRepositoryConnector-repo.maven.apache.org-7-2] INFO  o.e.m.c.i.e.AbstractTransferListenerAdapter - Downloaded https://repo.maven.apache.org/maven2/org/junit/platform/junit-platform-engine/1.10.3/junit-platform-engine-1.10.3.jar
2026-09-14 15:37:02,659 [BasicRepositoryConnector-repo.maven.apache.org-7-1] INFO  o.e.m.c.i.e.AbstractTransferListenerAdapter - Downloaded https://repo.maven.apache.org/maven2/org/junit/jupiter/junit-jupiter-params/5.10.3/junit-jupiter-params-5.10.3.jar
2026-09-14 15:37:02,909 [BasicRepositoryConnector-repo.maven.apache.org-7-2] INFO  o.e.m.c.i.e.AbstractTransferListenerAdapter - Downloading https://repo.maven.apache.org/maven2/org/mockito/mockito-core/5.11.0/mockito-core-5.11.0.jar
2026-09-14 15:37:03,069 [BasicRepositoryConnector-repo.maven.apache.org-7-1] INFO  o.e.m.c.i.e.AbstractTransferListenerAdapter - Downloading https://repo.maven.apache.org/maven2/net/bytebuddy/byte-buddy-agent/1.14.19/byte-buddy-agent-1.14.19.jar
2026-09-14 15:37:04,419 [BasicRepositoryConnector-repo.maven.apache.org-7-3] INFO  o.e.m.c.i.e.AbstractTransferListenerAdapter - Downloaded https://repo.maven.apache.org/maven2/org/junit/jupiter/junit-jupiter-engine/5.10.3/junit-jupiter-engine-5.10.3.jar
2026-09-14 15:37:04,992 [BasicRepositoryConnector-repo.maven.apache.org-7-3] INFO  o.e.m.c.i.e.AbstractTransferListenerAdapter - Downloading https://repo.maven.apache.org/maven2/org/mockito/mockito-junit-jupiter/5.11.0/mockito-junit-jupiter-5.11.0.jar
2026-09-14 15:37:04,998 [BasicRepositoryConnector-repo.maven.apache.org-7-3] INFO  o.e.m.c.i.e.AbstractTransferListenerAdapter - Downloaded https://repo.maven.apache.org/maven2/org/mockito/mockito-junit-jupiter/5.11.0/mockito-junit-jupiter-5.11.0.jar
2026-09-14 15:37:05,531 [BasicRepositoryConnector-repo.maven.apache.org-7-3] INFO  o.e.m.c.i.e.AbstractTransferListenerAdapter - Downloading https://repo.maven.apache.org/maven2/org/springframework/spring-core/6.1.13/spring-core-6.1.13.jar
2026-09-14 15:37:05,556 [BasicRepositoryConnector-repo.maven.apache.org-7-1] INFO  o.e.m.c.i.e.AbstractTransferListenerAdapter - Downloaded https://repo.maven.apache.org/maven2/net/bytebuddy/byte-buddy-agent/1.14.19/byte-buddy-agent-1.14.19.jar
2026-09-14 15:37:06,080 [BasicRepositoryConnector-repo.maven.apache.org-7-1] INFO  o.e.m.c.i.e.AbstractTransferListenerAdapter - Downloading https://repo.maven.apache.org/maven2/org/springframework/spring-jcl/6.1.13/spring-jcl-6.1.13.jar
2026-09-14 15:37:06,099 [BasicRepositoryConnector-repo.maven.apache.org-7-1] INFO  o.e.m.c.i.e.AbstractTransferListenerAdapter - Downloaded https://repo.maven.apache.org/maven2/org/springframework/spring-jcl/6.1.13/spring-jcl-6.1.13.jar
2026-09-14 15:37:06,404 [BasicRepositoryConnector-repo.maven.apache.org-7-4] INFO  o.e.m.c.i.e.AbstractTransferListenerAdapter - Downloaded https://repo.maven.apache.org/maven2/org/assertj/assertj-core/3.25.3/assertj-core-3.25.3.jar
2026-09-14 15:37:06,758 [BasicRepositoryConnector-repo.maven.apache.org-7-2] INFO  o.e.m.c.i.e.AbstractTransferListenerAdapter - Downloaded https://repo.maven.apache.org/maven2/org/mockito/mockito-core/5.11.0/mockito-core-5.11.0.jar
2026-09-14 15:37:06,871 [BasicRepositoryConnector-repo.maven.apache.org-7-1] INFO  o.e.m.c.i.e.AbstractTransferListenerAdapter - Downloading https://repo.maven.apache.org/maven2/org/springframework/spring-test/6.1.13/spring-test-6.1.13.jar
2026-09-14 15:37:10,605 [BasicRepositoryConnector-repo.maven.apache.org-7-1] INFO  o.e.m.c.i.e.AbstractTransferListenerAdapter - Downloaded https://repo.maven.apache.org/maven2/org/springframework/spring-test/6.1.13/spring-test-6.1.13.jar
2026-09-14 15:37:13,672 [BasicRepositoryConnector-repo.maven.apache.org-7-3] INFO  o.e.m.c.i.e.AbstractTransferListenerAdapter - Downloaded https://repo.maven.apache.org/maven2/org/springframework/spring-core/6.1.13/spring-core-6.1.13.jar
2026-09-14 15:37:21,315 [BasicRepositoryConnector-repo.maven.apache.org-7-0] INFO  o.e.m.c.i.e.AbstractTransferListenerAdapter - Downloaded https://repo.maven.apache.org/maven2/org/hibernate/orm/hibernate-core/6.5.3.Final/hibernate-core-6.5.3.Final.jar
2026-09-14 15:37:21,886 [Worker-88: Launching New_configuration] INFO  o.e.m.c.i.e.AbstractTransferListenerAdapter - Downloading https://repo.maven.apache.org/maven2/org/apache/maven/plugins/maven-jar-plugin/3.4.2/maven-jar-plugin-3.4.2.pom
2026-09-14 15:37:21,898 [Worker-88: Launching New_configuration] INFO  o.e.m.c.i.e.AbstractTransferListenerAdapter - Downloaded https://repo.maven.apache.org/maven2/org/apache/maven/plugins/maven-jar-plugin/3.4.2/maven-jar-plugin-3.4.2.pom
2026-09-14 15:37:21,974 [Worker-88: Launching New_configuration] INFO  o.e.m.c.i.e.AbstractTransferListenerAdapter - Downloading https://repo.maven.apache.org/maven2/org/apache/maven/plugins/maven-plugins/42/maven-plugins-42.pom
2026-09-14 15:37:21,983 [Worker-88: Launching New_configuration] INFO  o.e.m.c.i.e.AbstractTransferListenerAdapter - Downloaded https://repo.maven.apache.org/maven2/org/apache/maven/plugins/maven-plugins/42/maven-plugins-42.pom
2026-09-14 15:37:22,087 [Worker-88: Launching New_configuration] INFO  o.a.m.s.f.DefaultMavenResourcesFiltering - skip non existing resourceDirectory C:\Users\andre\eclipse-workspace\proyecto_web2\web_2\bin\src\main\resources
2026-09-14 15:37:22,087 [Worker-88: Launching New_configuration] INFO  o.a.m.s.f.DefaultMavenResourcesFiltering - skip non existing resourceDirectory C:\Users\andre\eclipse-workspace\proyecto_web2\web_2\bin\src\main\resources
2026-09-14 15:37:22,092 [Worker-88: Launching New_configuration] INFO  o.a.m.s.f.DefaultMavenResourcesFiltering - skip non existing resourceDirectory C:\Users\andre\eclipse-workspace\proyecto_web2\web_2\bin\src\test\resources
2026-09-14 15:37:22,162 [Worker-88: Launching New_configuration] INFO  o.e.m.c.i.e.AbstractTransferListenerAdapter - Downloading https://repo.maven.apache.org/maven2/org/apache/maven/plugins/maven-surefire-plugin/3.2.5/maven-surefire-plugin-3.2.5.pom
2026-09-14 15:37:22,172 [Worker-88: Launching New_configuration] INFO  o.e.m.c.i.e.AbstractTransferListenerAdapter - Downloaded https://repo.maven.apache.org/maven2/org/apache/maven/plugins/maven-surefire-plugin/3.2.5/maven-surefire-plugin-3.2.5.pom
2026-09-14 15:37:22,254 [Worker-88: Launching New_configuration] INFO  o.e.m.c.i.e.AbstractTransferListenerAdapter - Downloading https://repo.maven.apache.org/maven2/org/apache/maven/surefire/surefire/3.2.5/surefire-3.2.5.pom
2026-09-14 15:37:22,261 [Worker-88: Launching New_configuration] INFO  o.e.m.c.i.e.AbstractTransferListenerAdapter - Downloaded https://repo.maven.apache.org/maven2/org/apache/maven/surefire/surefire/3.2.5/surefire-3.2.5.pom
2026-09-14 15:37:22,363 [Worker-88: Launching New_configuration] INFO  o.e.m.c.i.e.AbstractTransferListenerAdapter - Downloading https://repo.maven.apache.org/maven2/org/codehaus/plexus/plexus-utils/4.0.1/plexus-utils-4.0.1.pom
2026-09-14 15:37:22,373 [Worker-88: Launching New_configuration] INFO  o.e.m.c.i.e.AbstractTransferListenerAdapter - Downloaded https://repo.maven.apache.org/maven2/org/codehaus/plexus/plexus-utils/4.0.1/plexus-utils-4.0.1.pom
2026-09-14 15:37:22,458 [Worker-88: Launching New_configuration] INFO  o.e.m.c.i.e.AbstractTransferListenerAdapter - Downloading https://repo.maven.apache.org/maven2/org/apache/maven/maven-archiver/3.6.2/maven-archiver-3.6.2.pom
2026-09-14 15:37:22,465 [Worker-88: Launching New_configuration] INFO  o.e.m.c.i.e.AbstractTransferListenerAdapter - Downloaded https://repo.maven.apache.org/maven2/org/apache/maven/maven-archiver/3.6.2/maven-archiver-3.6.2.pom
2026-09-14 15:37:22,537 [Worker-88: Launching New_configuration] INFO  o.e.m.c.i.e.AbstractTransferListenerAdapter - Downloading https://repo.maven.apache.org/maven2/org/codehaus/plexus/plexus-archiver/4.9.2/plexus-archiver-4.9.2.pom
2026-09-14 15:37:22,543 [Worker-88: Launching New_configuration] INFO  o.e.m.c.i.e.AbstractTransferListenerAdapter - Downloaded https://repo.maven.apache.org/maven2/org/codehaus/plexus/plexus-archiver/4.9.2/plexus-archiver-4.9.2.pom
2026-09-14 15:37:22,613 [Worker-88: Launching New_configuration] INFO  o.e.m.c.i.e.AbstractTransferListenerAdapter - Downloading https://repo.maven.apache.org/maven2/org/codehaus/plexus/plexus-io/3.4.2/plexus-io-3.4.2.pom
2026-09-14 15:37:22,620 [Worker-88: Launching New_configuration] INFO  o.e.m.c.i.e.AbstractTransferListenerAdapter - Downloaded https://repo.maven.apache.org/maven2/org/codehaus/plexus/plexus-io/3.4.2/plexus-io-3.4.2.pom
2026-09-14 15:37:22,703 [Worker-88: Launching New_configuration] INFO  o.e.m.c.i.e.AbstractTransferListenerAdapter - Downloading https://repo.maven.apache.org/maven2/org/apache/commons/commons-compress/1.26.1/commons-compress-1.26.1.pom
2026-09-14 15:37:22,711 [Worker-88: Launching New_configuration] INFO  o.e.m.c.i.e.AbstractTransferListenerAdapter - Downloaded https://repo.maven.apache.org/maven2/org/apache/commons/commons-compress/1.26.1/commons-compress-1.26.1.pom
2026-09-14 15:37:22,797 [Worker-88: Launching New_configuration] INFO  o.e.m.c.i.e.AbstractTransferListenerAdapter - Downloading https://repo.maven.apache.org/maven2/org/apache/commons/commons-parent/66/commons-parent-66.pom
2026-09-14 15:37:22,807 [Worker-88: Launching New_configuration] INFO  o.e.m.c.i.e.AbstractTransferListenerAdapter - Downloaded https://repo.maven.apache.org/maven2/org/apache/commons/commons-parent/66/commons-parent-66.pom
2026-09-14 15:37:22,822 [Worker-79: Download sources and javadoc] INFO  o.e.m.c.i.e.AbstractTransferListenerAdapter - Downloading https://repo.maven.apache.org/maven2/org/springframework/boot/spring-boot-starter-web/3.3.4/spring-boot-starter-web-3.3.4-sources.jar
2026-09-14 15:37:22,826 [Worker-79: Download sources and javadoc] INFO  o.e.m.c.i.e.AbstractTransferListenerAdapter - Downloaded https://repo.maven.apache.org/maven2/org/springframework/boot/spring-boot-starter-web/3.3.4/spring-boot-starter-web-3.3.4-sources.jar
2026-09-14 15:37:22,834 [Worker-79: Download sources and javadoc] INFO  o.e.m.j.internal.DownloadSourcesJob - Downloaded sources for org.springframework.boot:spring-boot-starter-web:3.3.4
2026-09-14 15:37:22,883 [Worker-88: Launching New_configuration] INFO  o.e.m.c.i.e.AbstractTransferListenerAdapter - Downloading https://repo.maven.apache.org/maven2/commons-codec/commons-codec/1.16.1/commons-codec-1.16.1.pom
2026-09-14 15:37:22,891 [Worker-88: Launching New_configuration] INFO  o.e.m.c.i.e.AbstractTransferListenerAdapter - Downloaded https://repo.maven.apache.org/maven2/commons-codec/commons-codec/1.16.1/commons-codec-1.16.1.pom
2026-09-14 15:37:22,969 [Worker-88: Launching New_configuration] INFO  o.e.m.c.i.e.AbstractTransferListenerAdapter - Downloading https://repo.maven.apache.org/maven2/org/apache/commons/commons-lang3/3.14.0/commons-lang3-3.14.0.pom
2026-09-14 15:37:22,976 [Worker-88: Launching New_configuration] INFO  o.e.m.c.i.e.AbstractTransferListenerAdapter - Downloaded https://repo.maven.apache.org/maven2/org/apache/commons/commons-lang3/3.14.0/commons-lang3-3.14.0.pom
2026-09-14 15:37:22,994 [Worker-79: Download sources and javadoc] INFO  o.e.m.c.i.e.AbstractTransferListenerAdapter - Downloading https://repo.maven.apache.org/maven2/org/springframework/boot/spring-boot-starter/3.3.4/spring-boot-starter-3.3.4-sources.jar
2026-09-14 15:37:22,999 [Worker-79: Download sources and javadoc] INFO  o.e.m.c.i.e.AbstractTransferListenerAdapter - Downloaded https://repo.maven.apache.org/maven2/org/springframework/boot/spring-boot-starter/3.3.4/spring-boot-starter-3.3.4-sources.jar
2026-09-14 15:37:23,006 [Worker-79: Download sources and javadoc] INFO  o.e.m.j.internal.DownloadSourcesJob - Downloaded sources for org.springframework.boot:spring-boot-starter:3.3.4
2026-09-14 15:37:23,075 [Worker-88: Launching New_configuration] INFO  o.e.m.c.i.e.AbstractTransferListenerAdapter - Downloading https://repo.maven.apache.org/maven2/org/apache/commons/commons-parent/64/commons-parent-64.pom
2026-09-14 15:37:23,090 [Worker-88: Launching New_configuration] INFO  o.e.m.c.i.e.AbstractTransferListenerAdapter - Downloaded https://repo.maven.apache.org/maven2/org/apache/commons/commons-parent/64/commons-parent-64.pom
2026-09-14 15:37:23,172 [Worker-88: Launching New_configuration] INFO  o.e.m.c.i.e.AbstractTransferListenerAdapter - Downloading https://repo.maven.apache.org/maven2/com/github/luben/zstd-jni/1.5.5-11/zstd-jni-1.5.5-11.pom
2026-09-14 15:37:23,178 [Worker-88: Launching New_configuration] INFO  o.e.m.c.i.e.AbstractTransferListenerAdapter - Downloaded https://repo.maven.apache.org/maven2/com/github/luben/zstd-jni/1.5.5-11/zstd-jni-1.5.5-11.pom
2026-09-14 15:37:23,195 [Worker-79: Download sources and javadoc] INFO  o.e.m.c.i.e.AbstractTransferListenerAdapter - Downloading https://repo.maven.apache.org/maven2/org/springframework/boot/spring-boot/3.3.4/spring-boot-3.3.4-sources.jar
2026-09-14 15:37:23,303 [Worker-88: Launching New_configuration] INFO  o.e.m.c.i.e.AbstractTransferListenerAdapter - Downloading https://repo.maven.apache.org/maven2/org/codehaus/plexus/plexus-utils/4.0.1/plexus-utils-4.0.1.jar
2026-09-14 15:37:24,014 [Worker-88: Launching New_configuration] INFO  o.e.m.c.i.e.AbstractTransferListenerAdapter - Downloaded https://repo.maven.apache.org/maven2/org/codehaus/plexus/plexus-utils/4.0.1/plexus-utils-4.0.1.jar
2026-09-14 15:37:24,133 [BasicRepositoryConnector-repo.maven.apache.org-8-4] INFO  o.e.m.c.i.e.AbstractTransferListenerAdapter - Downloading https://repo.maven.apache.org/maven2/org/apache/commons/commons-lang3/3.14.0/commons-lang3-3.14.0.jar
2026-09-14 15:37:24,144 [BasicRepositoryConnector-repo.maven.apache.org-8-3] INFO  o.e.m.c.i.e.AbstractTransferListenerAdapter - Downloading https://repo.maven.apache.org/maven2/org/apache/commons/commons-compress/1.26.1/commons-compress-1.26.1.jar
2026-09-14 15:37:24,147 [BasicRepositoryConnector-repo.maven.apache.org-8-0] INFO  o.e.m.c.i.e.AbstractTransferListenerAdapter - Downloading https://repo.maven.apache.org/maven2/org/apache/maven/maven-archiver/3.6.2/maven-archiver-3.6.2.jar
2026-09-14 15:37:24,200 [Worker-79: Download sources and javadoc] INFO  o.e.m.c.i.e.AbstractTransferListenerAdapter - Downloaded https://repo.maven.apache.org/maven2/org/springframework/boot/spring-boot/3.3.4/spring-boot-3.3.4-sources.jar
2026-09-14 15:37:24,209 [Worker-79: Download sources and javadoc] INFO  o.e.m.j.internal.DownloadSourcesJob - Downloaded sources for org.springframework.boot:spring-boot:3.3.4
2026-09-14 15:37:24,218 [BasicRepositoryConnector-repo.maven.apache.org-8-0] INFO  o.e.m.c.i.e.AbstractTransferListenerAdapter - Downloaded https://repo.maven.apache.org/maven2/org/apache/maven/maven-archiver/3.6.2/maven-archiver-3.6.2.jar
2026-09-14 15:37:24,229 [BasicRepositoryConnector-repo.maven.apache.org-8-2] INFO  o.e.m.c.i.e.AbstractTransferListenerAdapter - Downloading https://repo.maven.apache.org/maven2/org/codehaus/plexus/plexus-io/3.4.2/plexus-io-3.4.2.jar
2026-09-14 15:37:24,243 [BasicRepositoryConnector-repo.maven.apache.org-8-1] INFO  o.e.m.c.i.e.AbstractTransferListenerAdapter - Downloading https://repo.maven.apache.org/maven2/org/codehaus/plexus/plexus-archiver/4.9.2/plexus-archiver-4.9.2.jar
2026-09-14 15:37:24,347 [BasicRepositoryConnector-repo.maven.apache.org-8-0] INFO  o.e.m.c.i.e.AbstractTransferListenerAdapter - Downloading https://repo.maven.apache.org/maven2/commons-codec/commons-codec/1.16.1/commons-codec-1.16.1.jar
2026-09-14 15:37:24,433 [BasicRepositoryConnector-repo.maven.apache.org-8-2] INFO  o.e.m.c.i.e.AbstractTransferListenerAdapter - Downloaded https://repo.maven.apache.org/maven2/org/codehaus/plexus/plexus-io/3.4.2/plexus-io-3.4.2.jar
2026-09-14 15:37:24,570 [Worker-79: Download sources and javadoc] INFO  o.e.m.c.i.e.AbstractTransferListenerAdapter - Downloading https://repo.maven.apache.org/maven2/org/springframework/boot/spring-boot-autoconfigure/3.3.4/spring-boot-autoconfigure-3.3.4-sources.jar
2026-09-14 15:37:24,575 [BasicRepositoryConnector-repo.maven.apache.org-8-1] INFO  o.e.m.c.i.e.AbstractTransferListenerAdapter - Downloaded https://repo.maven.apache.org/maven2/org/codehaus/plexus/plexus-archiver/4.9.2/plexus-archiver-4.9.2.jar
2026-09-14 15:37:24,594 [BasicRepositoryConnector-repo.maven.apache.org-8-2] INFO  o.e.m.c.i.e.AbstractTransferListenerAdapter - Downloading https://repo.maven.apache.org/maven2/com/github/luben/zstd-jni/1.5.5-11/zstd-jni-1.5.5-11.jar
2026-09-14 15:37:25,734 [BasicRepositoryConnector-repo.maven.apache.org-8-0] INFO  o.e.m.c.i.e.AbstractTransferListenerAdapter - Downloaded https://repo.maven.apache.org/maven2/commons-codec/commons-codec/1.16.1/commons-codec-1.16.1.jar
2026-09-14 15:37:26,402 [Worker-79: Download sources and javadoc] INFO  o.e.m.c.i.e.AbstractTransferListenerAdapter - Downloaded https://repo.maven.apache.org/maven2/org/springframework/boot/spring-boot-autoconfigure/3.3.4/spring-boot-autoconfigure-3.3.4-sources.jar
2026-09-14 15:37:26,409 [Worker-79: Download sources and javadoc] INFO  o.e.m.j.internal.DownloadSourcesJob - Downloaded sources for org.springframework.boot:spring-boot-autoconfigure:3.3.4
2026-09-14 15:37:26,832 [BasicRepositoryConnector-repo.maven.apache.org-8-3] INFO  o.e.m.c.i.e.AbstractTransferListenerAdapter - Downloaded https://repo.maven.apache.org/maven2/org/apache/commons/commons-compress/1.26.1/commons-compress-1.26.1.jar
2026-09-14 15:37:26,904 [Worker-79: Download sources and javadoc] INFO  o.e.m.c.i.e.AbstractTransferListenerAdapter - Downloading https://repo.maven.apache.org/maven2/org/springframework/boot/spring-boot-starter-logging/3.3.4/spring-boot-starter-logging-3.3.4-sources.jar
2026-09-14 15:37:26,913 [Worker-79: Download sources and javadoc] INFO  o.e.m.c.i.e.AbstractTransferListenerAdapter - Downloaded https://repo.maven.apache.org/maven2/org/springframework/boot/spring-boot-starter-logging/3.3.4/spring-boot-starter-logging-3.3.4-sources.jar
2026-09-14 15:37:26,920 [Worker-79: Download sources and javadoc] INFO  o.e.m.j.internal.DownloadSourcesJob - Downloaded sources for org.springframework.boot:spring-boot-starter-logging:3.3.4
2026-09-14 15:37:27,125 [Worker-79: Download sources and javadoc] INFO  o.e.m.c.i.e.AbstractTransferListenerAdapter - Downloading https://repo.maven.apache.org/maven2/ch/qos/logback/logback-classic/1.5.8/logback-classic-1.5.8-sources.jar
2026-09-14 15:37:27,250 [BasicRepositoryConnector-repo.maven.apache.org-8-4] INFO  o.e.m.c.i.e.AbstractTransferListenerAdapter - Downloaded https://repo.maven.apache.org/maven2/org/apache/commons/commons-lang3/3.14.0/commons-lang3-3.14.0.jar
2026-09-14 15:37:27,547 [Worker-79: Download sources and javadoc] INFO  o.e.m.c.i.e.AbstractTransferListenerAdapter - Downloaded https://repo.maven.apache.org/maven2/ch/qos/logback/logback-classic/1.5.8/logback-classic-1.5.8-sources.jar
2026-09-14 15:37:27,556 [Worker-79: Download sources and javadoc] INFO  o.e.m.j.internal.DownloadSourcesJob - Downloaded sources for ch.qos.logback:logback-classic:1.5.8
2026-09-14 15:37:27,751 [Worker-79: Download sources and javadoc] INFO  o.e.m.c.i.e.AbstractTransferListenerAdapter - Downloading https://repo.maven.apache.org/maven2/ch/qos/logback/logback-core/1.5.8/logback-core-1.5.8-sources.jar
2026-09-14 15:37:28,284 [Worker-79: Download sources and javadoc] INFO  o.e.m.c.i.e.AbstractTransferListenerAdapter - Downloaded https://repo.maven.apache.org/maven2/ch/qos/logback/logback-core/1.5.8/logback-core-1.5.8-sources.jar
2026-09-14 15:37:28,293 [Worker-79: Download sources and javadoc] INFO  o.e.m.j.internal.DownloadSourcesJob - Downloaded sources for ch.qos.logback:logback-core:1.5.8
2026-09-14 15:37:28,470 [Worker-79: Download sources and javadoc] INFO  o.e.m.c.i.e.AbstractTransferListenerAdapter - Downloading https://repo.maven.apache.org/maven2/org/apache/logging/log4j/log4j-to-slf4j/2.23.1/log4j-to-slf4j-2.23.1-sources.jar
2026-09-14 15:37:28,519 [Worker-79: Download sources and javadoc] INFO  o.e.m.c.i.e.AbstractTransferListenerAdapter - Downloaded https://repo.maven.apache.org/maven2/org/apache/logging/log4j/log4j-to-slf4j/2.23.1/log4j-to-slf4j-2.23.1-sources.jar
2026-09-14 15:37:28,528 [Worker-79: Download sources and javadoc] INFO  o.e.m.j.internal.DownloadSourcesJob - Downloaded sources for org.apache.logging.log4j:log4j-to-slf4j:2.23.1
2026-09-14 15:37:28,702 [Worker-79: Download sources and javadoc] INFO  o.e.m.c.i.e.AbstractTransferListenerAdapter - Downloading https://repo.maven.apache.org/maven2/org/apache/logging/log4j/log4j-api/2.23.1/log4j-api-2.23.1-sources.jar
2026-09-14 15:37:29,078 [Worker-79: Download sources and javadoc] INFO  o.e.m.c.i.e.AbstractTransferListenerAdapter - Downloaded https://repo.maven.apache.org/maven2/org/apache/logging/log4j/log4j-api/2.23.1/log4j-api-2.23.1-sources.jar
2026-09-14 15:37:29,087 [Worker-79: Download sources and javadoc] INFO  o.e.m.j.internal.DownloadSourcesJob - Downloaded sources for org.apache.logging.log4j:log4j-api:2.23.1
2026-09-14 15:37:29,235 [Worker-79: Download sources and javadoc] INFO  o.e.m.c.i.e.AbstractTransferListenerAdapter - Downloading https://repo.maven.apache.org/maven2/org/slf4j/jul-to-slf4j/2.0.16/jul-to-slf4j-2.0.16-sources.jar
2026-09-14 15:37:29,243 [Worker-79: Download sources and javadoc] INFO  o.e.m.c.i.e.AbstractTransferListenerAdapter - Downloaded https://repo.maven.apache.org/maven2/org/slf4j/jul-to-slf4j/2.0.16/jul-to-slf4j-2.0.16-sources.jar
2026-09-14 15:37:29,255 [Worker-79: Download sources and javadoc] INFO  o.e.m.j.internal.DownloadSourcesJob - Downloaded sources for org.slf4j:jul-to-slf4j:2.0.16
2026-09-14 15:37:29,407 [Worker-79: Download sources and javadoc] INFO  o.e.m.c.i.e.AbstractTransferListenerAdapter - Downloading https://repo.maven.apache.org/maven2/org/springframework/boot/spring-boot-starter-json/3.3.4/spring-boot-starter-json-3.3.4-sources.jar
2026-09-14 15:37:29,416 [Worker-79: Download sources and javadoc] INFO  o.e.m.c.i.e.AbstractTransferListenerAdapter - Downloaded https://repo.maven.apache.org/maven2/org/springframework/boot/spring-boot-starter-json/3.3.4/spring-boot-starter-json-3.3.4-sources.jar
2026-09-14 15:37:29,423 [Worker-79: Download sources and javadoc] INFO  o.e.m.j.internal.DownloadSourcesJob - Downloaded sources for org.springframework.boot:spring-boot-starter-json:3.3.4
2026-09-14 15:37:29,599 [Worker-79: Download sources and javadoc] INFO  o.e.m.c.i.e.AbstractTransferListenerAdapter - Downloading https://repo.maven.apache.org/maven2/com/fasterxml/jackson/core/jackson-databind/2.17.2/jackson-databind-2.17.2-sources.jar
2026-09-14 15:37:30,682 [Worker-79: Download sources and javadoc] INFO  o.e.m.c.i.e.AbstractTransferListenerAdapter - Downloaded https://repo.maven.apache.org/maven2/com/fasterxml/jackson/core/jackson-databind/2.17.2/jackson-databind-2.17.2-sources.jar
2026-09-14 15:37:30,692 [Worker-79: Download sources and javadoc] INFO  o.e.m.j.internal.DownloadSourcesJob - Downloaded sources for com.fasterxml.jackson.core:jackson-databind:2.17.2
2026-09-14 15:37:30,887 [Worker-79: Download sources and javadoc] INFO  o.e.m.c.i.e.AbstractTransferListenerAdapter - Downloading https://repo.maven.apache.org/maven2/com/fasterxml/jackson/core/jackson-annotations/2.17.2/jackson-annotations-2.17.2-sources.jar
2026-09-14 15:37:31,020 [Worker-79: Download sources and javadoc] INFO  o.e.m.c.i.e.AbstractTransferListenerAdapter - Downloaded https://repo.maven.apache.org/maven2/com/fasterxml/jackson/core/jackson-annotations/2.17.2/jackson-annotations-2.17.2-sources.jar
2026-09-14 15:37:31,028 [Worker-79: Download sources and javadoc] INFO  o.e.m.j.internal.DownloadSourcesJob - Downloaded sources for com.fasterxml.jackson.core:jackson-annotations:2.17.2
2026-09-14 15:37:31,211 [Worker-79: Download sources and javadoc] INFO  o.e.m.c.i.e.AbstractTransferListenerAdapter - Downloading https://repo.maven.apache.org/maven2/com/fasterxml/jackson/core/jackson-core/2.17.2/jackson-core-2.17.2-sources.jar
2026-09-14 15:37:31,789 [Worker-79: Download sources and javadoc] INFO  o.e.m.c.i.e.AbstractTransferListenerAdapter - Downloaded https://repo.maven.apache.org/maven2/com/fasterxml/jackson/core/jackson-core/2.17.2/jackson-core-2.17.2-sources.jar
2026-09-14 15:37:31,796 [Worker-79: Download sources and javadoc] INFO  o.e.m.j.internal.DownloadSourcesJob - Downloaded sources for com.fasterxml.jackson.core:jackson-core:2.17.2
2026-09-14 15:37:32,045 [Worker-79: Download sources and javadoc] INFO  o.e.m.c.i.e.AbstractTransferListenerAdapter - Downloading https://repo.maven.apache.org/maven2/com/fasterxml/jackson/datatype/jackson-datatype-jdk8/2.17.2/jackson-datatype-jdk8-2.17.2-sources.jar
2026-09-14 15:37:32,098 [Worker-79: Download sources and javadoc] INFO  o.e.m.c.i.e.AbstractTransferListenerAdapter - Downloaded https://repo.maven.apache.org/maven2/com/fasterxml/jackson/datatype/jackson-datatype-jdk8/2.17.2/jackson-datatype-jdk8-2.17.2-sources.jar
2026-09-14 15:37:32,105 [Worker-79: Download sources and javadoc] INFO  o.e.m.j.internal.DownloadSourcesJob - Downloaded sources for com.fasterxml.jackson.datatype:jackson-datatype-jdk8:2.17.2
2026-09-14 15:37:32,320 [Worker-79: Download sources and javadoc] INFO  o.e.m.c.i.e.AbstractTransferListenerAdapter - Downloading https://repo.maven.apache.org/maven2/com/fasterxml/jackson/datatype/jackson-datatype-jsr310/2.17.2/jackson-datatype-jsr310-2.17.2-sources.jar
2026-09-14 15:37:32,479 [Worker-79: Download sources and javadoc] INFO  o.e.m.c.i.e.AbstractTransferListenerAdapter - Downloaded https://repo.maven.apache.org/maven2/com/fasterxml/jackson/datatype/jackson-datatype-jsr310/2.17.2/jackson-datatype-jsr310-2.17.2-sources.jar
2026-09-14 15:37:32,487 [Worker-79: Download sources and javadoc] INFO  o.e.m.j.internal.DownloadSourcesJob - Downloaded sources for com.fasterxml.jackson.datatype:jackson-datatype-jsr310:2.17.2
2026-09-14 15:37:32,675 [Worker-79: Download sources and javadoc] INFO  o.e.m.c.i.e.AbstractTransferListenerAdapter - Downloading https://repo.maven.apache.org/maven2/com/fasterxml/jackson/module/jackson-module-parameter-names/2.17.2/jackson-module-parameter-names-2.17.2-sources.jar
2026-09-14 15:37:32,684 [Worker-79: Download sources and javadoc] INFO  o.e.m.c.i.e.AbstractTransferListenerAdapter - Downloaded https://repo.maven.apache.org/maven2/com/fasterxml/jackson/module/jackson-module-parameter-names/2.17.2/jackson-module-parameter-names-2.17.2-sources.jar
2026-09-14 15:37:32,692 [Worker-79: Download sources and javadoc] INFO  o.e.m.j.internal.DownloadSourcesJob - Downloaded sources for com.fasterxml.jackson.module:jackson-module-parameter-names:2.17.2
2026-09-14 15:37:32,930 [Worker-79: Download sources and javadoc] INFO  o.e.m.c.i.e.AbstractTransferListenerAdapter - Downloading https://repo.maven.apache.org/maven2/org/springframework/boot/spring-boot-starter-tomcat/3.3.4/spring-boot-starter-tomcat-3.3.4-sources.jar
2026-09-14 15:37:32,935 [Worker-79: Download sources and javadoc] INFO  o.e.m.c.i.e.AbstractTransferListenerAdapter - Downloaded https://repo.maven.apache.org/maven2/org/springframework/boot/spring-boot-starter-tomcat/3.3.4/spring-boot-starter-tomcat-3.3.4-sources.jar
2026-09-14 15:37:32,943 [Worker-79: Download sources and javadoc] INFO  o.e.m.j.internal.DownloadSourcesJob - Downloaded sources for org.springframework.boot:spring-boot-starter-tomcat:3.3.4
2026-09-14 15:37:33,277 [Worker-79: Download sources and javadoc] INFO  o.e.m.c.i.e.AbstractTransferListenerAdapter - Downloading https://repo.maven.apache.org/maven2/org/apache/tomcat/embed/tomcat-embed-core/10.1.30/tomcat-embed-core-10.1.30-sources.jar
2026-09-14 15:37:37,110 [BasicRepositoryConnector-repo.maven.apache.org-8-2] INFO  o.e.m.c.i.e.AbstractTransferListenerAdapter - Downloaded https://repo.maven.apache.org/maven2/com/github/luben/zstd-jni/1.5.5-11/zstd-jni-1.5.5-11.jar
2026-09-14 15:37:37,335 [Worker-88: Launching New_configuration] WARN  o.apache.maven.project.MavenProject - Plugin is modifying compileSourceRoots through clear(), which will not work in Maven 4.0.0. Use MavenProject.addCompileSourceRoot()/removeCompileSourceRoot() methods instead. If using a plugin, please upgrade to the latest version or report the issue to the plugin maintainer. To disable these warnings, set -Dmaven.project.sourceRoots.warningsDisabled=true on the command line, in the .mvn/maven.config file, or in project POM properties.
2026-09-14 15:37:37,336 [Worker-88: Launching New_configuration] WARN  o.apache.maven.project.MavenProject - Plugin is modifying compileSourceRoots through add(), which will not work in Maven 4.0.0. Use MavenProject.addCompileSourceRoot()/removeCompileSourceRoot() methods instead. If using a plugin, please upgrade to the latest version or report the issue to the plugin maintainer. To disable these warnings, set -Dmaven.project.sourceRoots.warningsDisabled=true on the command line, in the .mvn/maven.config file, or in project POM properties.
2026-09-14 15:37:37,337 [Worker-88: Launching New_configuration] WARN  o.apache.maven.project.MavenProject - Plugin is modifying testCompileSourceRoots through clear(), which will not work in Maven 4.0.0. Use MavenProject.addTestCompileSourceRoot()/removeTestCompileSourceRoot() methods instead. If using a plugin, please upgrade to the latest version or report the issue to the plugin maintainer. To disable these warnings, set -Dmaven.project.sourceRoots.warningsDisabled=true on the command line, in the .mvn/maven.config file, or in project POM properties.
2026-09-14 15:37:37,338 [Worker-88: Launching New_configuration] WARN  o.apache.maven.project.MavenProject - Plugin is modifying testCompileSourceRoots through add(), which will not work in Maven 4.0.0. Use MavenProject.addTestCompileSourceRoot()/removeTestCompileSourceRoot() methods instead. If using a plugin, please upgrade to the latest version or report the issue to the plugin maintainer. To disable these warnings, set -Dmaven.project.sourceRoots.warningsDisabled=true on the command line, in the .mvn/maven.config file, or in project POM properties.
2026-09-14 15:37:37,371 [Worker-87: Updating Maven Project] INFO  o.e.m.c.i.p.ProjectConfigurationManager - Update started
2026-09-14 15:37:37,949 [Worker-87: Updating Maven Project] INFO  o.e.m.c.i.l.LifecycleMappingFactory - Using org.eclipse.m2e.jdt.JarLifecycleMapping lifecycle mapping for MavenProject: com.example:web_2:0.0.1-SNAPSHOT @ C:\Users\andre\eclipse-workspace\proyecto_web2\web_2\bin\pom.xml.
2026-09-14 15:37:38,176 [Worker-87: Updating Maven Project] WARN  o.e.m.c.i.embedder.EclipseLogger - The artifact mysql:mysql-connector-java:jar:8.0.33 has been relocated to com.mysql:mysql-connector-j:jar:8.0.33: MySQL Connector/J artifacts moved to reverse-DNS compliant Maven 2+ coordinates.
2026-09-14 15:37:38,495 [Worker-87: Updating Maven Project] INFO  o.e.m.j.i.AbstractJavaProjectConfigurator - Adding source folder /demo/src/main/java
2026-09-14 15:37:38,496 [Worker-87: Updating Maven Project] INFO  o.e.m.j.i.AbstractJavaProjectConfigurator - Adding resource folder /demo/src/main/resources
2026-09-14 15:37:38,497 [Worker-87: Updating Maven Project] INFO  o.e.m.j.i.AbstractJavaProjectConfigurator - Adding resource folder /demo/src/main/resources
2026-09-14 15:37:38,498 [Worker-87: Updating Maven Project] INFO  o.e.m.j.i.AbstractJavaProjectConfigurator - Adding source folder /demo/src/test/java
2026-09-14 15:37:38,498 [Worker-87: Updating Maven Project] INFO  o.e.m.j.i.AbstractJavaProjectConfigurator - Adding resource folder /demo/src/test/resources
2026-09-14 15:37:38,792 [Worker-87: Updating Maven Project] WARN  o.apache.maven.project.MavenProject - Plugin is modifying compileSourceRoots through clear(), which will not work in Maven 4.0.0. Use MavenProject.addCompileSourceRoot()/removeCompileSourceRoot() methods instead. If using a plugin, please upgrade to the latest version or report the issue to the plugin maintainer. To disable these warnings, set -Dmaven.project.sourceRoots.warningsDisabled=true on the command line, in the .mvn/maven.config file, or in project POM properties.
2026-09-14 15:37:38,793 [Worker-87: Updating Maven Project] WARN  o.apache.maven.project.MavenProject - Plugin is modifying compileSourceRoots through add(), which will not work in Maven 4.0.0. Use MavenProject.addCompileSourceRoot()/removeCompileSourceRoot() methods instead. If using a plugin, please upgrade to the latest version or report the issue to the plugin maintainer. To disable these warnings, set -Dmaven.project.sourceRoots.warningsDisabled=true on the command line, in the .mvn/maven.config file, or in project POM properties.
2026-09-14 15:37:38,794 [Worker-87: Updating Maven Project] WARN  o.apache.maven.project.MavenProject - Plugin is modifying testCompileSourceRoots through clear(), which will not work in Maven 4.0.0. Use MavenProject.addTestCompileSourceRoot()/removeTestCompileSourceRoot() methods instead. If using a plugin, please upgrade to the latest version or report the issue to the plugin maintainer. To disable these warnings, set -Dmaven.project.sourceRoots.warningsDisabled=true on the command line, in the .mvn/maven.config file, or in project POM properties.
2026-09-14 15:37:38,795 [Worker-87: Updating Maven Project] WARN  o.apache.maven.project.MavenProject - Plugin is modifying testCompileSourceRoots through add(), which will not work in Maven 4.0.0. Use MavenProject.addTestCompileSourceRoot()/removeTestCompileSourceRoot() methods instead. If using a plugin, please upgrade to the latest version or report the issue to the plugin maintainer. To disable these warnings, set -Dmaven.project.sourceRoots.warningsDisabled=true on the command line, in the .mvn/maven.config file, or in project POM properties.
2026-09-14 15:37:38,873 [Worker-87: Updating Maven Project] INFO  o.e.m.c.i.p.ProjectConfigurationManager - Update completed for 1 poms: local refresh takes 0,00 sec, refresh facades takes 1,00 sec, update config takes 0,00 sec 
2026-09-14 15:37:39,132 [Worker-86: Building] INFO  o.a.m.s.f.DefaultMavenResourcesFiltering - skip non existing resourceDirectory C:\Users\andre\eclipse-workspace\proyecto_web2\web_2\bin\src\main\resources
2026-09-14 15:37:39,132 [Worker-86: Building] INFO  o.a.m.s.f.DefaultMavenResourcesFiltering - skip non existing resourceDirectory C:\Users\andre\eclipse-workspace\proyecto_web2\web_2\bin\src\main\resources
2026-09-14 15:37:39,137 [Worker-86: Building] INFO  o.a.m.s.f.DefaultMavenResourcesFiltering - skip non existing resourceDirectory C:\Users\andre\eclipse-workspace\proyecto_web2\web_2\bin\src\test\resources
2026-09-14 15:39:38,641 [Worker-1: Loading available Gradle versions] INFO  o.e.b.c.i.u.g.PublishedGradleVersions - Gradle version information cache is up-to-date. Trying to read.
2026-09-14 15:39:39,315 [Worker-3: reload maven project] ERROR o.e.m.c.i.p.r.ProjectRegistryManager - Failed to read Maven project: Some problems were encountered while processing the POMs:
[FATAL] Non-readable POM C:\Users\andre\eclipse-workspace\proyecto_web2\web_2\pom.xml: C:\Users\andre\eclipse-workspace\proyecto_web2\web_2\pom.xml (El sistema no puede encontrar el archivo especificado) @ 

org.apache.maven.project.ProjectBuildingException: Some problems were encountered while processing the POMs:
[FATAL] Non-readable POM C:\Users\andre\eclipse-workspace\proyecto_web2\web_2\pom.xml: C:\Users\andre\eclipse-workspace\proyecto_web2\web_2\pom.xml (El sistema no puede encontrar el archivo especificado) @ 

	at org.eclipse.m2e.core.internal.IMavenToolbox.readMavenProjects(IMavenToolbox.java:140)
	at org.eclipse.m2e.core.internal.project.registry.ProjectRegistryManager.lambda$22(ProjectRegistryManager.java:948)
	at org.eclipse.m2e.core.internal.embedder.MavenExecutionContext.executeBare(MavenExecutionContext.java:462)
	at org.eclipse.m2e.core.internal.embedder.MavenExecutionContext.execute(MavenExecutionContext.java:342)
	at org.eclipse.m2e.core.internal.embedder.MavenExecutionContext.execute(MavenExecutionContext.java:281)
	at org.eclipse.m2e.core.internal.project.registry.ProjectRegistryManager.readProjectsWithDependencies(ProjectRegistryManager.java:944)
	at org.eclipse.m2e.core.internal.project.registry.ProjectRegistryManager.create(ProjectRegistryManager.java:219)
	at org.eclipse.m2e.core.internal.project.registry.MavenProjectManager.create(MavenProjectManager.java:105)
	at org.eclipse.m2e.core.ui.internal.actions.SelectionUtil.getMavenProject(SelectionUtil.java:239)
	at org.eclipse.m2e.editor.pom.MavenPomEditor.readMavenProject(MavenPomEditor.java:709)
	at org.eclipse.m2e.editor.pom.MavenPomEditor$4.run(MavenPomEditor.java:1029)
	at org.eclipse.core.internal.jobs.Worker.run(Worker.java:63)
2026-09-14 15:39:43,400 [Worker-15: Building] WARN  o.e.m.c.i.embedder.EclipseLogger - The artifact mysql:mysql-connector-java:jar:8.0.33 has been relocated to com.mysql:mysql-connector-j:jar:8.0.33: MySQL Connector/J artifacts moved to reverse-DNS compliant Maven 2+ coordinates.
2026-09-14 15:39:45,274 [Worker-15: Building] WARN  o.e.m.c.i.embedder.EclipseLogger - The artifact mysql:mysql-connector-java:jar:8.0.33 has been relocated to com.mysql:mysql-connector-j:jar:8.0.33: MySQL Connector/J artifacts moved to reverse-DNS compliant Maven 2+ coordinates.
2026-09-14 15:39:46,130 [Worker-15: Building] INFO  o.e.m.c.i.l.LifecycleMappingFactory - Using org.eclipse.m2e.jdt.JarLifecycleMapping lifecycle mapping for MavenProject: com.example:web_2:0.0.1-SNAPSHOT @ C:\Users\andre\eclipse-workspace\proyecto_web2\web_2\bin\pom.xml.
2026-09-14 15:39:46,144 [Worker-15: Building] WARN  o.e.m.c.i.embedder.EclipseLogger - The artifact mysql:mysql-connector-java:jar:8.0.33 has been relocated to com.mysql:mysql-connector-j:jar:8.0.33: MySQL Connector/J artifacts moved to reverse-DNS compliant Maven 2+ coordinates.
2026-09-14 15:39:47,631 [Worker-15: Building] INFO  o.a.m.s.f.DefaultMavenResourcesFiltering - skip non existing resourceDirectory C:\Users\andre\eclipse-workspace\proyecto_web2\web_2\bin\src\main\resources
2026-09-14 15:39:47,631 [Worker-15: Building] INFO  o.a.m.s.f.DefaultMavenResourcesFiltering - skip non existing resourceDirectory C:\Users\andre\eclipse-workspace\proyecto_web2\web_2\bin\src\main\resources
2026-09-14 15:39:47,639 [Worker-15: Building] INFO  o.a.m.s.f.DefaultMavenResourcesFiltering - skip non existing resourceDirectory C:\Users\andre\eclipse-workspace\proyecto_web2\web_2\bin\src\test\resources
2026-09-14 15:39:47,664 [Worker-15: Building] WARN  o.apache.maven.project.MavenProject - Plugin is modifying compileSourceRoots through clear(), which will not work in Maven 4.0.0. Use MavenProject.addCompileSourceRoot()/removeCompileSourceRoot() methods instead. If using a plugin, please upgrade to the latest version or report the issue to the plugin maintainer. To disable these warnings, set -Dmaven.project.sourceRoots.warningsDisabled=true on the command line, in the .mvn/maven.config file, or in project POM properties.
2026-09-14 15:39:47,670 [Worker-15: Building] WARN  o.apache.maven.project.MavenProject - Plugin is modifying compileSourceRoots through add(), which will not work in Maven 4.0.0. Use MavenProject.addCompileSourceRoot()/removeCompileSourceRoot() methods instead. If using a plugin, please upgrade to the latest version or report the issue to the plugin maintainer. To disable these warnings, set -Dmaven.project.sourceRoots.warningsDisabled=true on the command line, in the .mvn/maven.config file, or in project POM properties.
2026-09-14 15:39:47,672 [Worker-15: Building] WARN  o.apache.maven.project.MavenProject - Plugin is modifying testCompileSourceRoots through clear(), which will not work in Maven 4.0.0. Use MavenProject.addTestCompileSourceRoot()/removeTestCompileSourceRoot() methods instead. If using a plugin, please upgrade to the latest version or report the issue to the plugin maintainer. To disable these warnings, set -Dmaven.project.sourceRoots.warningsDisabled=true on the command line, in the .mvn/maven.config file, or in project POM properties.
2026-09-14 15:39:47,673 [Worker-15: Building] WARN  o.apache.maven.project.MavenProject - Plugin is modifying testCompileSourceRoots through add(), which will not work in Maven 4.0.0. Use MavenProject.addTestCompileSourceRoot()/removeTestCompileSourceRoot() methods instead. If using a plugin, please upgrade to the latest version or report the issue to the plugin maintainer. To disable these warnings, set -Dmaven.project.sourceRoots.warningsDisabled=true on the command line, in the .mvn/maven.config file, or in project POM properties.
2026-09-14 15:39:49,330 [Worker-13: Download sources and javadoc] INFO  o.e.m.c.i.e.AbstractTransferListenerAdapter - Downloading https://repo.maven.apache.org/maven2/org/apache/tomcat/embed/tomcat-embed-core/10.1.30/tomcat-embed-core-10.1.30-sources.jar
2026-09-14 15:39:53,169 [Worker-13: Download sources and javadoc] INFO  o.e.m.c.i.e.AbstractTransferListenerAdapter - Downloaded https://repo.maven.apache.org/maven2/org/apache/tomcat/embed/tomcat-embed-core/10.1.30/tomcat-embed-core-10.1.30-sources.jar
2026-09-14 15:39:53,174 [Worker-13: Download sources and javadoc] INFO  o.e.m.j.internal.DownloadSourcesJob - Downloaded sources for org.apache.tomcat.embed:tomcat-embed-core:10.1.30
2026-09-14 15:39:53,415 [Worker-13: Download sources and javadoc] INFO  o.e.m.c.i.e.AbstractTransferListenerAdapter - Downloading https://repo.maven.apache.org/maven2/org/apache/tomcat/embed/tomcat-embed-el/10.1.30/tomcat-embed-el-10.1.30-sources.jar
2026-09-14 15:39:53,707 [Worker-13: Download sources and javadoc] INFO  o.e.m.c.i.e.AbstractTransferListenerAdapter - Downloaded https://repo.maven.apache.org/maven2/org/apache/tomcat/embed/tomcat-embed-el/10.1.30/tomcat-embed-el-10.1.30-sources.jar
2026-09-14 15:39:53,715 [Worker-13: Download sources and javadoc] INFO  o.e.m.j.internal.DownloadSourcesJob - Downloaded sources for org.apache.tomcat.embed:tomcat-embed-el:10.1.30
2026-09-14 15:39:53,891 [Worker-13: Download sources and javadoc] INFO  o.e.m.c.i.e.AbstractTransferListenerAdapter - Downloading https://repo.maven.apache.org/maven2/org/apache/tomcat/embed/tomcat-embed-websocket/10.1.30/tomcat-embed-websocket-10.1.30-sources.jar
2026-09-14 15:39:54,503 [Worker-13: Download sources and javadoc] INFO  o.e.m.c.i.e.AbstractTransferListenerAdapter - Downloaded https://repo.maven.apache.org/maven2/org/apache/tomcat/embed/tomcat-embed-websocket/10.1.30/tomcat-embed-websocket-10.1.30-sources.jar
2026-09-14 15:39:54,514 [Worker-13: Download sources and javadoc] INFO  o.e.m.j.internal.DownloadSourcesJob - Downloaded sources for org.apache.tomcat.embed:tomcat-embed-websocket:10.1.30
2026-09-14 15:39:54,709 [Worker-13: Download sources and javadoc] INFO  o.e.m.c.i.e.AbstractTransferListenerAdapter - Downloading https://repo.maven.apache.org/maven2/org/springframework/spring-web/6.1.13/spring-web-6.1.13-sources.jar
2026-09-14 15:39:57,481 [Worker-13: Download sources and javadoc] INFO  o.e.m.c.i.e.AbstractTransferListenerAdapter - Downloaded https://repo.maven.apache.org/maven2/org/springframework/spring-web/6.1.13/spring-web-6.1.13-sources.jar
2026-09-14 15:39:57,489 [Worker-13: Download sources and javadoc] INFO  o.e.m.j.internal.DownloadSourcesJob - Downloaded sources for org.springframework:spring-web:6.1.13
2026-09-14 15:39:57,703 [Worker-13: Download sources and javadoc] INFO  o.e.m.c.i.e.AbstractTransferListenerAdapter - Downloading https://repo.maven.apache.org/maven2/org/springframework/spring-beans/6.1.13/spring-beans-6.1.13-sources.jar
2026-09-14 15:39:58,281 [Worker-13: Download sources and javadoc] INFO  o.e.m.c.i.e.AbstractTransferListenerAdapter - Downloaded https://repo.maven.apache.org/maven2/org/springframework/spring-beans/6.1.13/spring-beans-6.1.13-sources.jar
2026-09-14 15:39:58,290 [Worker-13: Download sources and javadoc] INFO  o.e.m.j.internal.DownloadSourcesJob - Downloaded sources for org.springframework:spring-beans:6.1.13
2026-09-14 15:39:58,499 [Worker-13: Download sources and javadoc] INFO  o.e.m.c.i.e.AbstractTransferListenerAdapter - Downloading https://repo.maven.apache.org/maven2/io/micrometer/micrometer-observation/1.13.4/micrometer-observation-1.13.4-sources.jar
2026-09-14 15:39:58,593 [Worker-13: Download sources and javadoc] INFO  o.e.m.c.i.e.AbstractTransferListenerAdapter - Downloaded https://repo.maven.apache.org/maven2/io/micrometer/micrometer-observation/1.13.4/micrometer-observation-1.13.4-sources.jar
2026-09-14 15:39:58,599 [Worker-13: Download sources and javadoc] INFO  o.e.m.j.internal.DownloadSourcesJob - Downloaded sources for io.micrometer:micrometer-observation:1.13.4
2026-09-14 15:39:58,779 [Worker-13: Download sources and javadoc] INFO  o.e.m.c.i.e.AbstractTransferListenerAdapter - Downloading https://repo.maven.apache.org/maven2/io/micrometer/micrometer-commons/1.13.4/micrometer-commons-1.13.4-sources.jar
2026-09-14 15:39:58,877 [Worker-13: Download sources and javadoc] INFO  o.e.m.c.i.e.AbstractTransferListenerAdapter - Downloaded https://repo.maven.apache.org/maven2/io/micrometer/micrometer-commons/1.13.4/micrometer-commons-1.13.4-sources.jar
2026-09-14 15:39:58,883 [Worker-13: Download sources and javadoc] INFO  o.e.m.j.internal.DownloadSourcesJob - Downloaded sources for io.micrometer:micrometer-commons:1.13.4
2026-09-14 15:39:59,037 [Worker-13: Download sources and javadoc] INFO  o.e.m.c.i.e.AbstractTransferListenerAdapter - Downloading https://repo.maven.apache.org/maven2/org/springframework/spring-webmvc/6.1.13/spring-webmvc-6.1.13-sources.jar
2026-09-14 15:39:59,841 [Worker-13: Download sources and javadoc] INFO  o.e.m.c.i.e.AbstractTransferListenerAdapter - Downloaded https://repo.maven.apache.org/maven2/org/springframework/spring-webmvc/6.1.13/spring-webmvc-6.1.13-sources.jar
2026-09-14 15:39:59,849 [Worker-13: Download sources and javadoc] INFO  o.e.m.j.internal.DownloadSourcesJob - Downloaded sources for org.springframework:spring-webmvc:6.1.13
2026-09-14 15:40:00,008 [Worker-13: Download sources and javadoc] INFO  o.e.m.c.i.e.AbstractTransferListenerAdapter - Downloading https://repo.maven.apache.org/maven2/org/springframework/spring-aop/6.1.13/spring-aop-6.1.13-sources.jar
2026-09-14 15:40:00,304 [Worker-13: Download sources and javadoc] INFO  o.e.m.c.i.e.AbstractTransferListenerAdapter - Downloaded https://repo.maven.apache.org/maven2/org/springframework/spring-aop/6.1.13/spring-aop-6.1.13-sources.jar
2026-09-14 15:40:00,309 [Worker-13: Download sources and javadoc] INFO  o.e.m.j.internal.DownloadSourcesJob - Downloaded sources for org.springframework:spring-aop:6.1.13
2026-09-14 15:40:00,468 [Worker-13: Download sources and javadoc] INFO  o.e.m.c.i.e.AbstractTransferListenerAdapter - Downloading https://repo.maven.apache.org/maven2/org/springframework/spring-context/6.1.13/spring-context-6.1.13-sources.jar
2026-09-14 15:40:01,392 [Worker-13: Download sources and javadoc] INFO  o.e.m.c.i.e.AbstractTransferListenerAdapter - Downloaded https://repo.maven.apache.org/maven2/org/springframework/spring-context/6.1.13/spring-context-6.1.13-sources.jar
2026-09-14 15:40:01,402 [Worker-13: Download sources and javadoc] INFO  o.e.m.j.internal.DownloadSourcesJob - Downloaded sources for org.springframework:spring-context:6.1.13
2026-09-14 15:40:01,559 [Worker-13: Download sources and javadoc] INFO  o.e.m.c.i.e.AbstractTransferListenerAdapter - Downloading https://repo.maven.apache.org/maven2/org/springframework/spring-expression/6.1.13/spring-expression-6.1.13-sources.jar
2026-09-14 15:40:01,846 [Worker-13: Download sources and javadoc] INFO  o.e.m.c.i.e.AbstractTransferListenerAdapter - Downloaded https://repo.maven.apache.org/maven2/org/springframework/spring-expression/6.1.13/spring-expression-6.1.13-sources.jar
2026-09-14 15:40:01,854 [Worker-13: Download sources and javadoc] INFO  o.e.m.j.internal.DownloadSourcesJob - Downloaded sources for org.springframework:spring-expression:6.1.13
2026-09-14 15:40:02,025 [Worker-13: Download sources and javadoc] INFO  o.e.m.c.i.e.AbstractTransferListenerAdapter - Downloading https://repo.maven.apache.org/maven2/org/springframework/boot/spring-boot-starter-data-jpa/3.3.4/spring-boot-starter-data-jpa-3.3.4-sources.jar
2026-09-14 15:40:02,035 [Worker-13: Download sources and javadoc] INFO  o.e.m.c.i.e.AbstractTransferListenerAdapter - Downloaded https://repo.maven.apache.org/maven2/org/springframework/boot/spring-boot-starter-data-jpa/3.3.4/spring-boot-starter-data-jpa-3.3.4-sources.jar
2026-09-14 15:40:02,044 [Worker-13: Download sources and javadoc] INFO  o.e.m.j.internal.DownloadSourcesJob - Downloaded sources for org.springframework.boot:spring-boot-starter-data-jpa:3.3.4
2026-09-14 15:40:02,239 [Worker-13: Download sources and javadoc] INFO  o.e.m.c.i.e.AbstractTransferListenerAdapter - Downloading https://repo.maven.apache.org/maven2/org/springframework/boot/spring-boot-starter-aop/3.3.4/spring-boot-starter-aop-3.3.4-sources.jar
2026-09-14 15:40:02,245 [Worker-13: Download sources and javadoc] INFO  o.e.m.c.i.e.AbstractTransferListenerAdapter - Downloaded https://repo.maven.apache.org/maven2/org/springframework/boot/spring-boot-starter-aop/3.3.4/spring-boot-starter-aop-3.3.4-sources.jar
2026-09-14 15:40:02,254 [Worker-13: Download sources and javadoc] INFO  o.e.m.j.internal.DownloadSourcesJob - Downloaded sources for org.springframework.boot:spring-boot-starter-aop:3.3.4
2026-09-14 15:40:02,424 [Worker-13: Download sources and javadoc] INFO  o.e.m.c.i.e.AbstractTransferListenerAdapter - Downloading https://repo.maven.apache.org/maven2/org/aspectj/aspectjweaver/1.9.22.1/aspectjweaver-1.9.22.1-sources.jar
2026-09-14 15:40:04,555 [Worker-13: Download sources and javadoc] INFO  o.e.m.c.i.e.AbstractTransferListenerAdapter - Downloaded https://repo.maven.apache.org/maven2/org/aspectj/aspectjweaver/1.9.22.1/aspectjweaver-1.9.22.1-sources.jar
2026-09-14 15:40:04,561 [Worker-13: Download sources and javadoc] INFO  o.e.m.j.internal.DownloadSourcesJob - Downloaded sources for org.aspectj:aspectjweaver:1.9.22.1
2026-09-14 15:40:04,707 [Worker-13: Download sources and javadoc] INFO  o.e.m.c.i.e.AbstractTransferListenerAdapter - Downloading https://repo.maven.apache.org/maven2/org/springframework/boot/spring-boot-starter-jdbc/3.3.4/spring-boot-starter-jdbc-3.3.4-sources.jar
2026-09-14 15:40:04,720 [Worker-13: Download sources and javadoc] INFO  o.e.m.c.i.e.AbstractTransferListenerAdapter - Downloaded https://repo.maven.apache.org/maven2/org/springframework/boot/spring-boot-starter-jdbc/3.3.4/spring-boot-starter-jdbc-3.3.4-sources.jar
2026-09-14 15:40:04,732 [Worker-13: Download sources and javadoc] INFO  o.e.m.j.internal.DownloadSourcesJob - Downloaded sources for org.springframework.boot:spring-boot-starter-jdbc:3.3.4
2026-09-14 15:40:04,901 [Worker-13: Download sources and javadoc] INFO  o.e.m.c.i.e.AbstractTransferListenerAdapter - Downloading https://repo.maven.apache.org/maven2/com/zaxxer/HikariCP/5.1.0/HikariCP-5.1.0-sources.jar
2026-09-14 15:40:05,175 [Worker-13: Download sources and javadoc] INFO  o.e.m.c.i.e.AbstractTransferListenerAdapter - Downloaded https://repo.maven.apache.org/maven2/com/zaxxer/HikariCP/5.1.0/HikariCP-5.1.0-sources.jar
2026-09-14 15:40:05,186 [Worker-13: Download sources and javadoc] INFO  o.e.m.j.internal.DownloadSourcesJob - Downloaded sources for com.zaxxer:HikariCP:5.1.0
2026-09-14 15:40:05,345 [Worker-13: Download sources and javadoc] INFO  o.e.m.c.i.e.AbstractTransferListenerAdapter - Downloading https://repo.maven.apache.org/maven2/org/springframework/spring-jdbc/6.1.13/spring-jdbc-6.1.13-sources.jar
2026-09-14 15:40:05,697 [Worker-13: Download sources and javadoc] INFO  o.e.m.c.i.e.AbstractTransferListenerAdapter - Downloaded https://repo.maven.apache.org/maven2/org/springframework/spring-jdbc/6.1.13/spring-jdbc-6.1.13-sources.jar
2026-09-14 15:40:05,703 [Worker-13: Download sources and javadoc] INFO  o.e.m.j.internal.DownloadSourcesJob - Downloaded sources for org.springframework:spring-jdbc:6.1.13
2026-09-14 15:40:06,177 [Worker-13: Download sources and javadoc] INFO  o.e.m.c.i.e.AbstractTransferListenerAdapter - Downloading https://repo.maven.apache.org/maven2/org/hibernate/orm/hibernate-core/6.5.3.Final/hibernate-core-6.5.3.Final-sources.jar
2026-09-14 15:40:09,618 [Worker-10: Launching New_configuration] INFO  o.a.m.s.f.DefaultMavenResourcesFiltering - skip non existing resourceDirectory C:\Users\andre\eclipse-workspace\proyecto_web2\web_2\bin\src\main\resources
2026-09-14 15:40:09,618 [Worker-10: Launching New_configuration] INFO  o.a.m.s.f.DefaultMavenResourcesFiltering - skip non existing resourceDirectory C:\Users\andre\eclipse-workspace\proyecto_web2\web_2\bin\src\main\resources
2026-09-14 15:40:09,621 [Worker-10: Launching New_configuration] INFO  o.a.m.s.f.DefaultMavenResourcesFiltering - skip non existing resourceDirectory C:\Users\andre\eclipse-workspace\proyecto_web2\web_2\bin\src\test\resources
2026-09-14 15:40:09,623 [Worker-10: Launching New_configuration] WARN  o.apache.maven.project.MavenProject - Plugin is modifying compileSourceRoots through clear(), which will not work in Maven 4.0.0. Use MavenProject.addCompileSourceRoot()/removeCompileSourceRoot() methods instead. If using a plugin, please upgrade to the latest version or report the issue to the plugin maintainer. To disable these warnings, set -Dmaven.project.sourceRoots.warningsDisabled=true on the command line, in the .mvn/maven.config file, or in project POM properties.
2026-09-14 15:40:09,624 [Worker-10: Launching New_configuration] WARN  o.apache.maven.project.MavenProject - Plugin is modifying compileSourceRoots through add(), which will not work in Maven 4.0.0. Use MavenProject.addCompileSourceRoot()/removeCompileSourceRoot() methods instead. If using a plugin, please upgrade to the latest version or report the issue to the plugin maintainer. To disable these warnings, set -Dmaven.project.sourceRoots.warningsDisabled=true on the command line, in the .mvn/maven.config file, or in project POM properties.
2026-09-14 15:40:09,625 [Worker-10: Launching New_configuration] WARN  o.apache.maven.project.MavenProject - Plugin is modifying testCompileSourceRoots through clear(), which will not work in Maven 4.0.0. Use MavenProject.addTestCompileSourceRoot()/removeTestCompileSourceRoot() methods instead. If using a plugin, please upgrade to the latest version or report the issue to the plugin maintainer. To disable these warnings, set -Dmaven.project.sourceRoots.warningsDisabled=true on the command line, in the .mvn/maven.config file, or in project POM properties.
2026-09-14 15:40:09,627 [Worker-10: Launching New_configuration] WARN  o.apache.maven.project.MavenProject - Plugin is modifying testCompileSourceRoots through add(), which will not work in Maven 4.0.0. Use MavenProject.addTestCompileSourceRoot()/removeTestCompileSourceRoot() methods instead. If using a plugin, please upgrade to the latest version or report the issue to the plugin maintainer. To disable these warnings, set -Dmaven.project.sourceRoots.warningsDisabled=true on the command line, in the .mvn/maven.config file, or in project POM properties.
2026-09-14 15:40:14,075 [Worker-13: Download sources and javadoc] INFO  o.e.m.c.i.e.AbstractTransferListenerAdapter - Downloaded https://repo.maven.apache.org/maven2/org/hibernate/orm/hibernate-core/6.5.3.Final/hibernate-core-6.5.3.Final-sources.jar
2026-09-14 15:40:14,087 [Worker-13: Download sources and javadoc] INFO  o.e.m.j.internal.DownloadSourcesJob - Downloaded sources for org.hibernate.orm:hibernate-core:6.5.3.Final
2026-09-14 15:40:14,273 [Worker-13: Download sources and javadoc] INFO  o.e.m.c.i.e.AbstractTransferListenerAdapter - Downloading https://repo.maven.apache.org/maven2/com/fasterxml/classmate/1.7.0/classmate-1.7.0-sources.jar
2026-09-14 15:40:14,376 [Worker-13: Download sources and javadoc] INFO  o.e.m.c.i.e.AbstractTransferListenerAdapter - Downloaded https://repo.maven.apache.org/maven2/com/fasterxml/classmate/1.7.0/classmate-1.7.0-sources.jar
2026-09-14 15:40:14,389 [Worker-13: Download sources and javadoc] INFO  o.e.m.j.internal.DownloadSourcesJob - Downloaded sources for com.fasterxml:classmate:1.7.0
2026-09-14 15:40:14,606 [Worker-13: Download sources and javadoc] INFO  o.e.m.c.i.e.AbstractTransferListenerAdapter - Downloading https://repo.maven.apache.org/maven2/net/bytebuddy/byte-buddy/1.14.19/byte-buddy-1.14.19-sources.jar
2026-09-14 15:40:17,761 [Worker-13: Download sources and javadoc] INFO  o.e.m.c.i.e.AbstractTransferListenerAdapter - Downloaded https://repo.maven.apache.org/maven2/net/bytebuddy/byte-buddy/1.14.19/byte-buddy-1.14.19-sources.jar
2026-09-14 15:40:17,770 [Worker-13: Download sources and javadoc] INFO  o.e.m.j.internal.DownloadSourcesJob - Downloaded sources for net.bytebuddy:byte-buddy:1.14.19
2026-09-14 15:40:18,225 [Worker-13: Download sources and javadoc] INFO  o.e.m.c.i.e.AbstractTransferListenerAdapter - Downloading https://repo.maven.apache.org/maven2/org/springframework/data/spring-data-jpa/3.3.4/spring-data-jpa-3.3.4-sources.jar
2026-09-14 15:40:21,237 [Worker-13: Download sources and javadoc] INFO  o.e.m.c.i.e.AbstractTransferListenerAdapter - Downloaded https://repo.maven.apache.org/maven2/org/springframework/data/spring-data-jpa/3.3.4/spring-data-jpa-3.3.4-sources.jar
2026-09-14 15:40:21,247 [Worker-13: Download sources and javadoc] INFO  o.e.m.j.internal.DownloadSourcesJob - Downloaded sources for org.springframework.data:spring-data-jpa:3.3.4
2026-09-14 15:40:21,885 [Worker-13: Download sources and javadoc] INFO  o.e.m.c.i.e.AbstractTransferListenerAdapter - Downloading https://repo.maven.apache.org/maven2/org/springframework/data/spring-data-commons/3.3.4/spring-data-commons-3.3.4-sources.jar
2026-09-14 15:40:24,147 [Worker-13: Download sources and javadoc] INFO  o.e.m.c.i.e.AbstractTransferListenerAdapter - Downloaded https://repo.maven.apache.org/maven2/org/springframework/data/spring-data-commons/3.3.4/spring-data-commons-3.3.4-sources.jar
2026-09-14 15:40:24,155 [Worker-13: Download sources and javadoc] INFO  o.e.m.j.internal.DownloadSourcesJob - Downloaded sources for org.springframework.data:spring-data-commons:3.3.4
2026-09-14 15:40:24,407 [Worker-13: Download sources and javadoc] INFO  o.e.m.c.i.e.AbstractTransferListenerAdapter - Downloading https://repo.maven.apache.org/maven2/org/springframework/spring-orm/6.1.13/spring-orm-6.1.13-sources.jar
2026-09-14 15:40:24,745 [Worker-13: Download sources and javadoc] INFO  o.e.m.c.i.e.AbstractTransferListenerAdapter - Downloaded https://repo.maven.apache.org/maven2/org/springframework/spring-orm/6.1.13/spring-orm-6.1.13-sources.jar
2026-09-14 15:40:24,758 [Worker-13: Download sources and javadoc] INFO  o.e.m.j.internal.DownloadSourcesJob - Downloaded sources for org.springframework:spring-orm:6.1.13
2026-09-14 15:40:24,985 [Worker-13: Download sources and javadoc] INFO  o.e.m.c.i.e.AbstractTransferListenerAdapter - Downloading https://repo.maven.apache.org/maven2/org/springframework/spring-tx/6.1.13/spring-tx-6.1.13-sources.jar
2026-09-14 15:40:25,854 [Worker-13: Download sources and javadoc] INFO  o.e.m.c.i.e.AbstractTransferListenerAdapter - Downloaded https://repo.maven.apache.org/maven2/org/springframework/spring-tx/6.1.13/spring-tx-6.1.13-sources.jar
2026-09-14 15:40:25,865 [Worker-13: Download sources and javadoc] INFO  o.e.m.j.internal.DownloadSourcesJob - Downloaded sources for org.springframework:spring-tx:6.1.13
2026-09-14 15:40:26,224 [Worker-13: Download sources and javadoc] INFO  o.e.m.c.i.e.AbstractTransferListenerAdapter - Downloading https://repo.maven.apache.org/maven2/org/slf4j/slf4j-api/2.0.16/slf4j-api-2.0.16-sources.jar
2026-09-14 15:40:27,041 [Worker-13: Download sources and javadoc] INFO  o.e.m.c.i.e.AbstractTransferListenerAdapter - Downloaded https://repo.maven.apache.org/maven2/org/slf4j/slf4j-api/2.0.16/slf4j-api-2.0.16-sources.jar
2026-09-14 15:40:27,048 [Worker-13: Download sources and javadoc] INFO  o.e.m.j.internal.DownloadSourcesJob - Downloaded sources for org.slf4j:slf4j-api:2.0.16
2026-09-14 15:40:27,338 [Worker-13: Download sources and javadoc] INFO  o.e.m.c.i.e.AbstractTransferListenerAdapter - Downloading https://repo.maven.apache.org/maven2/org/springframework/spring-aspects/6.1.13/spring-aspects-6.1.13-sources.jar
2026-09-14 15:40:27,434 [Worker-13: Download sources and javadoc] INFO  o.e.m.c.i.e.AbstractTransferListenerAdapter - Downloaded https://repo.maven.apache.org/maven2/org/springframework/spring-aspects/6.1.13/spring-aspects-6.1.13-sources.jar
2026-09-14 15:40:27,439 [Worker-13: Download sources and javadoc] INFO  o.e.m.j.internal.DownloadSourcesJob - Downloaded sources for org.springframework:spring-aspects:6.1.13
2026-09-14 15:40:27,664 [Worker-13: Download sources and javadoc] INFO  o.e.m.c.i.e.AbstractTransferListenerAdapter - Downloading https://repo.maven.apache.org/maven2/org/projectlombok/lombok/1.18.34/lombok-1.18.34-sources.jar
2026-09-14 15:40:30,052 [Worker-13: Download sources and javadoc] INFO  o.e.m.c.i.e.AbstractTransferListenerAdapter - Downloaded https://repo.maven.apache.org/maven2/org/projectlombok/lombok/1.18.34/lombok-1.18.34-sources.jar
2026-09-14 15:40:30,060 [Worker-13: Download sources and javadoc] INFO  o.e.m.j.internal.DownloadSourcesJob - Downloaded sources for org.projectlombok:lombok:1.18.34
2026-09-14 15:40:30,241 [Worker-13: Download sources and javadoc] INFO  o.e.m.c.i.e.AbstractTransferListenerAdapter - Downloading https://repo.maven.apache.org/maven2/org/springframework/boot/spring-boot-starter-test/3.3.4/spring-boot-starter-test-3.3.4-sources.jar
2026-09-14 15:40:30,263 [Worker-13: Download sources and javadoc] INFO  o.e.m.c.i.e.AbstractTransferListenerAdapter - Downloaded https://repo.maven.apache.org/maven2/org/springframework/boot/spring-boot-starter-test/3.3.4/spring-boot-starter-test-3.3.4-sources.jar
2026-09-14 15:40:30,277 [Worker-13: Download sources and javadoc] INFO  o.e.m.j.internal.DownloadSourcesJob - Downloaded sources for org.springframework.boot:spring-boot-starter-test:3.3.4
2026-09-14 15:40:30,520 [Worker-13: Download sources and javadoc] INFO  o.e.m.c.i.e.AbstractTransferListenerAdapter - Downloading https://repo.maven.apache.org/maven2/org/springframework/boot/spring-boot-test/3.3.4/spring-boot-test-3.3.4-sources.jar
2026-09-14 15:40:30,882 [Worker-13: Download sources and javadoc] INFO  o.e.m.c.i.e.AbstractTransferListenerAdapter - Downloaded https://repo.maven.apache.org/maven2/org/springframework/boot/spring-boot-test/3.3.4/spring-boot-test-3.3.4-sources.jar
2026-09-14 15:40:30,892 [Worker-13: Download sources and javadoc] INFO  o.e.m.j.internal.DownloadSourcesJob - Downloaded sources for org.springframework.boot:spring-boot-test:3.3.4
2026-09-14 15:40:31,126 [Worker-13: Download sources and javadoc] INFO  o.e.m.c.i.e.AbstractTransferListenerAdapter - Downloading https://repo.maven.apache.org/maven2/org/springframework/boot/spring-boot-test-autoconfigure/3.3.4/spring-boot-test-autoconfigure-3.3.4-sources.jar
2026-09-14 15:40:31,517 [Worker-13: Download sources and javadoc] INFO  o.e.m.c.i.e.AbstractTransferListenerAdapter - Downloaded https://repo.maven.apache.org/maven2/org/springframework/boot/spring-boot-test-autoconfigure/3.3.4/spring-boot-test-autoconfigure-3.3.4-sources.jar
2026-09-14 15:40:31,525 [Worker-13: Download sources and javadoc] INFO  o.e.m.j.internal.DownloadSourcesJob - Downloaded sources for org.springframework.boot:spring-boot-test-autoconfigure:3.3.4
2026-09-14 15:40:31,764 [Worker-13: Download sources and javadoc] INFO  o.e.m.c.i.e.AbstractTransferListenerAdapter - Downloading https://repo.maven.apache.org/maven2/org/assertj/assertj-core/3.25.3/assertj-core-3.25.3-sources.jar
2026-09-14 15:40:34,784 [Worker-13: Download sources and javadoc] INFO  o.e.m.c.i.e.AbstractTransferListenerAdapter - Downloaded https://repo.maven.apache.org/maven2/org/assertj/assertj-core/3.25.3/assertj-core-3.25.3-sources.jar
2026-09-14 15:40:34,792 [Worker-13: Download sources and javadoc] INFO  o.e.m.j.internal.DownloadSourcesJob - Downloaded sources for org.assertj:assertj-core:3.25.3
2026-09-14 15:40:34,968 [Worker-13: Download sources and javadoc] INFO  o.e.m.c.i.e.AbstractTransferListenerAdapter - Downloading https://repo.maven.apache.org/maven2/org/awaitility/awaitility/4.2.2/awaitility-4.2.2-sources.jar
2026-09-14 15:40:35,121 [Worker-13: Download sources and javadoc] INFO  o.e.m.c.i.e.AbstractTransferListenerAdapter - Downloaded https://repo.maven.apache.org/maven2/org/awaitility/awaitility/4.2.2/awaitility-4.2.2-sources.jar
2026-09-14 15:40:35,130 [Worker-13: Download sources and javadoc] INFO  o.e.m.j.internal.DownloadSourcesJob - Downloaded sources for org.awaitility:awaitility:4.2.2
2026-09-14 15:40:35,341 [Worker-13: Download sources and javadoc] INFO  o.e.m.c.i.e.AbstractTransferListenerAdapter - Downloading https://repo.maven.apache.org/maven2/org/junit/jupiter/junit-jupiter/5.10.3/junit-jupiter-5.10.3-sources.jar
2026-09-14 15:40:35,360 [Worker-13: Download sources and javadoc] INFO  o.e.m.c.i.e.AbstractTransferListenerAdapter - Downloaded https://repo.maven.apache.org/maven2/org/junit/jupiter/junit-jupiter/5.10.3/junit-jupiter-5.10.3-sources.jar
2026-09-14 15:40:35,370 [Worker-13: Download sources and javadoc] INFO  o.e.m.j.internal.DownloadSourcesJob - Downloaded sources for org.junit.jupiter:junit-jupiter:5.10.3
2026-09-14 15:40:35,548 [Worker-13: Download sources and javadoc] INFO  o.e.m.c.i.e.AbstractTransferListenerAdapter - Downloading https://repo.maven.apache.org/maven2/org/junit/jupiter/junit-jupiter-api/5.10.3/junit-jupiter-api-5.10.3-sources.jar
2026-09-14 15:40:35,802 [Worker-13: Download sources and javadoc] INFO  o.e.m.c.i.e.AbstractTransferListenerAdapter - Downloaded https://repo.maven.apache.org/maven2/org/junit/jupiter/junit-jupiter-api/5.10.3/junit-jupiter-api-5.10.3-sources.jar
2026-09-14 15:40:35,810 [Worker-13: Download sources and javadoc] INFO  o.e.m.j.internal.DownloadSourcesJob - Downloaded sources for org.junit.jupiter:junit-jupiter-api:5.10.3
2026-09-14 15:40:35,988 [Worker-13: Download sources and javadoc] INFO  o.e.m.c.i.e.AbstractTransferListenerAdapter - Downloading https://repo.maven.apache.org/maven2/org/junit/platform/junit-platform-commons/1.10.3/junit-platform-commons-1.10.3-sources.jar
2026-09-14 15:40:36,105 [Worker-13: Download sources and javadoc] INFO  o.e.m.c.i.e.AbstractTransferListenerAdapter - Downloaded https://repo.maven.apache.org/maven2/org/junit/platform/junit-platform-commons/1.10.3/junit-platform-commons-1.10.3-sources.jar
2026-09-14 15:40:36,115 [Worker-13: Download sources and javadoc] INFO  o.e.m.j.internal.DownloadSourcesJob - Downloaded sources for org.junit.platform:junit-platform-commons:1.10.3
2026-09-14 15:40:36,335 [Worker-13: Download sources and javadoc] INFO  o.e.m.c.i.e.AbstractTransferListenerAdapter - Downloading https://repo.maven.apache.org/maven2/org/junit/jupiter/junit-jupiter-params/5.10.3/junit-jupiter-params-5.10.3-sources.jar
2026-09-14 15:40:36,453 [Worker-13: Download sources and javadoc] INFO  o.e.m.c.i.e.AbstractTransferListenerAdapter - Downloaded https://repo.maven.apache.org/maven2/org/junit/jupiter/junit-jupiter-params/5.10.3/junit-jupiter-params-5.10.3-sources.jar
2026-09-14 15:40:36,464 [Worker-13: Download sources and javadoc] INFO  o.e.m.j.internal.DownloadSourcesJob - Downloaded sources for org.junit.jupiter:junit-jupiter-params:5.10.3
2026-09-14 15:40:36,648 [Worker-13: Download sources and javadoc] INFO  o.e.m.c.i.e.AbstractTransferListenerAdapter - Downloading https://repo.maven.apache.org/maven2/org/junit/jupiter/junit-jupiter-engine/5.10.3/junit-jupiter-engine-5.10.3-sources.jar
2026-09-14 15:40:36,764 [Worker-13: Download sources and javadoc] INFO  o.e.m.c.i.e.AbstractTransferListenerAdapter - Downloaded https://repo.maven.apache.org/maven2/org/junit/jupiter/junit-jupiter-engine/5.10.3/junit-jupiter-engine-5.10.3-sources.jar
2026-09-14 15:40:36,772 [Worker-13: Download sources and javadoc] INFO  o.e.m.j.internal.DownloadSourcesJob - Downloaded sources for org.junit.jupiter:junit-jupiter-engine:5.10.3
2026-09-14 15:40:36,960 [Worker-13: Download sources and javadoc] INFO  o.e.m.c.i.e.AbstractTransferListenerAdapter - Downloading https://repo.maven.apache.org/maven2/org/junit/platform/junit-platform-engine/1.10.3/junit-platform-engine-1.10.3-sources.jar
2026-09-14 15:40:37,139 [Worker-13: Download sources and javadoc] INFO  o.e.m.c.i.e.AbstractTransferListenerAdapter - Downloaded https://repo.maven.apache.org/maven2/org/junit/platform/junit-platform-engine/1.10.3/junit-platform-engine-1.10.3-sources.jar
2026-09-14 15:40:37,148 [Worker-13: Download sources and javadoc] INFO  o.e.m.j.internal.DownloadSourcesJob - Downloaded sources for org.junit.platform:junit-platform-engine:1.10.3
2026-09-14 15:40:37,337 [Worker-13: Download sources and javadoc] INFO  o.e.m.c.i.e.AbstractTransferListenerAdapter - Downloading https://repo.maven.apache.org/maven2/org/mockito/mockito-core/5.11.0/mockito-core-5.11.0-sources.jar
2026-09-14 15:40:37,949 [Worker-13: Download sources and javadoc] INFO  o.e.m.c.i.e.AbstractTransferListenerAdapter - Downloaded https://repo.maven.apache.org/maven2/org/mockito/mockito-core/5.11.0/mockito-core-5.11.0-sources.jar
2026-09-14 15:40:37,958 [Worker-13: Download sources and javadoc] INFO  o.e.m.j.internal.DownloadSourcesJob - Downloaded sources for org.mockito:mockito-core:5.11.0
2026-09-14 15:40:38,131 [Worker-13: Download sources and javadoc] INFO  o.e.m.c.i.e.AbstractTransferListenerAdapter - Downloading https://repo.maven.apache.org/maven2/net/bytebuddy/byte-buddy-agent/1.14.19/byte-buddy-agent-1.14.19-sources.jar
2026-09-14 15:40:38,475 [Worker-13: Download sources and javadoc] INFO  o.e.m.c.i.e.AbstractTransferListenerAdapter - Downloaded https://repo.maven.apache.org/maven2/net/bytebuddy/byte-buddy-agent/1.14.19/byte-buddy-agent-1.14.19-sources.jar
2026-09-14 15:40:38,482 [Worker-13: Download sources and javadoc] INFO  o.e.m.j.internal.DownloadSourcesJob - Downloaded sources for net.bytebuddy:byte-buddy-agent:1.14.19
2026-09-14 15:40:38,649 [Worker-13: Download sources and javadoc] INFO  o.e.m.c.i.e.AbstractTransferListenerAdapter - Downloading https://repo.maven.apache.org/maven2/org/mockito/mockito-junit-jupiter/5.11.0/mockito-junit-jupiter-5.11.0-sources.jar
2026-09-14 15:40:38,667 [Worker-13: Download sources and javadoc] INFO  o.e.m.c.i.e.AbstractTransferListenerAdapter - Downloaded https://repo.maven.apache.org/maven2/org/mockito/mockito-junit-jupiter/5.11.0/mockito-junit-jupiter-5.11.0-sources.jar
2026-09-14 15:40:38,672 [Worker-13: Download sources and javadoc] INFO  o.e.m.j.internal.DownloadSourcesJob - Downloaded sources for org.mockito:mockito-junit-jupiter:5.11.0
2026-09-14 15:40:38,880 [Worker-13: Download sources and javadoc] INFO  o.e.m.c.i.e.AbstractTransferListenerAdapter - Downloading https://repo.maven.apache.org/maven2/org/springframework/spring-core/6.1.13/spring-core-6.1.13-sources.jar
2026-09-14 15:40:42,653 [Worker-13: Download sources and javadoc] INFO  o.e.m.c.i.e.AbstractTransferListenerAdapter - Downloaded https://repo.maven.apache.org/maven2/org/springframework/spring-core/6.1.13/spring-core-6.1.13-sources.jar
2026-09-14 15:40:42,667 [Worker-13: Download sources and javadoc] INFO  o.e.m.j.internal.DownloadSourcesJob - Downloaded sources for org.springframework:spring-core:6.1.13
2026-09-14 15:40:42,890 [Worker-13: Download sources and javadoc] INFO  o.e.m.c.i.e.AbstractTransferListenerAdapter - Downloading https://repo.maven.apache.org/maven2/org/springframework/spring-jcl/6.1.13/spring-jcl-6.1.13-sources.jar
2026-09-14 15:40:42,967 [Worker-13: Download sources and javadoc] INFO  o.e.m.c.i.e.AbstractTransferListenerAdapter - Downloaded https://repo.maven.apache.org/maven2/org/springframework/spring-jcl/6.1.13/spring-jcl-6.1.13-sources.jar
2026-09-14 15:40:42,974 [Worker-13: Download sources and javadoc] INFO  o.e.m.j.internal.DownloadSourcesJob - Downloaded sources for org.springframework:spring-jcl:6.1.13
2026-09-14 15:40:43,244 [Worker-13: Download sources and javadoc] INFO  o.e.m.c.i.e.AbstractTransferListenerAdapter - Downloading https://repo.maven.apache.org/maven2/org/springframework/spring-test/6.1.13/spring-test-6.1.13-sources.jar
2026-09-14 15:40:45,215 [Worker-13: Download sources and javadoc] INFO  o.e.m.c.i.e.AbstractTransferListenerAdapter - Downloaded https://repo.maven.apache.org/maven2/org/springframework/spring-test/6.1.13/spring-test-6.1.13-sources.jar
2026-09-14 15:40:45,225 [Worker-13: Download sources and javadoc] INFO  o.e.m.j.internal.DownloadSourcesJob - Downloaded sources for org.springframework:spring-test:6.1.13
2026-09-14 15:42:54,832 [Worker-16: reload maven project] WARN  o.e.m.c.i.embedder.EclipseLogger - The artifact mysql:mysql-connector-java:jar:8.0.33 has been relocated to com.mysql:mysql-connector-j:jar:8.0.33: MySQL Connector/J artifacts moved to reverse-DNS compliant Maven 2+ coordinates.
2026-09-14 15:43:38,583 [Worker-1: Building] INFO  o.e.m.c.i.l.LifecycleMappingFactory - Using org.eclipse.m2e.jdt.JarLifecycleMapping lifecycle mapping for MavenProject: com.example:web_2:0.0.1-SNAPSHOT @ C:\Users\andre\eclipse-workspace\proyecto_web2\web_2\bin\pom.xml.
2026-09-14 15:43:38,864 [Worker-1: Building] WARN  o.e.m.c.i.embedder.EclipseLogger - The artifact mysql:mysql-connector-java:jar:8.0.33 has been relocated to com.mysql:mysql-connector-j:jar:8.0.33: MySQL Connector/J artifacts moved to reverse-DNS compliant Maven 2+ coordinates.
2026-09-14 15:43:39,537 [Worker-1: Building] INFO  o.a.m.s.f.DefaultMavenResourcesFiltering - skip non existing resourceDirectory C:\Users\andre\eclipse-workspace\proyecto_web2\web_2\bin\src\main\resources
2026-09-14 15:43:39,538 [Worker-1: Building] INFO  o.a.m.s.f.DefaultMavenResourcesFiltering - skip non existing resourceDirectory C:\Users\andre\eclipse-workspace\proyecto_web2\web_2\bin\src\main\resources
2026-09-14 15:43:39,544 [Worker-1: Building] INFO  o.a.m.s.f.DefaultMavenResourcesFiltering - skip non existing resourceDirectory C:\Users\andre\eclipse-workspace\proyecto_web2\web_2\bin\src\test\resources
2026-09-14 15:43:39,573 [Worker-1: Building] WARN  o.apache.maven.project.MavenProject - Plugin is modifying compileSourceRoots through clear(), which will not work in Maven 4.0.0. Use MavenProject.addCompileSourceRoot()/removeCompileSourceRoot() methods instead. If using a plugin, please upgrade to the latest version or report the issue to the plugin maintainer. To disable these warnings, set -Dmaven.project.sourceRoots.warningsDisabled=true on the command line, in the .mvn/maven.config file, or in project POM properties.
2026-09-14 15:43:39,574 [Worker-1: Building] WARN  o.apache.maven.project.MavenProject - Plugin is modifying compileSourceRoots through add(), which will not work in Maven 4.0.0. Use MavenProject.addCompileSourceRoot()/removeCompileSourceRoot() methods instead. If using a plugin, please upgrade to the latest version or report the issue to the plugin maintainer. To disable these warnings, set -Dmaven.project.sourceRoots.warningsDisabled=true on the command line, in the .mvn/maven.config file, or in project POM properties.
2026-09-14 15:43:39,575 [Worker-1: Building] WARN  o.apache.maven.project.MavenProject - Plugin is modifying testCompileSourceRoots through clear(), which will not work in Maven 4.0.0. Use MavenProject.addTestCompileSourceRoot()/removeTestCompileSourceRoot() methods instead. If using a plugin, please upgrade to the latest version or report the issue to the plugin maintainer. To disable these warnings, set -Dmaven.project.sourceRoots.warningsDisabled=true on the command line, in the .mvn/maven.config file, or in project POM properties.
2026-09-14 15:43:39,576 [Worker-1: Building] WARN  o.apache.maven.project.MavenProject - Plugin is modifying testCompileSourceRoots through add(), which will not work in Maven 4.0.0. Use MavenProject.addTestCompileSourceRoot()/removeTestCompileSourceRoot() methods instead. If using a plugin, please upgrade to the latest version or report the issue to the plugin maintainer. To disable these warnings, set -Dmaven.project.sourceRoots.warningsDisabled=true on the command line, in the .mvn/maven.config file, or in project POM properties.
2026-09-14 15:43:40,326 [Worker-10: Building] INFO  o.e.m.c.i.l.LifecycleMappingFactory - Using org.eclipse.m2e.jdt.JarLifecycleMapping lifecycle mapping for MavenProject: com.example:web_2:0.0.1-SNAPSHOT @ C:\Users\andre\eclipse-workspace\proyecto_web2\web_2\bin\pom.xml.
2026-09-14 15:43:40,578 [Worker-10: Building] WARN  o.e.m.c.i.embedder.EclipseLogger - The artifact mysql:mysql-connector-java:jar:8.0.33 has been relocated to com.mysql:mysql-connector-j:jar:8.0.33: MySQL Connector/J artifacts moved to reverse-DNS compliant Maven 2+ coordinates.
2026-09-14 15:43:41,170 [Worker-10: Building] INFO  o.a.m.s.f.DefaultMavenResourcesFiltering - skip non existing resourceDirectory C:\Users\andre\eclipse-workspace\proyecto_web2\web_2\bin\src\main\resources
2026-09-14 15:43:41,170 [Worker-10: Building] INFO  o.a.m.s.f.DefaultMavenResourcesFiltering - skip non existing resourceDirectory C:\Users\andre\eclipse-workspace\proyecto_web2\web_2\bin\src\main\resources
2026-09-14 15:43:41,174 [Worker-10: Building] INFO  o.a.m.s.f.DefaultMavenResourcesFiltering - skip non existing resourceDirectory C:\Users\andre\eclipse-workspace\proyecto_web2\web_2\bin\src\test\resources
2026-09-14 15:43:41,205 [Worker-10: Building] WARN  o.apache.maven.project.MavenProject - Plugin is modifying compileSourceRoots through clear(), which will not work in Maven 4.0.0. Use MavenProject.addCompileSourceRoot()/removeCompileSourceRoot() methods instead. If using a plugin, please upgrade to the latest version or report the issue to the plugin maintainer. To disable these warnings, set -Dmaven.project.sourceRoots.warningsDisabled=true on the command line, in the .mvn/maven.config file, or in project POM properties.
2026-09-14 15:43:41,207 [Worker-10: Building] WARN  o.apache.maven.project.MavenProject - Plugin is modifying compileSourceRoots through add(), which will not work in Maven 4.0.0. Use MavenProject.addCompileSourceRoot()/removeCompileSourceRoot() methods instead. If using a plugin, please upgrade to the latest version or report the issue to the plugin maintainer. To disable these warnings, set -Dmaven.project.sourceRoots.warningsDisabled=true on the command line, in the .mvn/maven.config file, or in project POM properties.
2026-09-14 15:43:41,207 [Worker-10: Building] WARN  o.apache.maven.project.MavenProject - Plugin is modifying testCompileSourceRoots through clear(), which will not work in Maven 4.0.0. Use MavenProject.addTestCompileSourceRoot()/removeTestCompileSourceRoot() methods instead. If using a plugin, please upgrade to the latest version or report the issue to the plugin maintainer. To disable these warnings, set -Dmaven.project.sourceRoots.warningsDisabled=true on the command line, in the .mvn/maven.config file, or in project POM properties.
2026-09-14 15:43:41,208 [Worker-10: Building] WARN  o.apache.maven.project.MavenProject - Plugin is modifying testCompileSourceRoots through add(), which will not work in Maven 4.0.0. Use MavenProject.addTestCompileSourceRoot()/removeTestCompileSourceRoot() methods instead. If using a plugin, please upgrade to the latest version or report the issue to the plugin maintainer. To disable these warnings, set -Dmaven.project.sourceRoots.warningsDisabled=true on the command line, in the .mvn/maven.config file, or in project POM properties.
2026-09-14 15:43:45,091 [Worker-10: reload maven project] WARN  o.e.m.c.i.embedder.EclipseLogger - The artifact mysql:mysql-connector-java:jar:8.0.33 has been relocated to com.mysql:mysql-connector-j:jar:8.0.33: MySQL Connector/J artifacts moved to reverse-DNS compliant Maven 2+ coordinates.
2026-09-14 15:44:15,694 [Worker-36: Updating Maven Project] INFO  o.e.m.c.i.p.ProjectConfigurationManager - Update started
2026-09-14 15:44:15,725 [Worker-36: Updating Maven Project] INFO  o.e.m.c.i.p.ProjectConfigurationManager - Update completed for 2 poms: local refresh takes 0,00 sec, refresh facades takes 0,00 sec, update config takes 0,00 sec 
2026-09-14 15:44:41,053 [Worker-1: reload maven project] WARN  o.e.m.c.i.embedder.EclipseLogger - The artifact mysql:mysql-connector-java:jar:8.0.33 has been relocated to com.mysql:mysql-connector-j:jar:8.0.33: MySQL Connector/J artifacts moved to reverse-DNS compliant Maven 2+ coordinates.
2026-09-14 15:44:41,646 [Worker-1: reload maven project] WARN  o.e.m.c.i.embedder.EclipseLogger - The artifact mysql:mysql-connector-java:jar:8.0.33 has been relocated to com.mysql:mysql-connector-j:jar:8.0.33: MySQL Connector/J artifacts moved to reverse-DNS compliant Maven 2+ coordinates.
2026-09-14 15:46:05,133 [Worker-33: reload maven project] WARN  o.e.m.c.i.embedder.EclipseLogger - The artifact mysql:mysql-connector-java:jar:8.0.33 has been relocated to com.mysql:mysql-connector-j:jar:8.0.33: MySQL Connector/J artifacts moved to reverse-DNS compliant Maven 2+ coordinates.
2026-09-14 15:49:58,537 [Worker-37: reload maven project] WARN  o.e.m.c.i.embedder.EclipseLogger - The artifact mysql:mysql-connector-java:jar:8.0.33 has been relocated to com.mysql:mysql-connector-j:jar:8.0.33: MySQL Connector/J artifacts moved to reverse-DNS compliant Maven 2+ coordinates.
2026-09-14 15:50:05,642 [Worker-47: reload maven project] WARN  o.e.m.c.i.embedder.EclipseLogger - The artifact mysql:mysql-connector-java:jar:8.0.33 has been relocated to com.mysql:mysql-connector-j:jar:8.0.33: MySQL Connector/J artifacts moved to reverse-DNS compliant Maven 2+ coordinates.
2026-09-14 15:52:19,527 [Worker-46: reload maven project] WARN  o.e.m.c.i.embedder.EclipseLogger - The artifact mysql:mysql-connector-java:jar:8.0.33 has been relocated to com.mysql:mysql-connector-j:jar:8.0.33: MySQL Connector/J artifacts moved to reverse-DNS compliant Maven 2+ coordinates.
2026-09-14 15:59:08,281 [Worker-47: Updating Maven Project] INFO  o.e.m.c.i.p.ProjectConfigurationManager - Update started
2026-09-14 15:59:08,311 [Worker-47: Updating Maven Project] INFO  o.e.m.c.i.p.ProjectConfigurationManager - Update completed for 2 poms: local refresh takes 0,00 sec, refresh facades takes 0,00 sec, update config takes 0,00 sec 
2026-09-14 19:06:58,630 [Worker-10: Loading available Gradle versions] INFO  o.e.b.c.i.u.g.PublishedGradleVersions - Gradle version information cache is up-to-date. Trying to read.
2026-09-14 19:07:40,382 [Worker-40: reload maven project] WARN  o.e.m.c.i.embedder.EclipseLogger - The artifact mysql:mysql-connector-java:jar:8.0.33 has been relocated to com.mysql:mysql-connector-j:jar:8.0.33: MySQL Connector/J artifacts moved to reverse-DNS compliant Maven 2+ coordinates.
2026-09-14 19:07:41,110 [Worker-40: reload maven project] WARN  o.e.m.c.i.embedder.EclipseLogger - The artifact mysql:mysql-connector-java:jar:8.0.33 has been relocated to com.mysql:mysql-connector-j:jar:8.0.33: MySQL Connector/J artifacts moved to reverse-DNS compliant Maven 2+ coordinates.
